Amount,Payment_Method,Bank,Previous_Failures,Attempt_Number,Error,Original_Status,Risk_Percentage,Risk_Level,Recovery_Action
9508,UPI,Bank_A,1,2,NONE,SUCCESS,33.6,MEDIUM,"Continue payment, but offer an alternate payment method if it fails."
3264,UPI,Bank_A,0,1,NONE,SUCCESS,11.03,LOW,Continue payment normally.
7974,NET_BANKING,Bank_D,2,3,AUTH_ERROR,FAILED,89.03,HIGH,Complete authentication and retry the payment.
14777,CARD,Bank_C,0,1,AUTH_ERROR,SUCCESS,61.92,MEDIUM,Complete authentication and retry the payment.
17363,CARD,Bank_B,1,2,NONE,FAILED,42.93,MEDIUM,"Continue payment, but offer an alternate payment method if it fails."
18205,UPI,Bank_D,0,1,NONE,FAILED,18.48,LOW,Continue payment normally.
1811,NET_BANKING,Bank_C,2,3,AUTH_ERROR,FAILED,91.29,HIGH,Complete authentication and retry the payment.
10475,CARD,Bank_B,2,3,CARD_DECLINED,FAILED,84.18,HIGH,Try UPI or Net Banking instead of the card.
16534,UPI,Bank_A,0,1,NONE,FAILED,14.31,LOW,Continue payment normally.
14258,UPI,Bank_B,0,1,BANK_ERROR,FAILED,38.83,MEDIUM,Try another bank or payment method.
15474,UPI,Bank_C,3,4,NETWORK_ERROR,FAILED,96.37,HIGH,Retry after a short delay or use another payment method.
2602,UPI,Bank_B,0,1,NONE,SUCCESS,13.71,LOW,Continue payment normally.
6554,CARD,Bank_C,1,2,AUTH_ERROR,SUCCESS,80.61,HIGH,Complete authentication and retry the payment.
1088,UPI,Bank_A,0,1,NONE,SUCCESS,11.89,LOW,Continue payment normally.
19968,UPI,Bank_B,0,1,NONE,SUCCESS,16.95,LOW,Continue payment normally.
10779,NET_BANKING,Bank_B,0,1,NONE,SUCCESS,16.26,LOW,Continue payment normally.
9657,NET_BANKING,Bank_D,2,3,NETWORK_ERROR,FAILED,88.41,HIGH,Retry after a short delay or use another payment method.
16334,UPI,Bank_D,0,1,NONE,SUCCESS,18.15,LOW,Continue payment normally.
1955,CARD,Bank_B,0,1,NONE,SUCCESS,15.19,LOW,Continue payment normally.
4413,UPI,Bank_B,0,1,NONE,SUCCESS,11.04,LOW,Continue payment normally.
5801,UPI,Bank_C,1,2,NONE,SUCCESS,41.1,MEDIUM,"Continue payment, but offer an alternate payment method if it fails."
4565,UPI,Bank_A,3,4,BANK_ERROR,FAILED,92.73,HIGH,Try another bank or payment method.
2210,UPI,Bank_B,0,1,NONE,FAILED,15.6,LOW,Continue payment normally.
10551,NET_BANKING,Bank_B,1,2,AUTH_ERROR,FAILED,74.53,HIGH,Complete authentication and retry the payment.
6001,UPI,Bank_C,0,1,NONE,SUCCESS,22.24,LOW,Continue payment normally.
11282,UPI,Bank_C,0,1,NONE,SUCCESS,19.88,LOW,Continue payment normally.
2046,CARD,Bank_A,2,3,AUTH_ERROR,FAILED,87.16,HIGH,Complete authentication and retry the payment.
8361,NET_BANKING,Bank_D,0,1,BANK_ERROR,SUCCESS,50.12,MEDIUM,Try another bank or payment method.
13965,UPI,Bank_B,1,2,NETWORK_ERROR,FAILED,70.38,HIGH,Retry after a short delay or use another payment method.
5422,UPI,Bank_D,1,2,NONE,FAILED,36.15,MEDIUM,"Continue payment, but offer an alternate payment method if it fails."
13112,NET_BANKING,Bank_D,1,2,NONE,FAILED,47.39,MEDIUM,"Continue payment, but offer an alternate payment method if it fails."
8529,UPI,Bank_A,0,1,NONE,SUCCESS,13.37,LOW,Continue payment normally.
18321,UPI,Bank_D,0,1,NETWORK_ERROR,FAILED,54.48,MEDIUM,Retry after a short delay or use another payment method.
13664,UPI,Bank_A,0,1,NETWORK_ERROR,FAILED,47.15,MEDIUM,Retry after a short delay or use another payment method.
2850,CARD,Bank_C,0,1,NONE,SUCCESS,22.44,LOW,Continue payment normally.
7484,NET_BANKING,Bank_D,1,2,BANK_ERROR,FAILED,72.12,HIGH,Try another bank or payment method.
16792,NET_BANKING,Bank_A,0,1,NONE,SUCCESS,15.08,LOW,Continue payment normally.
653,CARD,Bank_A,0,1,NONE,SUCCESS,14.53,LOW,Continue payment normally.
14432,CARD,Bank_A,0,1,CARD_DECLINED,FAILED,40.12,MEDIUM,Try UPI or Net Banking instead of the card.
1475,CARD,Bank_D,1,2,NONE,FAILED,47.23,MEDIUM,"Continue payment, but offer an alternate payment method if it fails."
13053,UPI,Bank_D,2,3,NETWORK_ERROR,FAILED,90.05,HIGH,Retry after a short delay or use another payment method.
1051,CARD,Bank_D,2,3,NONE,FAILED,66.43,MEDIUM,"Continue payment, but offer an alternate payment method if it fails."
18173,CARD,Bank_C,0,1,NONE,FAILED,24.87,LOW,Continue payment normally.
4244,NET_BANKING,Bank_A,0,1,AUTH_ERROR,FAILED,41.62,MEDIUM,Complete authentication and retry the payment.
7617,UPI,Bank_B,0,1,NETWORK_ERROR,SUCCESS,32.85,MEDIUM,Retry after a short delay or use another payment method.
6404,UPI,Bank_A,0,1,NONE,SUCCESS,12.21,LOW,Continue payment normally.
1758,UPI,Bank_B,0,1,NONE,SUCCESS,13.21,LOW,Continue payment normally.
10494,CARD,Bank_C,2,3,AUTH_ERROR,FAILED,92.34,HIGH,Complete authentication and retry the payment.
14881,UPI,Bank_A,1,2,BANK_ERROR,FAILED,71.65,HIGH,Try another bank or payment method.
17521,CARD,Bank_D,0,1,NONE,FAILED,23.31,LOW,Continue payment normally.
8595,CARD,Bank_B,0,1,NONE,SUCCESS,17.75,LOW,Continue payment normally.
8888,CARD,Bank_C,0,1,NETWORK_ERROR,FAILED,62.46,MEDIUM,Retry after a short delay or use another payment method.
17720,CARD,Bank_A,2,3,AUTH_ERROR,FAILED,89.67,HIGH,Complete authentication and retry the payment.
16936,UPI,Bank_A,2,3,NONE,FAILED,57.01,MEDIUM,"Continue payment, but offer an alternate payment method if it fails."
7327,UPI,Bank_D,3,4,BANK_ERROR,FAILED,95.56,HIGH,Try another bank or payment method.
4238,UPI,Bank_D,0,1,NONE,SUCCESS,17.47,LOW,Continue payment normally.
12821,UPI,Bank_B,0,1,BANK_ERROR,SUCCESS,37.68,MEDIUM,Try another bank or payment method.
17789,NET_BANKING,Bank_B,1,2,NONE,SUCCESS,38.34,MEDIUM,"Continue payment, but offer an alternate payment method if it fails."
2296,NET_BANKING,Bank_A,0,1,NONE,FAILED,16.34,LOW,Continue payment normally.
17517,UPI,Bank_A,1,2,BANK_ERROR,FAILED,68.0,MEDIUM,Try another bank or payment method.
1968,UPI,Bank_C,0,1,NONE,FAILED,17.05,LOW,Continue payment normally.
9845,NET_BANKING,Bank_B,0,1,AUTH_ERROR,FAILED,45.3,MEDIUM,Complete authentication and retry the payment.
1834,UPI,Bank_C,1,2,AUTH_ERROR,FAILED,72.9,HIGH,Complete authentication and retry the payment.
791,UPI,Bank_D,0,1,NONE,SUCCESS,19.68,LOW,Continue payment normally.
18849,UPI,Bank_B,3,4,AUTH_ERROR,FAILED,94.93,HIGH,Complete authentication and retry the payment.
3371,UPI,Bank_C,1,2,AUTH_ERROR,FAILED,77.34,HIGH,Complete authentication and retry the payment.
3987,NET_BANKING,Bank_D,0,1,NONE,SUCCESS,22.61,LOW,Continue payment normally.
16974,CARD,Bank_D,0,1,NETWORK_ERROR,FAILED,49.06,MEDIUM,Retry after a short delay or use another payment method.
14612,UPI,Bank_C,0,1,NETWORK_ERROR,FAILED,58.79,MEDIUM,Retry after a short delay or use another payment method.
15507,UPI,Bank_C,1,2,BANK_ERROR,FAILED,76.69,HIGH,Try another bank or payment method.
18326,NET_BANKING,Bank_C,1,2,AUTH_ERROR,FAILED,82.13,HIGH,Complete authentication and retry the payment.
8220,UPI,Bank_A,1,2,NONE,SUCCESS,30.84,MEDIUM,"Continue payment, but offer an alternate payment method if it fails."
13613,NET_BANKING,Bank_A,0,1,NONE,FAILED,14.41,LOW,Continue payment normally.
11123,UPI,Bank_B,0,1,NETWORK_ERROR,SUCCESS,39.19,MEDIUM,Retry after a short delay or use another payment method.
12818,CARD,Bank_D,0,1,NONE,SUCCESS,19.48,LOW,Continue payment normally.
13948,NET_BANKING,Bank_A,2,3,BANK_ERROR,FAILED,87.34,HIGH,Try another bank or payment method.
14422,UPI,Bank_A,1,2,AUTH_ERROR,SUCCESS,66.69,MEDIUM,Complete authentication and retry the payment.
19399,UPI,Bank_C,1,2,NETWORK_ERROR,SUCCESS,77.86,HIGH,Retry after a short delay or use another payment method.
4822,NET_BANKING,Bank_C,0,1,NONE,SUCCESS,19.11,LOW,Continue payment normally.
1619,UPI,Bank_D,1,2,NONE,FAILED,37.7,MEDIUM,"Continue payment, but offer an alternate payment method if it fails."
6673,UPI,Bank_C,0,1,NONE,SUCCESS,18.08,LOW,Continue payment normally.
18195,CARD,Bank_A,0,1,NONE,SUCCESS,21.97,LOW,Continue payment normally.
1789,UPI,Bank_A,0,1,NONE,SUCCESS,13.72,LOW,Continue payment normally.
15654,UPI,Bank_D,1,2,BANK_ERROR,FAILED,73.81,HIGH,Try another bank or payment method.
12212,CARD,Bank_B,1,2,CARD_DECLINED,SUCCESS,73.18,HIGH,Try UPI or Net Banking instead of the card.
12957,CARD,Bank_B,2,3,CARD_DECLINED,FAILED,87.4,HIGH,Try UPI or Net Banking instead of the card.
12121,UPI,Bank_C,0,1,NONE,SUCCESS,20.55,LOW,Continue payment normally.
15728,UPI,Bank_C,0,1,NONE,SUCCESS,18.74,LOW,Continue payment normally.
11820,UPI,Bank_C,1,2,NETWORK_ERROR,SUCCESS,79.29,HIGH,Retry after a short delay or use another payment method.
7449,UPI,Bank_A,0,1,NONE,SUCCESS,14.72,LOW,Continue payment normally.
2771,CARD,Bank_B,0,1,NONE,SUCCESS,16.79,LOW,Continue payment normally.
18757,CARD,Bank_B,2,3,CARD_DECLINED,FAILED,87.3,HIGH,Try UPI or Net Banking instead of the card.
18642,UPI,Bank_B,1,2,NONE,FAILED,37.93,MEDIUM,"Continue payment, but offer an alternate payment method if it fails."
11194,CARD,Bank_A,0,1,NONE,FAILED,20.61,LOW,Continue payment normally.
10573,CARD,Bank_A,1,2,CARD_DECLINED,FAILED,65.7,MEDIUM,Try UPI or Net Banking instead of the card.
13511,CARD,Bank_A,0,1,NONE,SUCCESS,15.06,LOW,Continue payment normally.
18251,CARD,Bank_C,0,1,NONE,FAILED,25.16,LOW,Continue payment normally.
14631,CARD,Bank_C,0,1,CARD_DECLINED,SUCCESS,58.9,MEDIUM,Try UPI or Net Banking instead of the card.
13678,UPI,Bank_D,2,3,BANK_ERROR,FAILED,88.72,HIGH,Try another bank or payment method.
5167,NET_BANKING,Bank_A,0,1,NONE,SUCCESS,14.33,LOW,Continue payment normally.
7414,UPI,Bank_A,0,1,NONE,SUCCESS,12.0,LOW,Continue payment normally.
2455,UPI,Bank_A,1,2,NETWORK_ERROR,FAILED,67.39,MEDIUM,Retry after a short delay or use another payment method.
3178,UPI,Bank_A,0,1,NONE,SUCCESS,11.18,LOW,Continue payment normally.
11680,CARD,Bank_B,1,2,CARD_DECLINED,FAILED,63.98,MEDIUM,Try UPI or Net Banking instead of the card.
11985,CARD,Bank_B,2,3,CARD_DECLINED,FAILED,87.79,HIGH,Try UPI or Net Banking instead of the card.
5897,CARD,Bank_A,1,2,CARD_DECLINED,SUCCESS,69.34,MEDIUM,Try UPI or Net Banking instead of the card.
19128,CARD,Bank_A,0,1,NONE,SUCCESS,15.29,LOW,Continue payment normally.
18832,NET_BANKING,Bank_A,0,1,NONE,SUCCESS,16.64,LOW,Continue payment normally.
12682,CARD,Bank_A,0,1,NONE,SUCCESS,18.64,LOW,Continue payment normally.
13740,UPI,Bank_B,1,2,NONE,SUCCESS,36.96,MEDIUM,"Continue payment, but offer an alternate payment method if it fails."
19943,CARD,Bank_D,2,3,AUTH_ERROR,FAILED,90.65,HIGH,Complete authentication and retry the payment.
2575,NET_BANKING,Bank_B,0,1,NONE,SUCCESS,13.83,LOW,Continue payment normally.
13800,UPI,Bank_B,0,1,NONE,SUCCESS,15.33,LOW,Continue payment normally.
12170,CARD,Bank_B,0,1,NONE,SUCCESS,15.3,LOW,Continue payment normally.
11122,NET_BANKING,Bank_D,0,1,NETWORK_ERROR,FAILED,49.12,MEDIUM,Retry after a short delay or use another payment method.
13899,UPI,Bank_D,1,2,NONE,SUCCESS,36.28,MEDIUM,"Continue payment, but offer an alternate payment method if it fails."
1727,CARD,Bank_C,0,1,NONE,FAILED,25.36,LOW,Continue payment normally.
7933,CARD,Bank_C,1,2,NONE,FAILED,48.71,MEDIUM,"Continue payment, but offer an alternate payment method if it fails."
3186,CARD,Bank_D,0,1,NONE,FAILED,17.52,LOW,Continue payment normally.
6715,UPI,Bank_B,0,1,NETWORK_ERROR,SUCCESS,37.62,MEDIUM,Retry after a short delay or use another payment method.
15067,NET_BANKING,Bank_B,0,1,NONE,SUCCESS,15.46,LOW,Continue payment normally.
15620,NET_BANKING,Bank_B,0,1,NONE,SUCCESS,15.77,LOW,Continue payment normally.
702,UPI,Bank_A,0,1,NONE,SUCCESS,13.77,LOW,Continue payment normally.
8453,UPI,Bank_D,3,4,BANK_ERROR,FAILED,96.4,HIGH,Try another bank or payment method.
1158,CARD,Bank_D,2,3,AUTH_ERROR,FAILED,90.9,HIGH,Complete authentication and retry the payment.
5466,UPI,Bank_C,3,4,BANK_ERROR,FAILED,96.49,HIGH,Try another bank or payment method.
19814,UPI,Bank_B,1,2,NONE,SUCCESS,34.27,MEDIUM,"Continue payment, but offer an alternate payment method if it fails."
18088,UPI,Bank_B,0,1,NONE,SUCCESS,16.42,LOW,Continue payment normally.
19980,CARD,Bank_A,3,4,CARD_DECLINED,FAILED,95.67,HIGH,Try UPI or Net Banking instead of the card.
4746,UPI,Bank_A,1,2,NONE,SUCCESS,33.75,MEDIUM,"Continue payment, but offer an alternate payment method if it fails."
12863,UPI,Bank_A,0,1,NONE,SUCCESS,13.6,LOW,Continue payment normally.
9967,UPI,Bank_A,0,1,NONE,SUCCESS,11.83,LOW,Continue payment normally.
16703,CARD,Bank_C,0,1,NONE,FAILED,22.84,LOW,Continue payment normally.
1339,CARD,Bank_A,3,4,CARD_DECLINED,FAILED,93.45,HIGH,Try UPI or Net Banking instead of the card.
14529,UPI,Bank_A,0,1,NONE,SUCCESS,15.2,LOW,Continue payment normally.
11302,CARD,Bank_A,0,1,NONE,FAILED,14.52,LOW,Continue payment normally.
11284,CARD,Bank_D,2,3,CARD_DECLINED,FAILED,91.36,HIGH,Try UPI or Net Banking instead of the card.
3775,UPI,Bank_C,0,1,NETWORK_ERROR,SUCCESS,45.11,MEDIUM,Retry after a short delay or use another payment method.
770,CARD,Bank_A,0,1,NONE,SUCCESS,14.17,LOW,Continue payment normally.
4085,CARD,Bank_C,0,1,NONE,SUCCESS,25.27,LOW,Continue payment normally.
1982,UPI,Bank_B,1,2,NONE,SUCCESS,26.87,LOW,Continue payment normally.
13150,NET_BANKING,Bank_B,2,3,NONE,FAILED,67.39,MEDIUM,"Continue payment, but offer an alternate payment method if it fails."
429,UPI,Bank_C,0,1,NONE,SUCCESS,18.16,LOW,Continue payment normally.
2885,UPI,Bank_B,0,1,NONE,SUCCESS,11.49,LOW,Continue payment normally.
11441,CARD,Bank_C,1,2,NONE,FAILED,49.74,MEDIUM,"Continue payment, but offer an alternate payment method if it fails."
7092,UPI,Bank_A,0,1,NONE,SUCCESS,14.1,LOW,Continue payment normally.
3144,NET_BANKING,Bank_A,1,2,NONE,FAILED,31.83,MEDIUM,"Continue payment, but offer an alternate payment method if it fails."
8215,CARD,Bank_B,0,1,NETWORK_ERROR,FAILED,39.94,MEDIUM,Retry after a short delay or use another payment method.
4964,CARD,Bank_A,0,1,NONE,SUCCESS,15.39,LOW,Continue payment normally.
19777,UPI,Bank_B,1,2,NONE,SUCCESS,31.86,MEDIUM,"Continue payment, but offer an alternate payment method if it fails."
10395,UPI,Bank_B,0,1,NONE,SUCCESS,16.04,LOW,Continue payment normally.
7793,UPI,Bank_B,0,1,NONE,SUCCESS,13.86,LOW,Continue payment normally.
279,UPI,Bank_C,1,2,BANK_ERROR,FAILED,70.45,HIGH,Try another bank or payment method.
4666,UPI,Bank_A,1,2,NONE,SUCCESS,32.0,MEDIUM,"Continue payment, but offer an alternate payment method if it fails."
15939,UPI,Bank_A,3,4,NETWORK_ERROR,FAILED,94.57,HIGH,Retry after a short delay or use another payment method.
6399,UPI,Bank_A,0,1,NONE,SUCCESS,13.99,LOW,Continue payment normally.
13865,CARD,Bank_B,0,1,AUTH_ERROR,SUCCESS,48.94,MEDIUM,Complete authentication and retry the payment.
16233,NET_BANKING,Bank_C,0,1,NONE,FAILED,25.19,LOW,Continue payment normally.
19658,UPI,Bank_C,1,2,NONE,SUCCESS,47.83,MEDIUM,"Continue payment, but offer an alternate payment method if it fails."
11076,UPI,Bank_D,0,1,NONE,SUCCESS,19.86,LOW,Continue payment normally.
3176,CARD,Bank_D,1,2,CARD_DECLINED,SUCCESS,69.43,MEDIUM,Try UPI or Net Banking instead of the card.
11872,UPI,Bank_C,3,4,BANK_ERROR,FAILED,95.97,HIGH,Try another bank or payment method.
15555,NET_BANKING,Bank_B,0,1,BANK_ERROR,SUCCESS,43.62,MEDIUM,Try another bank or payment method.
2694,NET_BANKING,Bank_A,2,3,NETWORK_ERROR,FAILED,86.99,HIGH,Retry after a short delay or use another payment method.
17689,UPI,Bank_A,0,1,NONE,FAILED,12.13,LOW,Continue payment normally.
9440,NET_BANKING,Bank_B,0,1,NONE,SUCCESS,14.23,LOW,Continue payment normally.
7612,CARD,Bank_C,1,2,NONE,SUCCESS,48.25,MEDIUM,"Continue payment, but offer an alternate payment method if it fails."
541,UPI,Bank_A,0,1,NONE,SUCCESS,13.92,LOW,Continue payment normally.
5071,UPI,Bank_B,0,1,NONE,SUCCESS,14.06,LOW,Continue payment normally.
16197,CARD,Bank_A,0,1,NONE,SUCCESS,21.57,LOW,Continue payment normally.
17438,UPI,Bank_C,1,2,NETWORK_ERROR,FAILED,81.3,HIGH,Retry after a short delay or use another payment method.
13736,UPI,Bank_C,0,1,NONE,FAILED,23.29,LOW,Continue payment normally.
11730,UPI,Bank_B,1,2,NETWORK_ERROR,SUCCESS,63.92,MEDIUM,Retry after a short delay or use another payment method.
11699,UPI,Bank_D,0,1,NONE,SUCCESS,15.85,LOW,Continue payment normally.
19897,UPI,Bank_C,0,1,NONE,SUCCESS,19.74,LOW,Continue payment normally.
17099,CARD,Bank_C,0,1,NONE,FAILED,24.92,LOW,Continue payment normally.
17613,UPI,Bank_A,1,2,BANK_ERROR,SUCCESS,65.23,MEDIUM,Try another bank or payment method.
16906,UPI,Bank_C,1,2,NONE,SUCCESS,46.63,MEDIUM,"Continue payment, but offer an alternate payment method if it fails."
2630,CARD,Bank_B,2,3,CARD_DECLINED,FAILED,83.59,HIGH,Try UPI or Net Banking instead of the card.
2351,CARD,Bank_A,1,2,CARD_DECLINED,SUCCESS,67.77,MEDIUM,Try UPI or Net Banking instead of the card.
12250,UPI,Bank_A,0,1,NONE,SUCCESS,12.62,LOW,Continue payment normally.
9132,CARD,Bank_B,0,1,NONE,FAILED,15.45,LOW,Continue payment normally.
7850,UPI,Bank_D,0,1,NONE,SUCCESS,15.65,LOW,Continue payment normally.
7027,CARD,Bank_C,0,1,NONE,SUCCESS,23.61,LOW,Continue payment normally.
1707,UPI,Bank_A,1,2,NONE,FAILED,31.59,MEDIUM,"Continue payment, but offer an alternate payment method if it fails."
6351,UPI,Bank_A,1,2,NONE,SUCCESS,27.81,LOW,Continue payment normally.
12678,NET_BANKING,Bank_C,1,2,NETWORK_ERROR,SUCCESS,82.04,HIGH,Retry after a short delay or use another payment method.
213,UPI,Bank_B,0,1,NONE,SUCCESS,13.19,LOW,Continue payment normally.
15049,NET_BANKING,Bank_D,2,3,NONE,FAILED,71.5,HIGH,"Continue payment, but offer an alternate payment method if it fails."
8500,UPI,Bank_B,2,3,BANK_ERROR,FAILED,85.38,HIGH,Try another bank or payment method.
2057,CARD,Bank_A,0,1,NETWORK_ERROR,FAILED,43.01,MEDIUM,Retry after a short delay or use another payment method.
3785,UPI,Bank_B,0,1,NONE,SUCCESS,11.45,LOW,Continue payment normally.
8517,UPI,Bank_A,0,1,NONE,SUCCESS,12.82,LOW,Continue payment normally.
1561,CARD,Bank_A,0,1,NONE,SUCCESS,15.26,LOW,Continue payment normally.
2590,UPI,Bank_B,0,1,NETWORK_ERROR,FAILED,43.23,MEDIUM,Retry after a short delay or use another payment method.
5961,UPI,Bank_C,0,1,NONE,FAILED,19.14,LOW,Continue payment normally.
8196,UPI,Bank_C,0,1,NONE,FAILED,18.35,LOW,Continue payment normally.
12095,UPI,Bank_A,0,1,NONE,SUCCESS,13.13,LOW,Continue payment normally.
12449,UPI,Bank_A,1,2,NONE,FAILED,36.53,MEDIUM,"Continue payment, but offer an alternate payment method if it fails."
1682,CARD,Bank_B,0,1,AUTH_ERROR,SUCCESS,45.37,MEDIUM,Complete authentication and retry the payment.
14163,CARD,Bank_A,0,1,NONE,SUCCESS,15.99,LOW,Continue payment normally.
8811,UPI,Bank_C,1,2,AUTH_ERROR,FAILED,76.52,HIGH,Complete authentication and retry the payment.
15468,UPI,Bank_C,0,1,BANK_ERROR,FAILED,57.38,MEDIUM,Try another bank or payment method.
8573,UPI,Bank_D,1,2,AUTH_ERROR,SUCCESS,71.03,HIGH,Complete authentication and retry the payment.
19172,UPI,Bank_A,0,1,NONE,SUCCESS,12.99,LOW,Continue payment normally.
6252,CARD,Bank_B,1,2,NETWORK_ERROR,FAILED,75.14,HIGH,Retry after a short delay or use another payment method.
17850,UPI,Bank_B,1,2,NONE,SUCCESS,31.68,MEDIUM,"Continue payment, but offer an alternate payment method if it fails."
8648,UPI,Bank_B,0,1,NONE,SUCCESS,16.41,LOW,Continue payment normally.
10986,CARD,Bank_B,0,1,NONE,SUCCESS,17.95,LOW,Continue payment normally.
13245,UPI,Bank_D,0,1,NONE,SUCCESS,19.27,LOW,Continue payment normally.
4846,CARD,Bank_D,0,1,NONE,FAILED,21.01,LOW,Continue payment normally.
12157,UPI,Bank_C,0,1,NONE,FAILED,25.85,LOW,Continue payment normally.
13025,NET_BANKING,Bank_D,0,1,BANK_ERROR,FAILED,53.45,MEDIUM,Try another bank or payment method.
2665,UPI,Bank_B,0,1,NONE,SUCCESS,12.98,LOW,Continue payment normally.
12369,UPI,Bank_B,1,2,NONE,SUCCESS,35.88,MEDIUM,"Continue payment, but offer an alternate payment method if it fails."
11625,NET_BANKING,Bank_D,1,2,BANK_ERROR,FAILED,73.42,HIGH,Try another bank or payment method.
6821,UPI,Bank_B,2,3,BANK_ERROR,FAILED,86.1,HIGH,Try another bank or payment method.
10673,UPI,Bank_C,0,1,NETWORK_ERROR,SUCCESS,47.51,MEDIUM,Retry after a short delay or use another payment method.
3962,NET_BANKING,Bank_C,2,3,BANK_ERROR,FAILED,89.39,HIGH,Try another bank or payment method.
1752,UPI,Bank_A,0,1,NONE,SUCCESS,13.71,LOW,Continue payment normally.
12302,UPI,Bank_D,3,4,NETWORK_ERROR,FAILED,95.64,HIGH,Retry after a short delay or use another payment method.
18742,CARD,Bank_C,0,1,NONE,SUCCESS,25.56,LOW,Continue payment normally.
4469,UPI,Bank_A,0,1,NONE,SUCCESS,12.65,LOW,Continue payment normally.
18363,CARD,Bank_A,1,2,NONE,FAILED,37.79,MEDIUM,"Continue payment, but offer an alternate payment method if it fails."
6954,CARD,Bank_C,0,1,NONE,SUCCESS,21.94,LOW,Continue payment normally.
3144,CARD,Bank_C,1,2,NONE,SUCCESS,47.34,MEDIUM,"Continue payment, but offer an alternate payment method if it fails."
5509,NET_BANKING,Bank_A,2,3,BANK_ERROR,FAILED,83.57,HIGH,Try another bank or payment method.
1774,UPI,Bank_C,3,4,BANK_ERROR,FAILED,96.34,HIGH,Try another bank or payment method.
10357,CARD,Bank_C,0,1,NONE,SUCCESS,25.78,LOW,Continue payment normally.
10381,UPI,Bank_A,0,1,NONE,SUCCESS,14.78,LOW,Continue payment normally.
11794,CARD,Bank_A,1,2,NONE,SUCCESS,34.21,MEDIUM,"Continue payment, but offer an alternate payment method if it fails."
1974,UPI,Bank_B,0,1,BANK_ERROR,SUCCESS,34.71,MEDIUM,Try another bank or payment method.
17751,UPI,Bank_D,0,1,AUTH_ERROR,SUCCESS,47.7,MEDIUM,Complete authentication and retry the payment.
18379,NET_BANKING,Bank_A,0,1,BANK_ERROR,SUCCESS,45.53,MEDIUM,Try another bank or payment method.
15904,NET_BANKING,Bank_A,1,2,NETWORK_ERROR,FAILED,74.99,HIGH,Retry after a short delay or use another payment method.
3278,NET_BANKING,Bank_C,2,3,BANK_ERROR,FAILED,90.73,HIGH,Try another bank or payment method.
5830,UPI,Bank_D,1,2,BANK_ERROR,FAILED,72.45,HIGH,Try another bank or payment method.
10408,UPI,Bank_B,0,1,NONE,SUCCESS,13.85,LOW,Continue payment normally.
17316,CARD,Bank_C,0,1,AUTH_ERROR,FAILED,61.54,MEDIUM,Complete authentication and retry the payment.
18389,UPI,Bank_C,0,1,NONE,SUCCESS,19.71,LOW,Continue payment normally.
1719,CARD,Bank_D,0,1,AUTH_ERROR,FAILED,48.91,MEDIUM,Complete authentication and retry the payment.
17244,CARD,Bank_A,0,1,NONE,SUCCESS,17.59,LOW,Continue payment normally.
5390,NET_BANKING,Bank_A,1,2,NETWORK_ERROR,SUCCESS,72.6,HIGH,Retry after a short delay or use another payment method.
18552,UPI,Bank_D,0,1,NONE,SUCCESS,21.03,LOW,Continue payment normally.
11628,UPI,Bank_C,0,1,NONE,FAILED,21.23,LOW,Continue payment normally.
6674,UPI,Bank_A,0,1,NONE,SUCCESS,14.22,LOW,Continue payment normally.
5124,UPI,Bank_C,0,1,BANK_ERROR,SUCCESS,44.21,MEDIUM,Try another bank or payment method.
13961,CARD,Bank_C,0,1,AUTH_ERROR,SUCCESS,61.32,MEDIUM,Complete authentication and retry the payment.
12922,NET_BANKING,Bank_B,1,2,NONE,SUCCESS,35.9,MEDIUM,"Continue payment, but offer an alternate payment method if it fails."
4002,UPI,Bank_D,2,3,BANK_ERROR,FAILED,85.13,HIGH,Try another bank or payment method.
18119,NET_BANKING,Bank_B,1,2,NONE,FAILED,33.4,MEDIUM,"Continue payment, but offer an alternate payment method if it fails."
17438,CARD,Bank_D,0,1,CARD_DECLINED,FAILED,50.02,MEDIUM,Try UPI or Net Banking instead of the card.
8260,UPI,Bank_D,0,1,NONE,SUCCESS,19.33,LOW,Continue payment normally.
10177,CARD,Bank_C,0,1,NONE,FAILED,26.67,LOW,Continue payment normally.
9752,NET_BANKING,Bank_C,0,1,NETWORK_ERROR,SUCCESS,61.82,MEDIUM,Retry after a short delay or use another payment method.
7913,CARD,Bank_C,2,3,NETWORK_ERROR,FAILED,91.63,HIGH,Retry after a short delay or use another payment method.
8797,CARD,Bank_B,0,1,NONE,SUCCESS,15.01,LOW,Continue payment normally.
11274,UPI,Bank_A,0,1,NONE,SUCCESS,14.11,LOW,Continue payment normally.
7353,UPI,Bank_B,0,1,NONE,SUCCESS,14.56,LOW,Continue payment normally.
16013,NET_BANKING,Bank_D,0,1,NONE,FAILED,20.72,LOW,Continue payment normally.
13056,CARD,Bank_B,0,1,AUTH_ERROR,FAILED,51.48,MEDIUM,Complete authentication and retry the payment.
10463,UPI,Bank_A,0,1,NONE,SUCCESS,13.62,LOW,Continue payment normally.
17684,UPI,Bank_D,0,1,NONE,SUCCESS,18.62,LOW,Continue payment normally.
15594,UPI,Bank_A,2,3,NONE,FAILED,59.68,MEDIUM,"Continue payment, but offer an alternate payment method if it fails."
18558,UPI,Bank_D,0,1,AUTH_ERROR,SUCCESS,50.71,MEDIUM,Complete authentication and retry the payment.
17058,UPI,Bank_A,0,1,NONE,SUCCESS,14.38,LOW,Continue payment normally.
7621,CARD,Bank_A,3,4,AUTH_ERROR,FAILED,95.66,HIGH,Complete authentication and retry the payment.
18021,CARD,Bank_D,0,1,NONE,SUCCESS,21.74,LOW,Continue payment normally.
6653,CARD,Bank_C,2,3,NONE,FAILED,69.25,MEDIUM,"Continue payment, but offer an alternate payment method if it fails."
19149,UPI,Bank_C,0,1,BANK_ERROR,FAILED,57.25,MEDIUM,Try another bank or payment method.
6464,CARD,Bank_C,0,1,NONE,SUCCESS,20.53,LOW,Continue payment normally.
19349,UPI,Bank_D,0,1,NONE,SUCCESS,18.21,LOW,Continue payment normally.
17456,NET_BANKING,Bank_C,0,1,NONE,SUCCESS,20.75,LOW,Continue payment normally.
15060,CARD,Bank_C,0,1,NONE,SUCCESS,21.94,LOW,Continue payment normally.
12315,NET_BANKING,Bank_A,3,4,BANK_ERROR,FAILED,95.36,HIGH,Try another bank or payment method.
3495,UPI,Bank_B,0,1,NONE,SUCCESS,11.74,LOW,Continue payment normally.
14007,CARD,Bank_D,0,1,NONE,FAILED,18.49,LOW,Continue payment normally.
14138,NET_BANKING,Bank_B,0,1,NONE,SUCCESS,19.36,LOW,Continue payment normally.
15418,UPI,Bank_B,1,2,NONE,SUCCESS,28.14,LOW,Continue payment normally.
19530,CARD,Bank_A,0,1,CARD_DECLINED,FAILED,48.95,MEDIUM,Try UPI or Net Banking instead of the card.
16682,UPI,Bank_B,0,1,NONE,SUCCESS,15.16,LOW,Continue payment normally.
5530,NET_BANKING,Bank_D,2,3,AUTH_ERROR,FAILED,91.51,HIGH,Complete authentication and retry the payment.
9006,UPI,Bank_A,0,1,BANK_ERROR,FAILED,42.51,MEDIUM,Try another bank or payment method.
17248,NET_BANKING,Bank_C,1,2,NETWORK_ERROR,FAILED,78.95,HIGH,Retry after a short delay or use another payment method.
424,CARD,Bank_B,0,1,NONE,SUCCESS,17.52,LOW,Continue payment normally.
983,UPI,Bank_C,2,3,NONE,FAILED,67.77,MEDIUM,"Continue payment, but offer an alternate payment method if it fails."
13010,UPI,Bank_D,0,1,NONE,SUCCESS,19.47,LOW,Continue payment normally.
13660,NET_BANKING,Bank_D,1,2,BANK_ERROR,FAILED,78.68,HIGH,Try another bank or payment method.
5256,CARD,Bank_B,0,1,NONE,SUCCESS,13.71,LOW,Continue payment normally.
14056,UPI,Bank_A,0,1,NONE,SUCCESS,12.33,LOW,Continue payment normally.
10067,UPI,Bank_B,1,2,AUTH_ERROR,FAILED,69.43,MEDIUM,Complete authentication and retry the payment.
17170,NET_BANKING,Bank_A,0,1,NETWORK_ERROR,FAILED,45.3,MEDIUM,Retry after a short delay or use another payment method.
1876,NET_BANKING,Bank_C,0,1,AUTH_ERROR,SUCCESS,54.7,MEDIUM,Complete authentication and retry the payment.
2655,UPI,Bank_A,2,3,AUTH_ERROR,FAILED,85.76,HIGH,Complete authentication and retry the payment.
11980,CARD,Bank_B,0,1,NONE,SUCCESS,18.58,LOW,Continue payment normally.
1774,UPI,Bank_A,1,2,AUTH_ERROR,SUCCESS,70.26,HIGH,Complete authentication and retry the payment.
2981,CARD,Bank_A,0,1,NONE,SUCCESS,11.97,LOW,Continue payment normally.
8099,UPI,Bank_B,0,1,NONE,SUCCESS,13.18,LOW,Continue payment normally.
1016,UPI,Bank_B,1,2,NETWORK_ERROR,FAILED,63.91,MEDIUM,Retry after a short delay or use another payment method.
15580,CARD,Bank_B,0,1,NONE,SUCCESS,16.47,LOW,Continue payment normally.
6240,NET_BANKING,Bank_D,0,1,NONE,FAILED,18.9,LOW,Continue payment normally.
5845,UPI,Bank_C,2,3,AUTH_ERROR,FAILED,91.69,HIGH,Complete authentication and retry the payment.
13885,UPI,Bank_A,1,2,NONE,SUCCESS,29.6,LOW,Continue payment normally.
12601,CARD,Bank_A,0,1,NONE,FAILED,20.86,LOW,Continue payment normally.
4593,CARD,Bank_C,0,1,NONE,SUCCESS,25.41,LOW,Continue payment normally.
3528,CARD,Bank_A,0,1,NONE,SUCCESS,15.56,LOW,Continue payment normally.
13903,UPI,Bank_D,0,1,NETWORK_ERROR,FAILED,51.65,MEDIUM,Retry after a short delay or use another payment method.
868,UPI,Bank_B,3,4,NETWORK_ERROR,FAILED,94.88,HIGH,Retry after a short delay or use another payment method.
9539,UPI,Bank_A,2,3,BANK_ERROR,FAILED,82.98,HIGH,Try another bank or payment method.
548,CARD,Bank_A,1,2,AUTH_ERROR,SUCCESS,68.65,MEDIUM,Complete authentication and retry the payment.
19547,CARD,Bank_B,3,4,NETWORK_ERROR,FAILED,96.27,HIGH,Retry after a short delay or use another payment method.
16665,UPI,Bank_A,0,1,NONE,SUCCESS,16.37,LOW,Continue payment normally.
18679,NET_BANKING,Bank_B,0,1,BANK_ERROR,SUCCESS,39.96,MEDIUM,Try another bank or payment method.
8066,UPI,Bank_B,0,1,NONE,SUCCESS,12.31,LOW,Continue payment normally.
18277,UPI,Bank_B,1,2,NONE,SUCCESS,33.86,MEDIUM,"Continue payment, but offer an alternate payment method if it fails."
492,CARD,Bank_A,0,1,NONE,SUCCESS,14.71,LOW,Continue payment normally.
8537,NET_BANKING,Bank_B,1,2,NONE,FAILED,36.89,MEDIUM,"Continue payment, but offer an alternate payment method if it fails."
3077,UPI,Bank_C,3,4,AUTH_ERROR,FAILED,97.4,HIGH,Complete authentication and retry the payment.
11693,CARD,Bank_C,0,1,NONE,SUCCESS,28.25,LOW,Continue payment normally.
18763,CARD,Bank_C,0,1,NONE,SUCCESS,24.7,LOW,Continue payment normally.
18891,UPI,Bank_B,0,1,NONE,SUCCESS,15.09,LOW,Continue payment normally.
15835,CARD,Bank_D,0,1,NONE,SUCCESS,20.78,LOW,Continue payment normally.
2880,UPI,Bank_B,1,2,BANK_ERROR,FAILED,57.91,MEDIUM,Try another bank or payment method.
2151,NET_BANKING,Bank_C,1,2,NONE,SUCCESS,43.75,MEDIUM,"Continue payment, but offer an alternate payment method if it fails."
14942,CARD,Bank_B,0,1,NONE,SUCCESS,16.15,LOW,Continue payment normally.
7935,UPI,Bank_C,0,1,NONE,SUCCESS,17.63,LOW,Continue payment normally.
1681,UPI,Bank_D,1,2,BANK_ERROR,SUCCESS,66.77,MEDIUM,Try another bank or payment method.
3107,UPI,Bank_B,0,1,NONE,FAILED,16.16,LOW,Continue payment normally.
5096,CARD,Bank_A,0,1,NONE,SUCCESS,14.22,LOW,Continue payment normally.
19364,NET_BANKING,Bank_D,0,1,NONE,FAILED,21.38,LOW,Continue payment normally.
11361,UPI,Bank_D,0,1,NONE,SUCCESS,19.17,LOW,Continue payment normally.
9959,UPI,Bank_D,0,1,NONE,FAILED,14.19,LOW,Continue payment normally.
3829,UPI,Bank_A,1,2,BANK_ERROR,FAILED,67.92,MEDIUM,Try another bank or payment method.
17630,UPI,Bank_C,0,1,NONE,SUCCESS,21.1,LOW,Continue payment normally.
7251,NET_BANKING,Bank_B,0,1,NONE,SUCCESS,14.49,LOW,Continue payment normally.
2263,UPI,Bank_A,1,2,NONE,FAILED,28.4,LOW,Continue payment normally.
14743,NET_BANKING,Bank_D,0,1,NONE,FAILED,23.72,LOW,Continue payment normally.
15428,UPI,Bank_D,2,3,NONE,FAILED,72.94,HIGH,"Continue payment, but offer an alternate payment method if it fails."
3282,NET_BANKING,Bank_D,2,3,BANK_ERROR,FAILED,90.46,HIGH,Try another bank or payment method.
2292,UPI,Bank_D,0,1,NONE,SUCCESS,15.22,LOW,Continue payment normally.
4258,UPI,Bank_C,0,1,NONE,SUCCESS,18.84,LOW,Continue payment normally.
11000,CARD,Bank_B,0,1,NONE,SUCCESS,13.77,LOW,Continue payment normally.
14949,CARD,Bank_D,0,1,NONE,SUCCESS,20.38,LOW,Continue payment normally.
13090,CARD,Bank_C,0,1,NONE,SUCCESS,21.83,LOW,Continue payment normally.
6892,CARD,Bank_D,0,1,NONE,SUCCESS,19.13,LOW,Continue payment normally.
3849,UPI,Bank_B,1,2,NONE,SUCCESS,29.84,LOW,Continue payment normally.
2786,CARD,Bank_D,0,1,AUTH_ERROR,FAILED,54.74,MEDIUM,Complete authentication and retry the payment.
15711,UPI,Bank_B,0,1,NONE,SUCCESS,16.49,LOW,Continue payment normally.
17091,UPI,Bank_C,0,1,AUTH_ERROR,SUCCESS,60.67,MEDIUM,Complete authentication and retry the payment.
18241,CARD,Bank_D,1,2,NETWORK_ERROR,SUCCESS,81.24,HIGH,Retry after a short delay or use another payment method.
5365,UPI,Bank_C,0,1,NONE,FAILED,21.05,LOW,Continue payment normally.
3509,UPI,Bank_A,0,1,NONE,SUCCESS,12.53,LOW,Continue payment normally.
18285,UPI,Bank_D,0,1,NONE,SUCCESS,21.24,LOW,Continue payment normally.
12862,CARD,Bank_A,0,1,NONE,SUCCESS,16.19,LOW,Continue payment normally.
9960,CARD,Bank_B,1,2,AUTH_ERROR,SUCCESS,68.08,MEDIUM,Complete authentication and retry the payment.
4630,CARD,Bank_A,0,1,NONE,SUCCESS,18.89,LOW,Continue payment normally.
10024,UPI,Bank_B,0,1,NONE,SUCCESS,12.54,LOW,Continue payment normally.
13118,CARD,Bank_C,0,1,AUTH_ERROR,FAILED,61.11,MEDIUM,Complete authentication and retry the payment.
7933,UPI,Bank_D,0,1,NONE,SUCCESS,19.05,LOW,Continue payment normally.
16019,NET_BANKING,Bank_B,1,2,BANK_ERROR,FAILED,66.6,MEDIUM,Try another bank or payment method.
13818,UPI,Bank_D,3,4,BANK_ERROR,FAILED,95.87,HIGH,Try another bank or payment method.
12313,CARD,Bank_A,0,1,NONE,SUCCESS,18.12,LOW,Continue payment normally.
17299,UPI,Bank_B,0,1,NONE,SUCCESS,12.81,LOW,Continue payment normally.
9055,NET_BANKING,Bank_B,0,1,NONE,FAILED,17.07,LOW,Continue payment normally.
10777,CARD,Bank_B,0,1,NONE,SUCCESS,17.9,LOW,Continue payment normally.
10947,CARD,Bank_B,0,1,NONE,SUCCESS,17.24,LOW,Continue payment normally.
16399,CARD,Bank_A,0,1,NONE,SUCCESS,18.6,LOW,Continue payment normally.
2095,CARD,Bank_B,0,1,NONE,SUCCESS,16.45,LOW,Continue payment normally.
12585,UPI,Bank_B,1,2,BANK_ERROR,FAILED,67.86,MEDIUM,Try another bank or payment method.
5280,UPI,Bank_A,1,2,NONE,SUCCESS,32.47,MEDIUM,"Continue payment, but offer an alternate payment method if it fails."
14555,UPI,Bank_C,0,1,NONE,SUCCESS,19.52,LOW,Continue payment normally.
732,CARD,Bank_D,0,1,NONE,SUCCESS,19.69,LOW,Continue payment normally.
18380,CARD,Bank_C,1,2,NONE,SUCCESS,55.29,MEDIUM,"Continue payment, but offer an alternate payment method if it fails."
12103,CARD,Bank_A,1,2,NONE,SUCCESS,34.67,MEDIUM,"Continue payment, but offer an alternate payment method if it fails."
18634,CARD,Bank_A,1,2,NONE,SUCCESS,40.52,MEDIUM,"Continue payment, but offer an alternate payment method if it fails."
4045,UPI,Bank_C,1,2,NONE,SUCCESS,38.32,MEDIUM,"Continue payment, but offer an alternate payment method if it fails."
7949,CARD,Bank_B,0,1,NONE,SUCCESS,14.67,LOW,Continue payment normally.
9859,UPI,Bank_B,1,2,NONE,FAILED,26.84,LOW,Continue payment normally.
13380,UPI,Bank_C,3,4,NONE,FAILED,86.89,HIGH,"Continue payment, but offer an alternate payment method if it fails."
2205,CARD,Bank_A,0,1,NONE,SUCCESS,18.92,LOW,Continue payment normally.
16584,NET_BANKING,Bank_D,2,3,NONE,FAILED,76.38,HIGH,"Continue payment, but offer an alternate payment method if it fails."
19459,UPI,Bank_A,2,3,NETWORK_ERROR,FAILED,86.78,HIGH,Retry after a short delay or use another payment method.
3140,CARD,Bank_D,0,1,NETWORK_ERROR,FAILED,47.74,MEDIUM,Retry after a short delay or use another payment method.
15348,UPI,Bank_C,0,1,NONE,SUCCESS,18.93,LOW,Continue payment normally.
2906,CARD,Bank_C,0,1,CARD_DECLINED,SUCCESS,49.66,MEDIUM,Try UPI or Net Banking instead of the card.
13534,NET_BANKING,Bank_A,0,1,NONE,SUCCESS,18.25,LOW,Continue payment normally.
5337,UPI,Bank_C,0,1,AUTH_ERROR,SUCCESS,49.56,MEDIUM,Complete authentication and retry the payment.
11623,UPI,Bank_D,0,1,NONE,SUCCESS,16.67,LOW,Continue payment normally.
16732,CARD,Bank_A,1,2,NONE,FAILED,34.45,MEDIUM,"Continue payment, but offer an alternate payment method if it fails."
15764,NET_BANKING,Bank_B,0,1,NONE,SUCCESS,17.75,LOW,Continue payment normally.
3020,UPI,Bank_B,1,2,NONE,SUCCESS,33.02,MEDIUM,"Continue payment, but offer an alternate payment method if it fails."
16219,NET_BANKING,Bank_D,0,1,NONE,SUCCESS,18.06,LOW,Continue payment normally.
9648,UPI,Bank_A,1,2,AUTH_ERROR,FAILED,69.9,MEDIUM,Complete authentication and retry the payment.
19502,CARD,Bank_B,0,1,NONE,SUCCESS,15.61,LOW,Continue payment normally.
19685,UPI,Bank_C,0,1,NONE,SUCCESS,19.95,LOW,Continue payment normally.
14950,UPI,Bank_B,0,1,NONE,SUCCESS,14.9,LOW,Continue payment normally.
9001,CARD,Bank_A,0,1,NONE,SUCCESS,14.58,LOW,Continue payment normally.
12455,UPI,Bank_A,0,1,NETWORK_ERROR,SUCCESS,41.77,MEDIUM,Retry after a short delay or use another payment method.
16738,CARD,Bank_B,1,2,CARD_DECLINED,FAILED,70.44,HIGH,Try UPI or Net Banking instead of the card.
9011,UPI,Bank_D,3,4,BANK_ERROR,FAILED,96.63,HIGH,Try another bank or payment method.
6378,CARD,Bank_B,0,1,NONE,FAILED,13.13,LOW,Continue payment normally.
8537,NET_BANKING,Bank_D,0,1,NONE,SUCCESS,18.85,LOW,Continue payment normally.
19383,UPI,Bank_B,0,1,NONE,SUCCESS,16.87,LOW,Continue payment normally.
4607,CARD,Bank_D,0,1,AUTH_ERROR,SUCCESS,49.37,MEDIUM,Complete authentication and retry the payment.
4752,UPI,Bank_A,1,2,BANK_ERROR,SUCCESS,63.23,MEDIUM,Try another bank or payment method.
13672,CARD,Bank_A,1,2,NONE,SUCCESS,39.12,MEDIUM,"Continue payment, but offer an alternate payment method if it fails."
9863,UPI,Bank_A,0,1,NONE,SUCCESS,13.54,LOW,Continue payment normally.
16860,CARD,Bank_A,0,1,NONE,SUCCESS,17.05,LOW,Continue payment normally.
1950,CARD,Bank_C,0,1,AUTH_ERROR,SUCCESS,62.44,MEDIUM,Complete authentication and retry the payment.
14879,UPI,Bank_B,1,2,AUTH_ERROR,SUCCESS,66.23,MEDIUM,Complete authentication and retry the payment.
13282,NET_BANKING,Bank_A,0,1,NONE,FAILED,18.66,LOW,Continue payment normally.
14959,CARD,Bank_B,0,1,AUTH_ERROR,SUCCESS,49.69,MEDIUM,Complete authentication and retry the payment.
7054,UPI,Bank_B,0,1,NONE,SUCCESS,11.21,LOW,Continue payment normally.
4363,UPI,Bank_D,0,1,BANK_ERROR,SUCCESS,46.34,MEDIUM,Try another bank or payment method.
13160,CARD,Bank_A,1,2,NONE,SUCCESS,37.09,MEDIUM,"Continue payment, but offer an alternate payment method if it fails."
8988,UPI,Bank_A,0,1,NONE,SUCCESS,14.37,LOW,Continue payment normally.
447,CARD,Bank_D,1,2,NONE,FAILED,39.61,MEDIUM,"Continue payment, but offer an alternate payment method if it fails."
16291,CARD,Bank_A,1,2,NETWORK_ERROR,SUCCESS,69.24,MEDIUM,Retry after a short delay or use another payment method.
2653,UPI,Bank_A,2,3,NONE,FAILED,51.71,MEDIUM,"Continue payment, but offer an alternate payment method if it fails."
12039,UPI,Bank_A,0,1,NONE,SUCCESS,15.62,LOW,Continue payment normally.
17109,NET_BANKING,Bank_B,0,1,NETWORK_ERROR,SUCCESS,44.61,MEDIUM,Retry after a short delay or use another payment method.
5737,UPI,Bank_C,0,1,NETWORK_ERROR,FAILED,46.46,MEDIUM,Retry after a short delay or use another payment method.
157,UPI,Bank_B,0,1,NONE,SUCCESS,14.29,LOW,Continue payment normally.
16092,CARD,Bank_A,0,1,NONE,SUCCESS,20.76,LOW,Continue payment normally.
2895,UPI,Bank_C,0,1,NONE,SUCCESS,21.62,LOW,Continue payment normally.
11749,CARD,Bank_D,1,2,NONE,FAILED,46.74,MEDIUM,"Continue payment, but offer an alternate payment method if it fails."
3833,CARD,Bank_A,1,2,NONE,SUCCESS,38.58,MEDIUM,"Continue payment, but offer an alternate payment method if it fails."
7432,UPI,Bank_C,0,1,NONE,SUCCESS,21.19,LOW,Continue payment normally.
11048,UPI,Bank_D,0,1,NONE,SUCCESS,17.95,LOW,Continue payment normally.
6203,UPI,Bank_A,0,1,NONE,SUCCESS,15.54,LOW,Continue payment normally.
10334,NET_BANKING,Bank_A,0,1,NONE,SUCCESS,18.61,LOW,Continue payment normally.
17293,NET_BANKING,Bank_C,0,1,BANK_ERROR,SUCCESS,55.45,MEDIUM,Try another bank or payment method.
3870,CARD,Bank_A,3,4,NETWORK_ERROR,FAILED,95.33,HIGH,Retry after a short delay or use another payment method.
4155,UPI,Bank_C,0,1,BANK_ERROR,SUCCESS,53.68,MEDIUM,Try another bank or payment method.
18400,CARD,Bank_A,0,1,NONE,SUCCESS,20.2,LOW,Continue payment normally.
2389,UPI,Bank_B,0,1,NONE,SUCCESS,12.59,LOW,Continue payment normally.
1352,UPI,Bank_D,1,2,NONE,FAILED,38.33,MEDIUM,"Continue payment, but offer an alternate payment method if it fails."
1767,UPI,Bank_D,2,3,BANK_ERROR,FAILED,89.35,HIGH,Try another bank or payment method.
5205,NET_BANKING,Bank_A,0,1,NONE,SUCCESS,15.13,LOW,Continue payment normally.
18721,UPI,Bank_D,1,2,BANK_ERROR,FAILED,74.51,HIGH,Try another bank or payment method.
19654,UPI,Bank_C,0,1,NONE,SUCCESS,23.98,LOW,Continue payment normally.
18573,UPI,Bank_B,0,1,NONE,SUCCESS,13.89,LOW,Continue payment normally.
3843,UPI,Bank_A,1,2,NETWORK_ERROR,SUCCESS,62.4,MEDIUM,Retry after a short delay or use another payment method.
19602,CARD,Bank_B,2,3,CARD_DECLINED,FAILED,87.22,HIGH,Try UPI or Net Banking instead of the card.
9089,UPI,Bank_C,0,1,NONE,SUCCESS,18.04,LOW,Continue payment normally.
9699,CARD,Bank_A,0,1,NONE,SUCCESS,17.65,LOW,Continue payment normally.
1767,UPI,Bank_C,0,1,NONE,SUCCESS,20.35,LOW,Continue payment normally.
8141,NET_BANKING,Bank_D,0,1,NONE,SUCCESS,19.02,LOW,Continue payment normally.
10100,CARD,Bank_B,0,1,NONE,SUCCESS,13.11,LOW,Continue payment normally.
652,UPI,Bank_A,0,1,NONE,SUCCESS,11.84,LOW,Continue payment normally.
11603,NET_BANKING,Bank_B,0,1,NONE,SUCCESS,13.78,LOW,Continue payment normally.
5716,UPI,Bank_B,2,3,NETWORK_ERROR,FAILED,86.02,HIGH,Retry after a short delay or use another payment method.
19474,UPI,Bank_A,1,2,BANK_ERROR,SUCCESS,64.66,MEDIUM,Try another bank or payment method.
5204,CARD,Bank_A,0,1,NONE,SUCCESS,17.12,LOW,Continue payment normally.
15465,UPI,Bank_D,1,2,NETWORK_ERROR,FAILED,72.63,HIGH,Retry after a short delay or use another payment method.
16809,CARD,Bank_C,0,1,NONE,FAILED,26.33,LOW,Continue payment normally.
10295,UPI,Bank_B,2,3,NETWORK_ERROR,FAILED,84.54,HIGH,Retry after a short delay or use another payment method.
16201,UPI,Bank_C,0,1,NONE,SUCCESS,25.59,LOW,Continue payment normally.
3971,CARD,Bank_A,0,1,NONE,SUCCESS,15.23,LOW,Continue payment normally.
2002,UPI,Bank_D,0,1,NONE,SUCCESS,17.98,LOW,Continue payment normally.
951,NET_BANKING,Bank_A,3,4,NETWORK_ERROR,FAILED,94.85,HIGH,Retry after a short delay or use another payment method.
9928,UPI,Bank_A,0,1,NONE,FAILED,14.5,LOW,Continue payment normally.
2333,CARD,Bank_C,1,2,AUTH_ERROR,FAILED,76.05,HIGH,Complete authentication and retry the payment.
18277,UPI,Bank_A,0,1,NONE,SUCCESS,15.36,LOW,Continue payment normally.
14681,NET_BANKING,Bank_B,0,1,BANK_ERROR,FAILED,44.95,MEDIUM,Try another bank or payment method.
2579,CARD,Bank_A,0,1,CARD_DECLINED,FAILED,34.99,MEDIUM,Try UPI or Net Banking instead of the card.
17348,NET_BANKING,Bank_D,0,1,NONE,SUCCESS,24.88,LOW,Continue payment normally.
3727,NET_BANKING,Bank_D,0,1,NONE,SUCCESS,20.93,LOW,Continue payment normally.
12650,NET_BANKING,Bank_D,0,1,NONE,SUCCESS,19.58,LOW,Continue payment normally.
5592,UPI,Bank_A,0,1,NONE,SUCCESS,13.32,LOW,Continue payment normally.
16838,NET_BANKING,Bank_C,1,2,NETWORK_ERROR,FAILED,81.15,HIGH,Retry after a short delay or use another payment method.
8401,CARD,Bank_A,0,1,NONE,SUCCESS,16.11,LOW,Continue payment normally.
7887,UPI,Bank_D,0,1,NONE,SUCCESS,18.08,LOW,Continue payment normally.
11185,CARD,Bank_C,2,3,CARD_DECLINED,FAILED,91.21,HIGH,Try UPI or Net Banking instead of the card.
6729,UPI,Bank_B,3,4,BANK_ERROR,FAILED,94.24,HIGH,Try another bank or payment method.
18342,UPI,Bank_A,2,3,NONE,FAILED,59.32,MEDIUM,"Continue payment, but offer an alternate payment method if it fails."
17844,UPI,Bank_C,0,1,NETWORK_ERROR,FAILED,55.49,MEDIUM,Retry after a short delay or use another payment method.
14331,UPI,Bank_A,0,1,NETWORK_ERROR,SUCCESS,38.9,MEDIUM,Retry after a short delay or use another payment method.
1259,UPI,Bank_C,2,3,BANK_ERROR,FAILED,88.02,HIGH,Try another bank or payment method.
1573,UPI,Bank_C,1,2,BANK_ERROR,FAILED,73.33,HIGH,Try another bank or payment method.
17214,UPI,Bank_A,0,1,NONE,SUCCESS,14.02,LOW,Continue payment normally.
16768,UPI,Bank_C,0,1,NONE,SUCCESS,23.96,LOW,Continue payment normally.
19897,UPI,Bank_A,1,2,BANK_ERROR,FAILED,63.69,MEDIUM,Try another bank or payment method.
18721,NET_BANKING,Bank_C,0,1,BANK_ERROR,SUCCESS,54.7,MEDIUM,Try another bank or payment method.
3787,UPI,Bank_D,0,1,NONE,SUCCESS,17.17,LOW,Continue payment normally.
2591,CARD,Bank_D,1,2,NONE,FAILED,36.9,MEDIUM,"Continue payment, but offer an alternate payment method if it fails."
7111,UPI,Bank_D,0,1,NONE,SUCCESS,16.59,LOW,Continue payment normally.
13227,UPI,Bank_C,1,2,NONE,SUCCESS,47.09,MEDIUM,"Continue payment, but offer an alternate payment method if it fails."
4585,CARD,Bank_C,1,2,NONE,SUCCESS,47.33,MEDIUM,"Continue payment, but offer an alternate payment method if it fails."
8761,UPI,Bank_A,0,1,NONE,SUCCESS,12.18,LOW,Continue payment normally.
9583,UPI,Bank_D,0,1,NONE,FAILED,16.78,LOW,Continue payment normally.
14573,UPI,Bank_A,0,1,NONE,FAILED,13.84,LOW,Continue payment normally.
18308,CARD,Bank_C,0,1,CARD_DECLINED,SUCCESS,50.26,MEDIUM,Try UPI or Net Banking instead of the card.
3165,UPI,Bank_B,1,2,AUTH_ERROR,FAILED,65.93,MEDIUM,Complete authentication and retry the payment.
9329,NET_BANKING,Bank_D,0,1,NONE,SUCCESS,19.46,LOW,Continue payment normally.
16182,UPI,Bank_B,0,1,NONE,SUCCESS,12.82,LOW,Continue payment normally.
10091,NET_BANKING,Bank_D,1,2,NONE,SUCCESS,41.48,MEDIUM,"Continue payment, but offer an alternate payment method if it fails."
15767,UPI,Bank_B,0,1,NONE,SUCCESS,12.96,LOW,Continue payment normally.
2492,UPI,Bank_B,0,1,NONE,SUCCESS,13.13,LOW,Continue payment normally.
1538,UPI,Bank_D,1,2,NONE,SUCCESS,34.75,MEDIUM,"Continue payment, but offer an alternate payment method if it fails."
11696,CARD,Bank_B,0,1,NONE,SUCCESS,15.64,LOW,Continue payment normally.
4331,UPI,Bank_D,0,1,NONE,SUCCESS,17.01,LOW,Continue payment normally.
3746,CARD,Bank_A,1,2,NONE,SUCCESS,36.72,MEDIUM,"Continue payment, but offer an alternate payment method if it fails."
141,UPI,Bank_D,0,1,NONE,FAILED,16.12,LOW,Continue payment normally.
15948,UPI,Bank_D,3,4,BANK_ERROR,FAILED,95.59,HIGH,Try another bank or payment method.
19796,UPI,Bank_A,0,1,NONE,SUCCESS,15.37,LOW,Continue payment normally.
13117,NET_BANKING,Bank_C,2,3,BANK_ERROR,FAILED,93.29,HIGH,Try another bank or payment method.
7152,UPI,Bank_B,1,2,NONE,FAILED,31.7,MEDIUM,"Continue payment, but offer an alternate payment method if it fails."
3875,UPI,Bank_B,1,2,BANK_ERROR,FAILED,56.69,MEDIUM,Try another bank or payment method.
10813,CARD,Bank_B,2,3,CARD_DECLINED,FAILED,85.05,HIGH,Try UPI or Net Banking instead of the card.
11653,UPI,Bank_C,1,2,NONE,SUCCESS,40.86,MEDIUM,"Continue payment, but offer an alternate payment method if it fails."
14505,CARD,Bank_A,0,1,NONE,SUCCESS,15.81,LOW,Continue payment normally.
4720,CARD,Bank_B,0,1,NONE,SUCCESS,17.56,LOW,Continue payment normally.
6107,NET_BANKING,Bank_D,0,1,NONE,SUCCESS,17.25,LOW,Continue payment normally.
17889,UPI,Bank_A,0,1,NONE,SUCCESS,15.92,LOW,Continue payment normally.
15928,NET_BANKING,Bank_B,1,2,BANK_ERROR,FAILED,74.08,HIGH,Try another bank or payment method.
17878,UPI,Bank_A,0,1,NETWORK_ERROR,SUCCESS,42.91,MEDIUM,Retry after a short delay or use another payment method.
3919,CARD,Bank_A,0,1,NONE,SUCCESS,13.11,LOW,Continue payment normally.
11656,CARD,Bank_C,2,3,CARD_DECLINED,FAILED,93.17,HIGH,Try UPI or Net Banking instead of the card.
11078,UPI,Bank_D,0,1,NONE,SUCCESS,17.03,LOW,Continue payment normally.
7316,UPI,Bank_B,0,1,NONE,SUCCESS,12.03,LOW,Continue payment normally.
16813,NET_BANKING,Bank_C,0,1,BANK_ERROR,SUCCESS,62.52,MEDIUM,Try another bank or payment method.
4858,CARD,Bank_C,0,1,NONE,SUCCESS,24.59,LOW,Continue payment normally.
17534,CARD,Bank_A,2,3,NONE,SUCCESS,62.89,MEDIUM,"Continue payment, but offer an alternate payment method if it fails."
14508,CARD,Bank_D,0,1,NONE,SUCCESS,20.79,LOW,Continue payment normally.
11208,UPI,Bank_B,0,1,NONE,SUCCESS,16.19,LOW,Continue payment normally.
15106,CARD,Bank_C,0,1,CARD_DECLINED,FAILED,57.86,MEDIUM,Try UPI or Net Banking instead of the card.
10951,UPI,Bank_C,0,1,NONE,SUCCESS,18.6,LOW,Continue payment normally.
14493,UPI,Bank_C,2,3,BANK_ERROR,FAILED,90.68,HIGH,Try another bank or payment method.
17944,CARD,Bank_B,1,2,NONE,SUCCESS,39.67,MEDIUM,"Continue payment, but offer an alternate payment method if it fails."
14893,CARD,Bank_A,0,1,NONE,SUCCESS,14.46,LOW,Continue payment normally.
12747,NET_BANKING,Bank_C,0,1,NETWORK_ERROR,SUCCESS,53.92,MEDIUM,Retry after a short delay or use another payment method.
19973,NET_BANKING,Bank_A,0,1,NONE,FAILED,18.42,LOW,Continue payment normally.
3385,UPI,Bank_A,0,1,NONE,SUCCESS,12.16,LOW,Continue payment normally.
10737,NET_BANKING,Bank_A,1,2,NONE,SUCCESS,37.03,MEDIUM,"Continue payment, but offer an alternate payment method if it fails."
14674,NET_BANKING,Bank_D,1,2,NONE,SUCCESS,46.28,MEDIUM,"Continue payment, but offer an alternate payment method if it fails."
7987,NET_BANKING,Bank_A,2,3,BANK_ERROR,FAILED,89.35,HIGH,Try another bank or payment method.
3556,UPI,Bank_A,0,1,NONE,SUCCESS,12.87,LOW,Continue payment normally.
17523,UPI,Bank_D,0,1,NONE,FAILED,17.44,LOW,Continue payment normally.
1789,CARD,Bank_C,0,1,NONE,FAILED,25.06,LOW,Continue payment normally.
1820,CARD,Bank_C,2,3,AUTH_ERROR,FAILED,92.4,HIGH,Complete authentication and retry the payment.
6775,UPI,Bank_D,0,1,NONE,SUCCESS,18.11,LOW,Continue payment normally.
18548,UPI,Bank_B,3,4,NETWORK_ERROR,FAILED,95.54,HIGH,Retry after a short delay or use another payment method.
11673,UPI,Bank_C,0,1,AUTH_ERROR,FAILED,57.99,MEDIUM,Complete authentication and retry the payment.
13084,UPI,Bank_D,1,2,NETWORK_ERROR,SUCCESS,71.14,HIGH,Retry after a short delay or use another payment method.
15553,UPI,Bank_B,0,1,NONE,SUCCESS,14.61,LOW,Continue payment normally.
5982,UPI,Bank_A,0,1,NONE,SUCCESS,13.03,LOW,Continue payment normally.
14391,CARD,Bank_A,0,1,NETWORK_ERROR,SUCCESS,46.98,MEDIUM,Retry after a short delay or use another payment method.
1579,UPI,Bank_C,2,3,NETWORK_ERROR,FAILED,91.65,HIGH,Retry after a short delay or use another payment method.
15428,UPI,Bank_B,0,1,NONE,SUCCESS,15.79,LOW,Continue payment normally.
3229,CARD,Bank_C,1,2,CARD_DECLINED,SUCCESS,80.73,HIGH,Try UPI or Net Banking instead of the card.
2098,UPI,Bank_B,0,1,NONE,SUCCESS,12.23,LOW,Continue payment normally.
7183,UPI,Bank_D,0,1,NONE,FAILED,18.2,LOW,Continue payment normally.
4429,UPI,Bank_D,0,1,NONE,SUCCESS,15.55,LOW,Continue payment normally.
16351,NET_BANKING,Bank_D,0,1,NONE,SUCCESS,19.77,LOW,Continue payment normally.
18430,UPI,Bank_B,1,2,NONE,SUCCESS,36.05,MEDIUM,"Continue payment, but offer an alternate payment method if it fails."
16332,NET_BANKING,Bank_C,2,3,BANK_ERROR,FAILED,91.59,HIGH,Try another bank or payment method.
19979,UPI,Bank_C,0,1,NONE,SUCCESS,22.92,LOW,Continue payment normally.
13049,UPI,Bank_A,0,1,NONE,SUCCESS,14.37,LOW,Continue payment normally.
15849,UPI,Bank_C,0,1,NONE,SUCCESS,21.27,LOW,Continue payment normally.
4275,UPI,Bank_D,0,1,NONE,SUCCESS,17.45,LOW,Continue payment normally.
10264,CARD,Bank_C,0,1,NONE,FAILED,23.43,LOW,Continue payment normally.
10067,UPI,Bank_A,3,4,BANK_ERROR,FAILED,94.26,HIGH,Try another bank or payment method.
10119,NET_BANKING,Bank_A,1,2,BANK_ERROR,FAILED,68.77,MEDIUM,Try another bank or payment method.
2107,NET_BANKING,Bank_C,0,1,NETWORK_ERROR,SUCCESS,54.3,MEDIUM,Retry after a short delay or use another payment method.
6832,NET_BANKING,Bank_D,0,1,NONE,SUCCESS,19.99,LOW,Continue payment normally.
5304,UPI,Bank_D,2,3,BANK_ERROR,FAILED,85.9,HIGH,Try another bank or payment method.
5665,UPI,Bank_D,0,1,NONE,SUCCESS,20.6,LOW,Continue payment normally.
2114,UPI,Bank_C,0,1,NONE,FAILED,18.01,LOW,Continue payment normally.
10053,CARD,Bank_D,0,1,NONE,SUCCESS,19.96,LOW,Continue payment normally.
16552,CARD,Bank_B,0,1,NONE,FAILED,15.98,LOW,Continue payment normally.
13703,UPI,Bank_B,0,1,NONE,SUCCESS,12.16,LOW,Continue payment normally.
2496,UPI,Bank_B,0,1,NONE,SUCCESS,13.51,LOW,Continue payment normally.
2260,UPI,Bank_B,0,1,NETWORK_ERROR,SUCCESS,38.61,MEDIUM,Retry after a short delay or use another payment method.
10804,NET_BANKING,Bank_A,0,1,AUTH_ERROR,SUCCESS,45.44,MEDIUM,Complete authentication and retry the payment.
13808,NET_BANKING,Bank_B,0,1,NONE,SUCCESS,16.55,LOW,Continue payment normally.
15572,UPI,Bank_B,1,2,BANK_ERROR,SUCCESS,62.6,MEDIUM,Try another bank or payment method.
14278,CARD,Bank_B,0,1,NONE,FAILED,16.69,LOW,Continue payment normally.
13539,UPI,Bank_B,0,1,NONE,SUCCESS,15.91,LOW,Continue payment normally.
14001,CARD,Bank_C,1,2,NONE,FAILED,51.67,MEDIUM,"Continue payment, but offer an alternate payment method if it fails."
16368,UPI,Bank_D,1,2,NONE,SUCCESS,39.95,MEDIUM,"Continue payment, but offer an alternate payment method if it fails."
10661,NET_BANKING,Bank_A,2,3,NONE,SUCCESS,62.33,MEDIUM,"Continue payment, but offer an alternate payment method if it fails."
7208,CARD,Bank_D,3,4,NONE,FAILED,84.71,HIGH,"Continue payment, but offer an alternate payment method if it fails."
8908,NET_BANKING,Bank_B,1,2,NONE,FAILED,35.9,MEDIUM,"Continue payment, but offer an alternate payment method if it fails."
969,UPI,Bank_B,0,1,NONE,SUCCESS,12.59,LOW,Continue payment normally.
12297,NET_BANKING,Bank_A,1,2,NONE,SUCCESS,35.28,MEDIUM,"Continue payment, but offer an alternate payment method if it fails."
5548,CARD,Bank_C,0,1,AUTH_ERROR,SUCCESS,54.71,MEDIUM,Complete authentication and retry the payment.
14699,UPI,Bank_A,0,1,NONE,SUCCESS,14.62,LOW,Continue payment normally.
4953,CARD,Bank_B,0,1,NONE,SUCCESS,15.22,LOW,Continue payment normally.
4698,NET_BANKING,Bank_A,0,1,NONE,SUCCESS,14.85,LOW,Continue payment normally.
15214,CARD,Bank_C,0,1,CARD_DECLINED,FAILED,56.38,MEDIUM,Try UPI or Net Banking instead of the card.
3339,UPI,Bank_D,0,1,NONE,SUCCESS,17.77,LOW,Continue payment normally.
16788,CARD,Bank_B,0,1,NONE,SUCCESS,16.88,LOW,Continue payment normally.
19741,CARD,Bank_D,2,3,NETWORK_ERROR,FAILED,92.87,HIGH,Retry after a short delay or use another payment method.
13909,UPI,Bank_A,0,1,NONE,SUCCESS,15.1,LOW,Continue payment normally.
8740,UPI,Bank_D,0,1,NONE,SUCCESS,14.57,LOW,Continue payment normally.
2927,UPI,Bank_C,1,2,NONE,FAILED,43.31,MEDIUM,"Continue payment, but offer an alternate payment method if it fails."
19629,UPI,Bank_B,0,1,NETWORK_ERROR,SUCCESS,44.32,MEDIUM,Retry after a short delay or use another payment method.
13025,CARD,Bank_C,0,1,NONE,SUCCESS,26.72,LOW,Continue payment normally.
13063,UPI,Bank_A,0,1,NONE,SUCCESS,13.43,LOW,Continue payment normally.
7313,CARD,Bank_A,0,1,NONE,SUCCESS,15.12,LOW,Continue payment normally.
1992,UPI,Bank_A,1,2,NONE,FAILED,34.79,MEDIUM,"Continue payment, but offer an alternate payment method if it fails."
5016,UPI,Bank_D,0,1,NONE,SUCCESS,20.48,LOW,Continue payment normally.
4754,NET_BANKING,Bank_C,0,1,NONE,SUCCESS,25.01,LOW,Continue payment normally.
9936,UPI,Bank_A,0,1,NONE,FAILED,13.38,LOW,Continue payment normally.
4246,UPI,Bank_B,0,1,NONE,SUCCESS,11.65,LOW,Continue payment normally.
11183,UPI,Bank_B,0,1,NONE,SUCCESS,14.95,LOW,Continue payment normally.
7710,CARD,Bank_A,0,1,NONE,SUCCESS,15.81,LOW,Continue payment normally.
7062,UPI,Bank_B,0,1,NONE,SUCCESS,11.36,LOW,Continue payment normally.
125,UPI,Bank_D,1,2,NONE,FAILED,32.65,MEDIUM,"Continue payment, but offer an alternate payment method if it fails."
6529,UPI,Bank_B,2,3,NETWORK_ERROR,FAILED,84.77,HIGH,Retry after a short delay or use another payment method.
3945,UPI,Bank_A,0,1,NONE,SUCCESS,13.85,LOW,Continue payment normally.
2811,UPI,Bank_C,3,4,AUTH_ERROR,FAILED,96.57,HIGH,Complete authentication and retry the payment.
10354,UPI,Bank_D,0,1,NONE,SUCCESS,17.37,LOW,Continue payment normally.
3492,CARD,Bank_B,0,1,NONE,FAILED,15.22,LOW,Continue payment normally.
819,UPI,Bank_B,0,1,NONE,SUCCESS,12.75,LOW,Continue payment normally.
15666,UPI,Bank_C,0,1,BANK_ERROR,SUCCESS,53.17,MEDIUM,Try another bank or payment method.
18188,UPI,Bank_A,0,1,NONE,SUCCESS,15.74,LOW,Continue payment normally.
13869,UPI,Bank_A,0,1,BANK_ERROR,FAILED,41.61,MEDIUM,Try another bank or payment method.
14523,UPI,Bank_D,0,1,NONE,SUCCESS,18.54,LOW,Continue payment normally.
1577,UPI,Bank_D,1,2,NONE,FAILED,33.72,MEDIUM,"Continue payment, but offer an alternate payment method if it fails."
13760,CARD,Bank_C,0,1,NONE,FAILED,25.97,LOW,Continue payment normally.
5774,CARD,Bank_D,3,4,CARD_DECLINED,FAILED,96.09,HIGH,Try UPI or Net Banking instead of the card.
6931,CARD,Bank_A,0,1,NONE,SUCCESS,15.48,LOW,Continue payment normally.
19935,UPI,Bank_A,0,1,NONE,SUCCESS,13.11,LOW,Continue payment normally.
15734,NET_BANKING,Bank_D,2,3,NONE,SUCCESS,73.56,HIGH,"Continue payment, but offer an alternate payment method if it fails."
16128,CARD,Bank_B,2,3,AUTH_ERROR,FAILED,91.05,HIGH,Complete authentication and retry the payment.
8908,CARD,Bank_B,2,3,CARD_DECLINED,FAILED,86.13,HIGH,Try UPI or Net Banking instead of the card.
5009,UPI,Bank_B,0,1,NONE,FAILED,12.09,LOW,Continue payment normally.
14374,CARD,Bank_B,0,1,NONE,SUCCESS,14.83,LOW,Continue payment normally.
9777,NET_BANKING,Bank_B,2,3,NONE,FAILED,59.57,MEDIUM,"Continue payment, but offer an alternate payment method if it fails."
8514,UPI,Bank_C,0,1,NONE,SUCCESS,20.37,LOW,Continue payment normally.
4160,UPI,Bank_A,0,1,NONE,SUCCESS,10.68,LOW,Continue payment normally.
9202,NET_BANKING,Bank_A,3,4,NETWORK_ERROR,FAILED,94.71,HIGH,Retry after a short delay or use another payment method.
3075,UPI,Bank_C,0,1,NONE,SUCCESS,19.35,LOW,Continue payment normally.
5760,UPI,Bank_A,0,1,NONE,SUCCESS,12.46,LOW,Continue payment normally.
8389,CARD,Bank_A,1,2,NONE,SUCCESS,42.52,MEDIUM,"Continue payment, but offer an alternate payment method if it fails."
19973,CARD,Bank_A,0,1,AUTH_ERROR,SUCCESS,46.32,MEDIUM,Complete authentication and retry the payment.
17158,UPI,Bank_D,3,4,NETWORK_ERROR,FAILED,96.33,HIGH,Retry after a short delay or use another payment method.
8643,CARD,Bank_A,1,2,NONE,FAILED,35.89,MEDIUM,"Continue payment, but offer an alternate payment method if it fails."
2436,UPI,Bank_D,1,2,NONE,SUCCESS,37.93,MEDIUM,"Continue payment, but offer an alternate payment method if it fails."
8192,UPI,Bank_D,2,3,BANK_ERROR,FAILED,89.75,HIGH,Try another bank or payment method.
1606,UPI,Bank_C,0,1,BANK_ERROR,FAILED,47.86,MEDIUM,Try another bank or payment method.
16965,NET_BANKING,Bank_D,1,2,BANK_ERROR,FAILED,77.76,HIGH,Try another bank or payment method.
9856,CARD,Bank_A,2,3,NETWORK_ERROR,FAILED,88.61,HIGH,Retry after a short delay or use another payment method.
6225,CARD,Bank_C,3,4,AUTH_ERROR,FAILED,97.57,HIGH,Complete authentication and retry the payment.
6537,UPI,Bank_D,0,1,BANK_ERROR,SUCCESS,46.95,MEDIUM,Try another bank or payment method.
16499,CARD,Bank_C,1,2,NONE,FAILED,56.68,MEDIUM,"Continue payment, but offer an alternate payment method if it fails."
7649,CARD,Bank_C,1,2,NETWORK_ERROR,FAILED,77.96,HIGH,Retry after a short delay or use another payment method.
5878,CARD,Bank_B,0,1,NONE,SUCCESS,13.07,LOW,Continue payment normally.
12681,CARD,Bank_D,0,1,NONE,SUCCESS,23.11,LOW,Continue payment normally.
1788,CARD,Bank_C,0,1,CARD_DECLINED,SUCCESS,50.5,MEDIUM,Try UPI or Net Banking instead of the card.
7144,CARD,Bank_C,0,1,NONE,SUCCESS,22.8,LOW,Continue payment normally.
12290,CARD,Bank_B,1,2,CARD_DECLINED,FAILED,63.78,MEDIUM,Try UPI or Net Banking instead of the card.
11453,CARD,Bank_B,0,1,NONE,SUCCESS,16.46,LOW,Continue payment normally.
17452,CARD,Bank_C,0,1,NONE,SUCCESS,29.65,LOW,Continue payment normally.
14612,UPI,Bank_B,1,2,BANK_ERROR,FAILED,65.98,MEDIUM,Try another bank or payment method.
19123,NET_BANKING,Bank_B,0,1,NONE,FAILED,20.8,LOW,Continue payment normally.
460,UPI,Bank_A,0,1,NONE,SUCCESS,11.98,LOW,Continue payment normally.
13765,UPI,Bank_C,0,1,NONE,SUCCESS,23.86,LOW,Continue payment normally.
19184,UPI,Bank_A,2,3,BANK_ERROR,FAILED,87.54,HIGH,Try another bank or payment method.
2157,UPI,Bank_A,0,1,NONE,SUCCESS,13.6,LOW,Continue payment normally.
16138,NET_BANKING,Bank_B,2,3,NETWORK_ERROR,FAILED,88.24,HIGH,Retry after a short delay or use another payment method.
9007,UPI,Bank_A,0,1,NONE,SUCCESS,13.42,LOW,Continue payment normally.
3139,CARD,Bank_D,0,1,CARD_DECLINED,FAILED,50.93,MEDIUM,Try UPI or Net Banking instead of the card.
11926,NET_BANKING,Bank_B,0,1,BANK_ERROR,FAILED,44.89,MEDIUM,Try another bank or payment method.
19722,CARD,Bank_A,0,1,NONE,FAILED,19.68,LOW,Continue payment normally.
12482,CARD,Bank_C,1,2,NETWORK_ERROR,FAILED,82.35,HIGH,Retry after a short delay or use another payment method.
6669,NET_BANKING,Bank_A,0,1,NONE,SUCCESS,16.4,LOW,Continue payment normally.
3519,UPI,Bank_D,0,1,BANK_ERROR,FAILED,41.46,MEDIUM,Try another bank or payment method.
13609,NET_BANKING,Bank_A,0,1,NONE,SUCCESS,17.78,LOW,Continue payment normally.
6961,CARD,Bank_A,0,1,NONE,SUCCESS,18.12,LOW,Continue payment normally.
9242,UPI,Bank_C,1,2,BANK_ERROR,SUCCESS,75.05,HIGH,Try another bank or payment method.
12875,UPI,Bank_D,0,1,NONE,SUCCESS,16.02,LOW,Continue payment normally.
12548,CARD,Bank_D,1,2,NONE,SUCCESS,42.29,MEDIUM,"Continue payment, but offer an alternate payment method if it fails."
3882,UPI,Bank_D,0,1,NONE,SUCCESS,16.5,LOW,Continue payment normally.
2082,UPI,Bank_A,0,1,NONE,SUCCESS,12.85,LOW,Continue payment normally.
17693,UPI,Bank_A,1,2,NETWORK_ERROR,SUCCESS,68.19,MEDIUM,Retry after a short delay or use another payment method.
19623,CARD,Bank_A,2,3,NONE,SUCCESS,68.37,MEDIUM,"Continue payment, but offer an alternate payment method if it fails."
14905,CARD,Bank_C,2,3,NONE,FAILED,78.85,HIGH,"Continue payment, but offer an alternate payment method if it fails."
13195,UPI,Bank_A,0,1,BANK_ERROR,SUCCESS,40.68,MEDIUM,Try another bank or payment method.
1185,CARD,Bank_B,1,2,NETWORK_ERROR,SUCCESS,70.85,HIGH,Retry after a short delay or use another payment method.
8408,UPI,Bank_C,0,1,NONE,SUCCESS,18.17,LOW,Continue payment normally.
5666,UPI,Bank_C,2,3,BANK_ERROR,FAILED,88.39,HIGH,Try another bank or payment method.
17099,UPI,Bank_A,3,4,NETWORK_ERROR,FAILED,94.4,HIGH,Retry after a short delay or use another payment method.
3858,CARD,Bank_B,0,1,NONE,FAILED,13.72,LOW,Continue payment normally.
3930,CARD,Bank_B,0,1,AUTH_ERROR,FAILED,44.5,MEDIUM,Complete authentication and retry the payment.
9601,UPI,Bank_A,3,4,BANK_ERROR,FAILED,93.41,HIGH,Try another bank or payment method.
3425,CARD,Bank_A,1,2,NONE,FAILED,33.06,MEDIUM,"Continue payment, but offer an alternate payment method if it fails."
4428,CARD,Bank_A,0,1,NONE,SUCCESS,16.12,LOW,Continue payment normally.
15622,UPI,Bank_A,0,1,NONE,SUCCESS,13.6,LOW,Continue payment normally.
6514,UPI,Bank_C,0,1,NONE,SUCCESS,19.27,LOW,Continue payment normally.
10624,UPI,Bank_A,3,4,AUTH_ERROR,FAILED,95.67,HIGH,Complete authentication and retry the payment.
2781,UPI,Bank_C,0,1,NONE,SUCCESS,20.06,LOW,Continue payment normally.
15758,NET_BANKING,Bank_A,3,4,AUTH_ERROR,FAILED,96.02,HIGH,Complete authentication and retry the payment.
14274,NET_BANKING,Bank_D,0,1,NONE,FAILED,21.16,LOW,Continue payment normally.
2723,UPI,Bank_D,0,1,NONE,SUCCESS,15.68,LOW,Continue payment normally.
17962,CARD,Bank_D,2,3,CARD_DECLINED,FAILED,88.52,HIGH,Try UPI or Net Banking instead of the card.
17978,UPI,Bank_A,0,1,NONE,SUCCESS,13.01,LOW,Continue payment normally.
17194,CARD,Bank_A,0,1,NONE,SUCCESS,14.62,LOW,Continue payment normally.
8621,NET_BANKING,Bank_C,0,1,NONE,SUCCESS,18.61,LOW,Continue payment normally.
11583,NET_BANKING,Bank_B,0,1,NONE,SUCCESS,18.42,LOW,Continue payment normally.
1435,CARD,Bank_C,0,1,NONE,FAILED,20.08,LOW,Continue payment normally.
4108,UPI,Bank_C,0,1,NONE,SUCCESS,20.04,LOW,Continue payment normally.
8060,UPI,Bank_B,0,1,NONE,SUCCESS,12.65,LOW,Continue payment normally.
2987,UPI,Bank_A,0,1,NONE,SUCCESS,13.15,LOW,Continue payment normally.
16913,UPI,Bank_B,0,1,NONE,SUCCESS,16.02,LOW,Continue payment normally.
2731,UPI,Bank_A,0,1,NONE,SUCCESS,12.6,LOW,Continue payment normally.
14796,UPI,Bank_A,0,1,NONE,FAILED,16.26,LOW,Continue payment normally.
2667,UPI,Bank_C,0,1,NONE,SUCCESS,21.31,LOW,Continue payment normally.
8756,UPI,Bank_D,0,1,NONE,SUCCESS,19.69,LOW,Continue payment normally.
19469,NET_BANKING,Bank_A,0,1,NONE,SUCCESS,18.59,LOW,Continue payment normally.
637,CARD,Bank_D,0,1,AUTH_ERROR,SUCCESS,51.34,MEDIUM,Complete authentication and retry the payment.
19283,CARD,Bank_A,2,3,NONE,FAILED,67.94,MEDIUM,"Continue payment, but offer an alternate payment method if it fails."
4868,CARD,Bank_B,3,4,CARD_DECLINED,FAILED,95.47,HIGH,Try UPI or Net Banking instead of the card.
14900,UPI,Bank_B,0,1,NONE,SUCCESS,14.11,LOW,Continue payment normally.
4190,UPI,Bank_C,1,2,AUTH_ERROR,FAILED,78.85,HIGH,Complete authentication and retry the payment.
1022,UPI,Bank_A,0,1,BANK_ERROR,SUCCESS,41.78,MEDIUM,Try another bank or payment method.
14509,UPI,Bank_A,0,1,NONE,SUCCESS,16.87,LOW,Continue payment normally.
9016,NET_BANKING,Bank_D,0,1,NONE,FAILED,17.31,LOW,Continue payment normally.
5592,UPI,Bank_C,1,2,NONE,FAILED,46.81,MEDIUM,"Continue payment, but offer an alternate payment method if it fails."
1328,CARD,Bank_A,0,1,NONE,SUCCESS,13.12,LOW,Continue payment normally.
16527,NET_BANKING,Bank_A,2,3,BANK_ERROR,FAILED,86.98,HIGH,Try another bank or payment method.
7873,CARD,Bank_C,1,2,NONE,SUCCESS,49.9,MEDIUM,"Continue payment, but offer an alternate payment method if it fails."
13038,UPI,Bank_C,0,1,NONE,SUCCESS,18.28,LOW,Continue payment normally.
19632,UPI,Bank_D,0,1,NONE,SUCCESS,22.34,LOW,Continue payment normally.
14601,UPI,Bank_B,1,2,NONE,SUCCESS,33.95,MEDIUM,"Continue payment, but offer an alternate payment method if it fails."
10258,UPI,Bank_A,0,1,NONE,SUCCESS,13.98,LOW,Continue payment normally.
1968,UPI,Bank_D,1,2,NONE,SUCCESS,36.7,MEDIUM,"Continue payment, but offer an alternate payment method if it fails."
7532,CARD,Bank_A,0,1,NONE,FAILED,16.4,LOW,Continue payment normally.
3921,NET_BANKING,Bank_A,0,1,NONE,SUCCESS,14.94,LOW,Continue payment normally.
7690,CARD,Bank_A,0,1,NONE,SUCCESS,16.02,LOW,Continue payment normally.
15947,NET_BANKING,Bank_C,2,3,NETWORK_ERROR,FAILED,90.98,HIGH,Retry after a short delay or use another payment method.
10261,UPI,Bank_B,1,2,NONE,SUCCESS,32.47,MEDIUM,"Continue payment, but offer an alternate payment method if it fails."
19046,UPI,Bank_C,0,1,NONE,FAILED,22.75,LOW,Continue payment normally.
4048,CARD,Bank_B,0,1,AUTH_ERROR,FAILED,46.84,MEDIUM,Complete authentication and retry the payment.
985,NET_BANKING,Bank_B,0,1,NONE,SUCCESS,16.42,LOW,Continue payment normally.
3426,CARD,Bank_C,0,1,CARD_DECLINED,SUCCESS,52.92,MEDIUM,Try UPI or Net Banking instead of the card.
4629,CARD,Bank_B,0,1,NONE,FAILED,15.17,LOW,Continue payment normally.
6956,UPI,Bank_A,0,1,NONE,SUCCESS,14.28,LOW,Continue payment normally.
12493,CARD,Bank_A,0,1,NONE,FAILED,13.92,LOW,Continue payment normally.
18307,UPI,Bank_C,1,2,NONE,SUCCESS,47.43,MEDIUM,"Continue payment, but offer an alternate payment method if it fails."
16991,UPI,Bank_C,1,2,NONE,SUCCESS,43.93,MEDIUM,"Continue payment, but offer an alternate payment method if it fails."
11171,CARD,Bank_A,1,2,NONE,SUCCESS,38.05,MEDIUM,"Continue payment, but offer an alternate payment method if it fails."
12602,NET_BANKING,Bank_B,0,1,NONE,SUCCESS,17.9,LOW,Continue payment normally.
7626,NET_BANKING,Bank_B,0,1,NONE,SUCCESS,14.35,LOW,Continue payment normally.
8579,UPI,Bank_A,0,1,NONE,SUCCESS,13.75,LOW,Continue payment normally.
5927,UPI,Bank_B,0,1,NONE,SUCCESS,11.37,LOW,Continue payment normally.
10616,UPI,Bank_A,0,1,NETWORK_ERROR,SUCCESS,36.0,MEDIUM,Retry after a short delay or use another payment method.
17163,NET_BANKING,Bank_A,0,1,NONE,FAILED,19.87,LOW,Continue payment normally.
3022,NET_BANKING,Bank_A,0,1,NONE,SUCCESS,18.26,LOW,Continue payment normally.
18358,UPI,Bank_B,2,3,BANK_ERROR,SUCCESS,86.24,HIGH,Try another bank or payment method.
18868,CARD,Bank_A,0,1,CARD_DECLINED,SUCCESS,43.3,MEDIUM,Try UPI or Net Banking instead of the card.
6643,NET_BANKING,Bank_D,0,1,NONE,SUCCESS,16.91,LOW,Continue payment normally.
19433,UPI,Bank_D,0,1,NONE,FAILED,20.43,LOW,Continue payment normally.
9788,UPI,Bank_A,0,1,NONE,FAILED,13.92,LOW,Continue payment normally.
8212,CARD,Bank_B,0,1,NONE,SUCCESS,14.14,LOW,Continue payment normally.
6239,CARD,Bank_A,1,2,NONE,SUCCESS,33.13,MEDIUM,"Continue payment, but offer an alternate payment method if it fails."
1924,CARD,Bank_A,0,1,NONE,SUCCESS,13.57,LOW,Continue payment normally.
680,CARD,Bank_D,0,1,NONE,SUCCESS,18.0,LOW,Continue payment normally.
10188,NET_BANKING,Bank_C,0,1,NONE,SUCCESS,26.23,LOW,Continue payment normally.
13472,UPI,Bank_A,0,1,NONE,FAILED,16.7,LOW,Continue payment normally.
19222,UPI,Bank_D,1,2,AUTH_ERROR,FAILED,80.21,HIGH,Complete authentication and retry the payment.
19929,UPI,Bank_A,1,2,NONE,SUCCESS,29.47,LOW,Continue payment normally.
2767,CARD,Bank_B,0,1,AUTH_ERROR,SUCCESS,46.47,MEDIUM,Complete authentication and retry the payment.
8866,CARD,Bank_C,1,2,CARD_DECLINED,FAILED,79.0,HIGH,Try UPI or Net Banking instead of the card.
3474,UPI,Bank_A,1,2,NONE,FAILED,36.61,MEDIUM,"Continue payment, but offer an alternate payment method if it fails."
10452,UPI,Bank_C,0,1,NONE,SUCCESS,20.74,LOW,Continue payment normally.
8208,UPI,Bank_A,1,2,NONE,SUCCESS,29.87,LOW,Continue payment normally.
275,CARD,Bank_A,0,1,NONE,FAILED,12.48,LOW,Continue payment normally.
16848,CARD,Bank_C,3,4,AUTH_ERROR,FAILED,98.18,HIGH,Complete authentication and retry the payment.
7956,UPI,Bank_B,0,1,NONE,SUCCESS,14.87,LOW,Continue payment normally.
6097,UPI,Bank_B,1,2,NETWORK_ERROR,SUCCESS,67.01,MEDIUM,Retry after a short delay or use another payment method.
2940,UPI,Bank_A,3,4,NONE,FAILED,80.29,HIGH,"Continue payment, but offer an alternate payment method if it fails."
19046,UPI,Bank_A,0,1,NONE,SUCCESS,17.4,LOW,Continue payment normally.
11271,NET_BANKING,Bank_C,0,1,NONE,SUCCESS,25.89,LOW,Continue payment normally.
6088,UPI,Bank_C,1,2,NONE,SUCCESS,41.95,MEDIUM,"Continue payment, but offer an alternate payment method if it fails."
19090,UPI,Bank_D,0,1,AUTH_ERROR,SUCCESS,47.34,MEDIUM,Complete authentication and retry the payment.
9469,CARD,Bank_A,2,3,CARD_DECLINED,FAILED,87.76,HIGH,Try UPI or Net Banking instead of the card.
10216,UPI,Bank_D,0,1,NONE,SUCCESS,14.81,LOW,Continue payment normally.
15922,UPI,Bank_C,1,2,NONE,FAILED,49.45,MEDIUM,"Continue payment, but offer an alternate payment method if it fails."
15620,UPI,Bank_B,0,1,NONE,SUCCESS,15.2,LOW,Continue payment normally.
19724,NET_BANKING,Bank_D,0,1,NETWORK_ERROR,FAILED,57.14,MEDIUM,Retry after a short delay or use another payment method.
3172,UPI,Bank_B,0,1,NETWORK_ERROR,SUCCESS,38.86,MEDIUM,Retry after a short delay or use another payment method.
9969,UPI,Bank_B,1,2,NONE,SUCCESS,29.38,LOW,Continue payment normally.
9978,UPI,Bank_A,0,1,NONE,SUCCESS,14.5,LOW,Continue payment normally.
2009,CARD,Bank_A,0,1,CARD_DECLINED,FAILED,46.56,MEDIUM,Try UPI or Net Banking instead of the card.
504,CARD,Bank_C,1,2,CARD_DECLINED,FAILED,77.6,HIGH,Try UPI or Net Banking instead of the card.
3445,NET_BANKING,Bank_D,1,2,BANK_ERROR,FAILED,75.47,HIGH,Try another bank or payment method.
19793,CARD,Bank_A,0,1,NONE,SUCCESS,18.03,LOW,Continue payment normally.
15032,CARD,Bank_B,0,1,NONE,SUCCESS,18.43,LOW,Continue payment normally.
2865,CARD,Bank_B,0,1,NONE,FAILED,19.1,LOW,Continue payment normally.
15792,NET_BANKING,Bank_D,1,2,NONE,SUCCESS,48.15,MEDIUM,"Continue payment, but offer an alternate payment method if it fails."
5025,UPI,Bank_A,0,1,NONE,SUCCESS,14.97,LOW,Continue payment normally.
16064,NET_BANKING,Bank_C,0,1,NETWORK_ERROR,SUCCESS,51.77,MEDIUM,Retry after a short delay or use another payment method.
15780,CARD,Bank_D,1,2,CARD_DECLINED,FAILED,71.51,HIGH,Try UPI or Net Banking instead of the card.
2123,UPI,Bank_A,0,1,NONE,SUCCESS,11.51,LOW,Continue payment normally.
11682,CARD,Bank_B,0,1,NONE,SUCCESS,18.29,LOW,Continue payment normally.
9165,NET_BANKING,Bank_B,2,3,NONE,SUCCESS,66.7,MEDIUM,"Continue payment, but offer an alternate payment method if it fails."
9512,CARD,Bank_D,0,1,NETWORK_ERROR,SUCCESS,47.62,MEDIUM,Retry after a short delay or use another payment method.
19503,UPI,Bank_C,1,2,BANK_ERROR,SUCCESS,78.31,HIGH,Try another bank or payment method.
11167,UPI,Bank_B,0,1,BANK_ERROR,SUCCESS,44.78,MEDIUM,Try another bank or payment method.
12067,UPI,Bank_D,0,1,NONE,SUCCESS,16.97,LOW,Continue payment normally.
12480,CARD,Bank_A,0,1,NONE,SUCCESS,19.82,LOW,Continue payment normally.
8430,UPI,Bank_D,0,1,AUTH_ERROR,FAILED,51.24,MEDIUM,Complete authentication and retry the payment.
13703,UPI,Bank_A,0,1,NONE,FAILED,13.16,LOW,Continue payment normally.
12365,UPI,Bank_A,0,1,NETWORK_ERROR,SUCCESS,41.74,MEDIUM,Retry after a short delay or use another payment method.
4751,UPI,Bank_C,0,1,NONE,FAILED,22.01,LOW,Continue payment normally.
4186,CARD,Bank_A,1,2,NONE,FAILED,32.22,MEDIUM,"Continue payment, but offer an alternate payment method if it fails."
14937,UPI,Bank_A,0,1,NONE,SUCCESS,11.3,LOW,Continue payment normally.
15168,UPI,Bank_B,1,2,BANK_ERROR,SUCCESS,70.84,HIGH,Try another bank or payment method.
17374,CARD,Bank_C,0,1,NONE,SUCCESS,22.7,LOW,Continue payment normally.
5344,CARD,Bank_C,0,1,NONE,SUCCESS,22.41,LOW,Continue payment normally.
799,NET_BANKING,Bank_B,0,1,NONE,FAILED,12.86,LOW,Continue payment normally.
763,UPI,Bank_A,0,1,NONE,SUCCESS,13.59,LOW,Continue payment normally.
9090,UPI,Bank_B,0,1,NONE,SUCCESS,11.75,LOW,Continue payment normally.
13217,CARD,Bank_B,1,2,NONE,SUCCESS,37.98,MEDIUM,"Continue payment, but offer an alternate payment method if it fails."
8408,NET_BANKING,Bank_C,3,4,AUTH_ERROR,FAILED,97.62,HIGH,Complete authentication and retry the payment.
18280,UPI,Bank_D,0,1,NONE,SUCCESS,16.24,LOW,Continue payment normally.
1835,CARD,Bank_D,1,2,NONE,FAILED,42.7,MEDIUM,"Continue payment, but offer an alternate payment method if it fails."
12270,UPI,Bank_A,0,1,NONE,SUCCESS,15.24,LOW,Continue payment normally.
7819,NET_BANKING,Bank_A,1,2,NONE,FAILED,32.37,MEDIUM,"Continue payment, but offer an alternate payment method if it fails."
3905,NET_BANKING,Bank_A,2,3,NONE,FAILED,58.91,MEDIUM,"Continue payment, but offer an alternate payment method if it fails."
3686,UPI,Bank_C,0,1,NONE,SUCCESS,18.97,LOW,Continue payment normally.
19971,NET_BANKING,Bank_C,2,3,BANK_ERROR,FAILED,93.11,HIGH,Try another bank or payment method.
17784,NET_BANKING,Bank_B,2,3,NONE,FAILED,65.06,MEDIUM,"Continue payment, but offer an alternate payment method if it fails."
4310,UPI,Bank_C,0,1,NONE,SUCCESS,24.44,LOW,Continue payment normally.
6179,NET_BANKING,Bank_C,0,1,NONE,FAILED,23.87,LOW,Continue payment normally.
13641,CARD,Bank_B,1,2,NONE,SUCCESS,35.54,MEDIUM,"Continue payment, but offer an alternate payment method if it fails."
8639,CARD,Bank_A,0,1,CARD_DECLINED,FAILED,44.18,MEDIUM,Try UPI or Net Banking instead of the card.
9296,UPI,Bank_A,1,2,NONE,SUCCESS,37.13,MEDIUM,"Continue payment, but offer an alternate payment method if it fails."
15992,UPI,Bank_B,0,1,BANK_ERROR,SUCCESS,35.96,MEDIUM,Try another bank or payment method.
4711,NET_BANKING,Bank_D,0,1,NONE,SUCCESS,17.92,LOW,Continue payment normally.
7248,UPI,Bank_B,0,1,NONE,FAILED,14.18,LOW,Continue payment normally.
17394,NET_BANKING,Bank_B,0,1,AUTH_ERROR,FAILED,51.82,MEDIUM,Complete authentication and retry the payment.
892,CARD,Bank_C,1,2,CARD_DECLINED,FAILED,76.85,HIGH,Try UPI or Net Banking instead of the card.
6031,NET_BANKING,Bank_C,0,1,NONE,SUCCESS,22.72,LOW,Continue payment normally.
13217,UPI,Bank_C,1,2,NONE,FAILED,40.17,MEDIUM,"Continue payment, but offer an alternate payment method if it fails."
7148,UPI,Bank_B,0,1,NONE,SUCCESS,13.05,LOW,Continue payment normally.
14627,UPI,Bank_B,0,1,NONE,SUCCESS,14.28,LOW,Continue payment normally.
18912,UPI,Bank_B,1,2,BANK_ERROR,SUCCESS,64.99,MEDIUM,Try another bank or payment method.
15852,UPI,Bank_C,0,1,NONE,SUCCESS,18.76,LOW,Continue payment normally.
13112,NET_BANKING,Bank_A,0,1,NONE,SUCCESS,16.58,LOW,Continue payment normally.
1500,CARD,Bank_A,0,1,NETWORK_ERROR,SUCCESS,39.8,MEDIUM,Retry after a short delay or use another payment method.
17815,CARD,Bank_D,0,1,NONE,SUCCESS,23.35,LOW,Continue payment normally.
217,UPI,Bank_A,2,3,AUTH_ERROR,FAILED,87.08,HIGH,Complete authentication and retry the payment.
1981,UPI,Bank_B,1,2,NONE,SUCCESS,29.09,LOW,Continue payment normally.
11771,UPI,Bank_D,1,2,BANK_ERROR,SUCCESS,71.02,HIGH,Try another bank or payment method.
3702,UPI,Bank_A,0,1,NONE,SUCCESS,12.22,LOW,Continue payment normally.
4708,CARD,Bank_B,0,1,NONE,SUCCESS,17.77,LOW,Continue payment normally.
13038,UPI,Bank_B,0,1,NONE,SUCCESS,15.85,LOW,Continue payment normally.
8200,NET_BANKING,Bank_A,0,1,NONE,FAILED,13.1,LOW,Continue payment normally.
7348,UPI,Bank_C,1,2,NONE,FAILED,36.32,MEDIUM,"Continue payment, but offer an alternate payment method if it fails."
16659,CARD,Bank_A,3,4,NETWORK_ERROR,FAILED,96.36,HIGH,Retry after a short delay or use another payment method.
13528,UPI,Bank_C,0,1,NONE,SUCCESS,20.31,LOW,Continue payment normally.
2982,CARD,Bank_A,3,4,CARD_DECLINED,FAILED,93.84,HIGH,Try UPI or Net Banking instead of the card.
15927,CARD,Bank_D,1,2,CARD_DECLINED,FAILED,74.93,HIGH,Try UPI or Net Banking instead of the card.
13300,UPI,Bank_B,0,1,AUTH_ERROR,FAILED,44.86,MEDIUM,Complete authentication and retry the payment.
956,UPI,Bank_A,3,4,NONE,FAILED,76.42,HIGH,"Continue payment, but offer an alternate payment method if it fails."
828,UPI,Bank_C,1,2,BANK_ERROR,SUCCESS,77.5,HIGH,Try another bank or payment method.
6141,UPI,Bank_A,0,1,NONE,SUCCESS,14.16,LOW,Continue payment normally.
8953,NET_BANKING,Bank_B,0,1,NONE,SUCCESS,17.07,LOW,Continue payment normally.
184,UPI,Bank_A,0,1,BANK_ERROR,FAILED,39.62,MEDIUM,Try another bank or payment method.
5039,CARD,Bank_C,3,4,AUTH_ERROR,FAILED,97.89,HIGH,Complete authentication and retry the payment.
4837,CARD,Bank_A,0,1,NONE,SUCCESS,13.07,LOW,Continue payment normally.
3454,UPI,Bank_B,0,1,NONE,FAILED,16.0,LOW,Continue payment normally.
1958,UPI,Bank_B,0,1,NONE,SUCCESS,12.2,LOW,Continue payment normally.
1467,UPI,Bank_D,2,3,NETWORK_ERROR,FAILED,87.78,HIGH,Retry after a short delay or use another payment method.
16272,UPI,Bank_B,0,1,NONE,SUCCESS,16.8,LOW,Continue payment normally.
206,CARD,Bank_B,2,3,CARD_DECLINED,FAILED,85.84,HIGH,Try UPI or Net Banking instead of the card.
18354,CARD,Bank_D,0,1,NONE,SUCCESS,24.61,LOW,Continue payment normally.
16808,UPI,Bank_C,0,1,NONE,SUCCESS,23.09,LOW,Continue payment normally.
3577,NET_BANKING,Bank_C,0,1,NONE,FAILED,24.76,LOW,Continue payment normally.
15298,CARD,Bank_A,3,4,CARD_DECLINED,FAILED,96.48,HIGH,Try UPI or Net Banking instead of the card.
19139,NET_BANKING,Bank_C,0,1,NETWORK_ERROR,SUCCESS,63.31,MEDIUM,Retry after a short delay or use another payment method.
10749,CARD,Bank_A,0,1,NONE,SUCCESS,13.68,LOW,Continue payment normally.
3240,UPI,Bank_C,1,2,BANK_ERROR,FAILED,72.44,HIGH,Try another bank or payment method.
1234,NET_BANKING,Bank_A,2,3,AUTH_ERROR,FAILED,90.0,HIGH,Complete authentication and retry the payment.
13929,UPI,Bank_A,1,2,NETWORK_ERROR,FAILED,62.57,MEDIUM,Retry after a short delay or use another payment method.
17732,NET_BANKING,Bank_D,2,3,NONE,FAILED,72.14,HIGH,"Continue payment, but offer an alternate payment method if it fails."
8672,UPI,Bank_D,1,2,NONE,SUCCESS,38.89,MEDIUM,"Continue payment, but offer an alternate payment method if it fails."
13235,UPI,Bank_A,0,1,NONE,SUCCESS,15.6,LOW,Continue payment normally.
4218,CARD,Bank_C,0,1,NONE,SUCCESS,23.31,LOW,Continue payment normally.
6369,CARD,Bank_C,0,1,CARD_DECLINED,FAILED,55.33,MEDIUM,Try UPI or Net Banking instead of the card.
19398,NET_BANKING,Bank_A,0,1,NONE,SUCCESS,14.65,LOW,Continue payment normally.
19227,CARD,Bank_D,1,2,NONE,SUCCESS,45.0,MEDIUM,"Continue payment, but offer an alternate payment method if it fails."
2953,UPI,Bank_A,3,4,BANK_ERROR,FAILED,93.31,HIGH,Try another bank or payment method.
13976,CARD,Bank_A,0,1,CARD_DECLINED,SUCCESS,43.82,MEDIUM,Try UPI or Net Banking instead of the card.
545,CARD,Bank_C,2,3,CARD_DECLINED,FAILED,90.02,HIGH,Try UPI or Net Banking instead of the card.
424,UPI,Bank_A,0,1,NONE,SUCCESS,14.11,LOW,Continue payment normally.
16034,UPI,Bank_B,0,1,NONE,SUCCESS,13.72,LOW,Continue payment normally.
1837,UPI,Bank_A,1,2,NONE,FAILED,28.94,LOW,Continue payment normally.
6828,NET_BANKING,Bank_D,0,1,NONE,SUCCESS,20.78,LOW,Continue payment normally.
17311,CARD,Bank_A,0,1,NONE,FAILED,18.51,LOW,Continue payment normally.
8955,UPI,Bank_C,1,2,BANK_ERROR,FAILED,75.28,HIGH,Try another bank or payment method.
5044,UPI,Bank_A,0,1,NONE,FAILED,12.54,LOW,Continue payment normally.
12036,UPI,Bank_A,0,1,NONE,SUCCESS,14.41,LOW,Continue payment normally.
11201,UPI,Bank_B,0,1,NONE,SUCCESS,14.94,LOW,Continue payment normally.
11374,UPI,Bank_C,3,4,AUTH_ERROR,FAILED,96.69,HIGH,Complete authentication and retry the payment.
1631,UPI,Bank_C,3,4,NETWORK_ERROR,FAILED,96.62,HIGH,Retry after a short delay or use another payment method.
19228,NET_BANKING,Bank_B,1,2,BANK_ERROR,FAILED,75.41,HIGH,Try another bank or payment method.
18421,UPI,Bank_B,0,1,BANK_ERROR,FAILED,40.75,MEDIUM,Try another bank or payment method.
9816,NET_BANKING,Bank_A,1,2,NONE,SUCCESS,38.65,MEDIUM,"Continue payment, but offer an alternate payment method if it fails."
3649,CARD,Bank_D,1,2,NONE,SUCCESS,37.16,MEDIUM,"Continue payment, but offer an alternate payment method if it fails."
11061,UPI,Bank_B,0,1,NONE,SUCCESS,14.32,LOW,Continue payment normally.
16511,UPI,Bank_A,0,1,NETWORK_ERROR,SUCCESS,47.96,MEDIUM,Retry after a short delay or use another payment method.
14654,UPI,Bank_D,0,1,NONE,SUCCESS,22.66,LOW,Continue payment normally.
6099,CARD,Bank_D,0,1,NONE,SUCCESS,21.52,LOW,Continue payment normally.
6754,UPI,Bank_C,0,1,NONE,SUCCESS,19.05,LOW,Continue payment normally.
16476,UPI,Bank_D,0,1,NONE,FAILED,17.73,LOW,Continue payment normally.
8480,CARD,Bank_B,3,4,CARD_DECLINED,FAILED,94.87,HIGH,Try UPI or Net Banking instead of the card.
18887,NET_BANKING,Bank_B,0,1,AUTH_ERROR,SUCCESS,51.48,MEDIUM,Complete authentication and retry the payment.
14341,UPI,Bank_A,0,1,NONE,SUCCESS,16.86,LOW,Continue payment normally.
10480,UPI,Bank_A,1,2,NETWORK_ERROR,FAILED,60.9,MEDIUM,Retry after a short delay or use another payment method.
3856,UPI,Bank_A,0,1,NONE,SUCCESS,13.09,LOW,Continue payment normally.
743,CARD,Bank_A,0,1,NONE,SUCCESS,13.59,LOW,Continue payment normally.
9077,NET_BANKING,Bank_B,0,1,NONE,SUCCESS,17.29,LOW,Continue payment normally.
12225,UPI,Bank_C,0,1,NONE,SUCCESS,19.09,LOW,Continue payment normally.
13450,CARD,Bank_A,0,1,CARD_DECLINED,SUCCESS,42.86,MEDIUM,Try UPI or Net Banking instead of the card.
19104,UPI,Bank_C,2,3,BANK_ERROR,FAILED,91.51,HIGH,Try another bank or payment method.
19009,UPI,Bank_D,1,2,NONE,SUCCESS,42.19,MEDIUM,"Continue payment, but offer an alternate payment method if it fails."
15255,UPI,Bank_D,1,2,NONE,FAILED,37.41,MEDIUM,"Continue payment, but offer an alternate payment method if it fails."
5467,NET_BANKING,Bank_A,0,1,NONE,SUCCESS,14.39,LOW,Continue payment normally.
14648,UPI,Bank_D,0,1,BANK_ERROR,SUCCESS,44.66,MEDIUM,Try another bank or payment method.
9832,UPI,Bank_C,3,4,BANK_ERROR,FAILED,95.74,HIGH,Try another bank or payment method.
13193,NET_BANKING,Bank_B,3,4,AUTH_ERROR,FAILED,96.89,HIGH,Complete authentication and retry the payment.
3186,UPI,Bank_B,0,1,NONE,SUCCESS,12.03,LOW,Continue payment normally.
9102,NET_BANKING,Bank_B,0,1,BANK_ERROR,FAILED,45.24,MEDIUM,Try another bank or payment method.
13443,NET_BANKING,Bank_D,0,1,NONE,SUCCESS,19.48,LOW,Continue payment normally.
19315,CARD,Bank_C,1,2,NONE,FAILED,52.84,MEDIUM,"Continue payment, but offer an alternate payment method if it fails."
11398,CARD,Bank_A,0,1,NONE,SUCCESS,18.41,LOW,Continue payment normally.
5203,CARD,Bank_B,0,1,NONE,FAILED,17.63,LOW,Continue payment normally.
5475,CARD,Bank_A,2,3,NETWORK_ERROR,FAILED,88.08,HIGH,Retry after a short delay or use another payment method.
9624,CARD,Bank_A,0,1,NONE,SUCCESS,15.69,LOW,Continue payment normally.
11254,CARD,Bank_B,2,3,NETWORK_ERROR,FAILED,85.89,HIGH,Retry after a short delay or use another payment method.
4764,CARD,Bank_C,0,1,CARD_DECLINED,SUCCESS,57.22,MEDIUM,Try UPI or Net Banking instead of the card.
11867,UPI,Bank_A,0,1,NONE,SUCCESS,11.72,LOW,Continue payment normally.
536,NET_BANKING,Bank_B,0,1,NONE,SUCCESS,15.51,LOW,Continue payment normally.
6317,UPI,Bank_B,2,3,NETWORK_ERROR,SUCCESS,82.83,HIGH,Retry after a short delay or use another payment method.
2356,UPI,Bank_A,0,1,BANK_ERROR,SUCCESS,31.25,MEDIUM,Try another bank or payment method.
4877,UPI,Bank_D,0,1,NONE,SUCCESS,17.33,LOW,Continue payment normally.
16030,UPI,Bank_C,0,1,NONE,FAILED,18.79,LOW,Continue payment normally.
9660,CARD,Bank_A,0,1,NONE,SUCCESS,14.67,LOW,Continue payment normally.
6410,UPI,Bank_D,0,1,NONE,SUCCESS,17.82,LOW,Continue payment normally.
18708,CARD,Bank_B,2,3,CARD_DECLINED,FAILED,89.67,HIGH,Try UPI or Net Banking instead of the card.
1746,NET_BANKING,Bank_B,1,2,BANK_ERROR,FAILED,60.17,MEDIUM,Try another bank or payment method.
9188,CARD,Bank_C,1,2,NONE,SUCCESS,42.49,MEDIUM,"Continue payment, but offer an alternate payment method if it fails."
19329,UPI,Bank_A,0,1,NONE,FAILED,13.01,LOW,Continue payment normally.
3973,CARD,Bank_C,0,1,NONE,SUCCESS,20.06,LOW,Continue payment normally.
7108,NET_BANKING,Bank_A,0,1,BANK_ERROR,FAILED,39.58,MEDIUM,Try another bank or payment method.
15738,CARD,Bank_A,0,1,NONE,SUCCESS,17.09,LOW,Continue payment normally.
13258,UPI,Bank_C,3,4,NETWORK_ERROR,FAILED,97.04,HIGH,Retry after a short delay or use another payment method.
12504,UPI,Bank_A,0,1,NONE,SUCCESS,12.47,LOW,Continue payment normally.
16021,UPI,Bank_C,0,1,NONE,FAILED,21.32,LOW,Continue payment normally.
16661,CARD,Bank_C,0,1,NONE,SUCCESS,21.99,LOW,Continue payment normally.
16148,CARD,Bank_D,0,1,NONE,SUCCESS,24.42,LOW,Continue payment normally.
1624,NET_BANKING,Bank_C,0,1,NETWORK_ERROR,FAILED,53.79,MEDIUM,Retry after a short delay or use another payment method.
16981,NET_BANKING,Bank_B,0,1,NONE,SUCCESS,14.94,LOW,Continue payment normally.
9218,NET_BANKING,Bank_B,0,1,NONE,SUCCESS,17.55,LOW,Continue payment normally.
9460,CARD,Bank_B,0,1,NONE,SUCCESS,18.84,LOW,Continue payment normally.
15192,CARD,Bank_C,0,1,NONE,FAILED,21.7,LOW,Continue payment normally.
11187,UPI,Bank_A,0,1,NONE,SUCCESS,15.08,LOW,Continue payment normally.
12898,NET_BANKING,Bank_D,0,1,NONE,SUCCESS,17.74,LOW,Continue payment normally.
18425,NET_BANKING,Bank_C,0,1,NONE,SUCCESS,22.82,LOW,Continue payment normally.
8107,CARD,Bank_C,0,1,NONE,SUCCESS,23.54,LOW,Continue payment normally.
9616,NET_BANKING,Bank_A,0,1,NONE,SUCCESS,17.1,LOW,Continue payment normally.
16493,UPI,Bank_A,1,2,NONE,FAILED,37.25,MEDIUM,"Continue payment, but offer an alternate payment method if it fails."
3028,UPI,Bank_C,0,1,AUTH_ERROR,SUCCESS,48.09,MEDIUM,Complete authentication and retry the payment.
11072,CARD,Bank_C,0,1,NONE,SUCCESS,27.16,LOW,Continue payment normally.
18171,UPI,Bank_D,0,1,NONE,SUCCESS,21.5,LOW,Continue payment normally.
5882,CARD,Bank_B,0,1,NONE,SUCCESS,15.36,LOW,Continue payment normally.
10651,UPI,Bank_A,0,1,NONE,SUCCESS,15.22,LOW,Continue payment normally.
4069,CARD,Bank_D,1,2,NONE,SUCCESS,45.64,MEDIUM,"Continue payment, but offer an alternate payment method if it fails."
10051,UPI,Bank_B,0,1,BANK_ERROR,FAILED,41.38,MEDIUM,Try another bank or payment method.
7955,NET_BANKING,Bank_A,1,2,BANK_ERROR,FAILED,70.85,HIGH,Try another bank or payment method.
17716,UPI,Bank_B,1,2,BANK_ERROR,FAILED,66.8,MEDIUM,Try another bank or payment method.
6955,UPI,Bank_C,0,1,NONE,SUCCESS,18.15,LOW,Continue payment normally.
1923,UPI,Bank_C,0,1,NONE,SUCCESS,19.16,LOW,Continue payment normally.
17451,UPI,Bank_B,0,1,NONE,SUCCESS,14.67,LOW,Continue payment normally.
1119,CARD,Bank_A,1,2,CARD_DECLINED,FAILED,64.97,MEDIUM,Try UPI or Net Banking instead of the card.
7775,CARD,Bank_C,1,2,NONE,SUCCESS,49.05,MEDIUM,"Continue payment, but offer an alternate payment method if it fails."
12370,UPI,Bank_B,0,1,BANK_ERROR,FAILED,38.64,MEDIUM,Try another bank or payment method.
1412,CARD,Bank_C,0,1,NONE,SUCCESS,22.99,LOW,Continue payment normally.
18954,UPI,Bank_C,0,1,NONE,SUCCESS,19.57,LOW,Continue payment normally.
12822,CARD,Bank_D,1,2,NONE,FAILED,43.53,MEDIUM,"Continue payment, but offer an alternate payment method if it fails."
18007,NET_BANKING,Bank_B,0,1,NETWORK_ERROR,SUCCESS,48.39,MEDIUM,Retry after a short delay or use another payment method.
18790,CARD,Bank_D,0,1,AUTH_ERROR,SUCCESS,52.0,MEDIUM,Complete authentication and retry the payment.
8267,NET_BANKING,Bank_A,0,1,NONE,SUCCESS,15.41,LOW,Continue payment normally.
2990,UPI,Bank_A,0,1,NONE,SUCCESS,13.7,LOW,Continue payment normally.
6940,UPI,Bank_A,1,2,NONE,SUCCESS,35.73,MEDIUM,"Continue payment, but offer an alternate payment method if it fails."
9731,CARD,Bank_A,1,2,CARD_DECLINED,FAILED,66.19,MEDIUM,Try UPI or Net Banking instead of the card.
625,NET_BANKING,Bank_B,0,1,NONE,FAILED,15.92,LOW,Continue payment normally.
12419,UPI,Bank_B,0,1,BANK_ERROR,SUCCESS,43.98,MEDIUM,Try another bank or payment method.
15645,NET_BANKING,Bank_B,0,1,NONE,SUCCESS,16.83,LOW,Continue payment normally.
9650,UPI,Bank_A,0,1,NONE,SUCCESS,14.47,LOW,Continue payment normally.
12831,UPI,Bank_A,0,1,NONE,SUCCESS,12.19,LOW,Continue payment normally.
17586,CARD,Bank_A,0,1,NONE,SUCCESS,15.67,LOW,Continue payment normally.
17046,UPI,Bank_C,1,2,NONE,SUCCESS,45.89,MEDIUM,"Continue payment, but offer an alternate payment method if it fails."
6752,UPI,Bank_C,0,1,NONE,SUCCESS,20.8,LOW,Continue payment normally.
11336,CARD,Bank_B,0,1,CARD_DECLINED,SUCCESS,49.01,MEDIUM,Try UPI or Net Banking instead of the card.
18140,UPI,Bank_D,0,1,NONE,SUCCESS,18.23,LOW,Continue payment normally.
4000,UPI,Bank_A,2,3,NONE,FAILED,52.88,MEDIUM,"Continue payment, but offer an alternate payment method if it fails."
1253,CARD,Bank_A,0,1,NONE,SUCCESS,13.29,LOW,Continue payment normally.
15477,UPI,Bank_C,0,1,NONE,SUCCESS,23.12,LOW,Continue payment normally.
5717,UPI,Bank_D,0,1,NONE,SUCCESS,14.92,LOW,Continue payment normally.
10182,CARD,Bank_B,0,1,NETWORK_ERROR,FAILED,42.76,MEDIUM,Retry after a short delay or use another payment method.
16725,NET_BANKING,Bank_C,2,3,BANK_ERROR,FAILED,93.26,HIGH,Try another bank or payment method.
12669,UPI,Bank_C,2,3,NONE,SUCCESS,68.0,MEDIUM,"Continue payment, but offer an alternate payment method if it fails."
11867,UPI,Bank_D,0,1,NONE,SUCCESS,21.05,LOW,Continue payment normally.
10064,UPI,Bank_B,0,1,NONE,SUCCESS,14.2,LOW,Continue payment normally.
10807,CARD,Bank_C,0,1,NONE,FAILED,26.8,LOW,Continue payment normally.
15614,CARD,Bank_B,0,1,AUTH_ERROR,FAILED,45.57,MEDIUM,Complete authentication and retry the payment.
9794,UPI,Bank_C,0,1,NONE,SUCCESS,19.36,LOW,Continue payment normally.
3468,UPI,Bank_C,0,1,NETWORK_ERROR,SUCCESS,54.41,MEDIUM,Retry after a short delay or use another payment method.
12871,UPI,Bank_B,1,2,NONE,FAILED,29.44,LOW,Continue payment normally.
6394,UPI,Bank_C,0,1,NONE,SUCCESS,21.51,LOW,Continue payment normally.
12918,UPI,Bank_B,0,1,AUTH_ERROR,FAILED,44.75,MEDIUM,Complete authentication and retry the payment.
6943,CARD,Bank_C,0,1,NONE,SUCCESS,20.09,LOW,Continue payment normally.
4811,UPI,Bank_D,0,1,NONE,SUCCESS,16.01,LOW,Continue payment normally.
16559,CARD,Bank_A,0,1,CARD_DECLINED,FAILED,37.36,MEDIUM,Try UPI or Net Banking instead of the card.
7837,UPI,Bank_A,0,1,NONE,SUCCESS,16.02,LOW,Continue payment normally.
3489,CARD,Bank_B,1,2,NONE,SUCCESS,36.01,MEDIUM,"Continue payment, but offer an alternate payment method if it fails."
4716,UPI,Bank_C,2,3,BANK_ERROR,FAILED,89.52,HIGH,Try another bank or payment method.
6092,CARD,Bank_A,0,1,CARD_DECLINED,SUCCESS,43.05,MEDIUM,Try UPI or Net Banking instead of the card.
18191,UPI,Bank_C,0,1,NONE,SUCCESS,20.94,LOW,Continue payment normally.
13092,UPI,Bank_D,0,1,BANK_ERROR,SUCCESS,50.83,MEDIUM,Try another bank or payment method.
19461,UPI,Bank_A,0,1,NONE,SUCCESS,12.85,LOW,Continue payment normally.
7326,UPI,Bank_D,0,1,NONE,SUCCESS,15.18,LOW,Continue payment normally.
8184,UPI,Bank_A,3,4,BANK_ERROR,FAILED,93.68,HIGH,Try another bank or payment method.
19084,NET_BANKING,Bank_B,0,1,NONE,SUCCESS,17.4,LOW,Continue payment normally.
9897,NET_BANKING,Bank_C,0,1,BANK_ERROR,FAILED,57.95,MEDIUM,Try another bank or payment method.
7550,UPI,Bank_A,0,1,NONE,SUCCESS,11.54,LOW,Continue payment normally.
19667,NET_BANKING,Bank_B,1,2,BANK_ERROR,FAILED,69.22,MEDIUM,Try another bank or payment method.
9734,UPI,Bank_D,0,1,BANK_ERROR,SUCCESS,51.03,MEDIUM,Try another bank or payment method.
1260,UPI,Bank_C,2,3,BANK_ERROR,FAILED,90.01,HIGH,Try another bank or payment method.
11926,CARD,Bank_C,0,1,NONE,FAILED,24.09,LOW,Continue payment normally.
4087,CARD,Bank_A,0,1,NONE,SUCCESS,15.66,LOW,Continue payment normally.
17401,CARD,Bank_D,0,1,NONE,SUCCESS,21.91,LOW,Continue payment normally.
9118,CARD,Bank_D,2,3,CARD_DECLINED,FAILED,89.2,HIGH,Try UPI or Net Banking instead of the card.
19266,UPI,Bank_A,2,3,NONE,FAILED,58.47,MEDIUM,"Continue payment, but offer an alternate payment method if it fails."
14770,UPI,Bank_A,0,1,NONE,SUCCESS,15.01,LOW,Continue payment normally.
17491,CARD,Bank_B,0,1,NONE,FAILED,17.01,LOW,Continue payment normally.
532,CARD,Bank_D,0,1,NONE,FAILED,20.67,LOW,Continue payment normally.
624,UPI,Bank_A,0,1,NONE,FAILED,15.92,LOW,Continue payment normally.
10945,CARD,Bank_A,0,1,NONE,SUCCESS,15.88,LOW,Continue payment normally.
17694,NET_BANKING,Bank_C,2,3,NONE,SUCCESS,79.81,HIGH,"Continue payment, but offer an alternate payment method if it fails."
11309,NET_BANKING,Bank_A,0,1,BANK_ERROR,SUCCESS,45.39,MEDIUM,Try another bank or payment method.
14819,UPI,Bank_B,1,2,BANK_ERROR,SUCCESS,67.4,MEDIUM,Try another bank or payment method.
19375,UPI,Bank_C,1,2,BANK_ERROR,FAILED,78.55,HIGH,Try another bank or payment method.
13372,CARD,Bank_C,0,1,NONE,SUCCESS,21.33,LOW,Continue payment normally.
7749,CARD,Bank_B,1,2,NONE,FAILED,38.29,MEDIUM,"Continue payment, but offer an alternate payment method if it fails."
16282,UPI,Bank_D,0,1,NONE,SUCCESS,15.32,LOW,Continue payment normally.
12735,UPI,Bank_B,2,3,BANK_ERROR,FAILED,82.46,HIGH,Try another bank or payment method.
11192,CARD,Bank_A,2,3,NONE,SUCCESS,67.58,MEDIUM,"Continue payment, but offer an alternate payment method if it fails."
18106,NET_BANKING,Bank_D,1,2,NETWORK_ERROR,SUCCESS,79.39,HIGH,Retry after a short delay or use another payment method.
6819,CARD,Bank_B,0,1,NONE,SUCCESS,15.71,LOW,Continue payment normally.
8155,UPI,Bank_D,0,1,NONE,SUCCESS,14.49,LOW,Continue payment normally.
9646,UPI,Bank_B,2,3,NETWORK_ERROR,FAILED,82.93,HIGH,Retry after a short delay or use another payment method.
12894,UPI,Bank_B,0,1,NONE,FAILED,15.6,LOW,Continue payment normally.
19823,UPI,Bank_B,0,1,AUTH_ERROR,FAILED,44.42,MEDIUM,Complete authentication and retry the payment.
10964,UPI,Bank_C,0,1,BANK_ERROR,SUCCESS,48.22,MEDIUM,Try another bank or payment method.
13307,CARD,Bank_D,0,1,NONE,SUCCESS,18.6,LOW,Continue payment normally.
3056,CARD,Bank_B,1,2,NONE,SUCCESS,38.47,MEDIUM,"Continue payment, but offer an alternate payment method if it fails."
16606,CARD,Bank_B,1,2,NONE,SUCCESS,40.01,MEDIUM,"Continue payment, but offer an alternate payment method if it fails."
9840,CARD,Bank_B,1,2,NONE,SUCCESS,36.29,MEDIUM,"Continue payment, but offer an alternate payment method if it fails."
15267,UPI,Bank_A,1,2,BANK_ERROR,FAILED,62.79,MEDIUM,Try another bank or payment method.
309,CARD,Bank_A,0,1,NONE,SUCCESS,13.35,LOW,Continue payment normally.
18362,UPI,Bank_C,0,1,NONE,FAILED,21.24,LOW,Continue payment normally.
13257,UPI,Bank_A,0,1,NONE,SUCCESS,16.88,LOW,Continue payment normally.
615,NET_BANKING,Bank_D,0,1,BANK_ERROR,FAILED,49.45,MEDIUM,Try another bank or payment method.
13310,UPI,Bank_A,0,1,NONE,FAILED,13.83,LOW,Continue payment normally.
15861,UPI,Bank_B,1,2,NONE,SUCCESS,30.2,MEDIUM,"Continue payment, but offer an alternate payment method if it fails."
17645,UPI,Bank_D,0,1,NONE,FAILED,17.7,LOW,Continue payment normally.
10083,CARD,Bank_B,0,1,AUTH_ERROR,SUCCESS,48.25,MEDIUM,Complete authentication and retry the payment.
4149,UPI,Bank_A,3,4,AUTH_ERROR,FAILED,95.74,HIGH,Complete authentication and retry the payment.
2208,CARD,Bank_C,3,4,CARD_DECLINED,FAILED,97.38,HIGH,Try UPI or Net Banking instead of the card.
18320,UPI,Bank_A,0,1,NONE,SUCCESS,13.24,LOW,Continue payment normally.
6058,CARD,Bank_C,1,2,NONE,SUCCESS,48.15,MEDIUM,"Continue payment, but offer an alternate payment method if it fails."
16004,CARD,Bank_A,0,1,NONE,SUCCESS,16.26,LOW,Continue payment normally.
17070,NET_BANKING,Bank_B,0,1,BANK_ERROR,SUCCESS,47.21,MEDIUM,Try another bank or payment method.
8065,UPI,Bank_A,0,1,BANK_ERROR,FAILED,41.85,MEDIUM,Try another bank or payment method.
7313,CARD,Bank_C,0,1,NONE,SUCCESS,25.39,LOW,Continue payment normally.
4363,UPI,Bank_A,1,2,BANK_ERROR,SUCCESS,64.19,MEDIUM,Try another bank or payment method.
17346,NET_BANKING,Bank_A,0,1,NONE,FAILED,16.18,LOW,Continue payment normally.
5487,UPI,Bank_C,0,1,NONE,SUCCESS,20.3,LOW,Continue payment normally.
667,UPI,Bank_D,0,1,NONE,SUCCESS,17.77,LOW,Continue payment normally.
8911,UPI,Bank_A,0,1,NONE,SUCCESS,17.05,LOW,Continue payment normally.
2918,CARD,Bank_B,0,1,CARD_DECLINED,SUCCESS,45.75,MEDIUM,Try UPI or Net Banking instead of the card.
11108,UPI,Bank_C,0,1,NONE,SUCCESS,20.37,LOW,Continue payment normally.
7167,UPI,Bank_A,0,1,NONE,SUCCESS,13.01,LOW,Continue payment normally.
13706,UPI,Bank_A,0,1,NONE,SUCCESS,15.28,LOW,Continue payment normally.
9549,UPI,Bank_B,0,1,NONE,SUCCESS,15.7,LOW,Continue payment normally.
830,CARD,Bank_C,0,1,NONE,SUCCESS,19.7,LOW,Continue payment normally.
4407,UPI,Bank_A,0,1,NONE,SUCCESS,12.98,LOW,Continue payment normally.
2546,UPI,Bank_D,2,3,NONE,FAILED,64.31,MEDIUM,"Continue payment, but offer an alternate payment method if it fails."
2816,CARD,Bank_B,0,1,NONE,SUCCESS,16.58,LOW,Continue payment normally.
13145,UPI,Bank_A,0,1,NONE,FAILED,12.38,LOW,Continue payment normally.
8808,CARD,Bank_C,0,1,NONE,SUCCESS,23.15,LOW,Continue payment normally.
12982,UPI,Bank_D,1,2,NONE,SUCCESS,44.31,MEDIUM,"Continue payment, but offer an alternate payment method if it fails."
9107,UPI,Bank_C,0,1,NONE,SUCCESS,19.48,LOW,Continue payment normally.
16063,UPI,Bank_A,1,2,BANK_ERROR,FAILED,66.94,MEDIUM,Try another bank or payment method.
11809,CARD,Bank_D,0,1,NONE,FAILED,22.13,LOW,Continue payment normally.
15096,UPI,Bank_A,0,1,NETWORK_ERROR,SUCCESS,40.61,MEDIUM,Retry after a short delay or use another payment method.
13429,UPI,Bank_A,1,2,NONE,FAILED,32.19,MEDIUM,"Continue payment, but offer an alternate payment method if it fails."
14312,UPI,Bank_C,0,1,AUTH_ERROR,SUCCESS,54.93,MEDIUM,Complete authentication and retry the payment.
16675,UPI,Bank_C,0,1,BANK_ERROR,FAILED,52.65,MEDIUM,Try another bank or payment method.
16112,UPI,Bank_A,0,1,BANK_ERROR,FAILED,39.97,MEDIUM,Try another bank or payment method.
9056,UPI,Bank_C,0,1,NONE,FAILED,21.78,LOW,Continue payment normally.
18667,NET_BANKING,Bank_D,0,1,AUTH_ERROR,SUCCESS,55.72,MEDIUM,Complete authentication and retry the payment.
17326,UPI,Bank_C,0,1,NETWORK_ERROR,SUCCESS,49.5,MEDIUM,Retry after a short delay or use another payment method.
7640,CARD,Bank_B,0,1,NONE,SUCCESS,13.3,LOW,Continue payment normally.
7741,UPI,Bank_B,1,2,NONE,SUCCESS,34.97,MEDIUM,"Continue payment, but offer an alternate payment method if it fails."
7042,CARD,Bank_A,1,2,AUTH_ERROR,FAILED,67.24,MEDIUM,Complete authentication and retry the payment.
4333,NET_BANKING,Bank_A,0,1,NONE,FAILED,13.83,LOW,Continue payment normally.
4478,CARD,Bank_C,0,1,NETWORK_ERROR,FAILED,56.68,MEDIUM,Retry after a short delay or use another payment method.
12751,NET_BANKING,Bank_A,0,1,NONE,SUCCESS,18.32,LOW,Continue payment normally.
9113,UPI,Bank_B,0,1,NONE,SUCCESS,12.27,LOW,Continue payment normally.
15260,CARD,Bank_D,0,1,NONE,SUCCESS,21.99,LOW,Continue payment normally.
7017,UPI,Bank_A,0,1,NONE,SUCCESS,14.08,LOW,Continue payment normally.
661,UPI,Bank_D,0,1,NONE,SUCCESS,16.22,LOW,Continue payment normally.
19890,NET_BANKING,Bank_B,0,1,NONE,SUCCESS,18.97,LOW,Continue payment normally.
4153,CARD,Bank_D,2,3,NONE,FAILED,64.77,MEDIUM,"Continue payment, but offer an alternate payment method if it fails."
144,CARD,Bank_A,0,1,NONE,SUCCESS,13.34,LOW,Continue payment normally.
17758,UPI,Bank_C,0,1,NETWORK_ERROR,FAILED,53.52,MEDIUM,Retry after a short delay or use another payment method.
2127,UPI,Bank_B,0,1,NONE,SUCCESS,11.09,LOW,Continue payment normally.
5227,UPI,Bank_D,0,1,NONE,SUCCESS,20.29,LOW,Continue payment normally.
4109,UPI,Bank_D,2,3,AUTH_ERROR,FAILED,90.91,HIGH,Complete authentication and retry the payment.
5329,NET_BANKING,Bank_D,2,3,NETWORK_ERROR,FAILED,88.53,HIGH,Retry after a short delay or use another payment method.
14771,CARD,Bank_D,0,1,NONE,SUCCESS,20.6,LOW,Continue payment normally.
17373,UPI,Bank_C,0,1,NETWORK_ERROR,SUCCESS,52.62,MEDIUM,Retry after a short delay or use another payment method.
3800,UPI,Bank_D,0,1,NONE,SUCCESS,18.55,LOW,Continue payment normally.
15254,UPI,Bank_A,2,3,BANK_ERROR,FAILED,85.92,HIGH,Try another bank or payment method.
13055,CARD,Bank_D,0,1,NONE,FAILED,21.82,LOW,Continue payment normally.
18387,UPI,Bank_B,0,1,NONE,SUCCESS,17.83,LOW,Continue payment normally.
10066,UPI,Bank_C,2,3,NONE,FAILED,73.23,HIGH,"Continue payment, but offer an alternate payment method if it fails."
3066,NET_BANKING,Bank_C,0,1,NONE,SUCCESS,25.83,LOW,Continue payment normally.
14355,CARD,Bank_B,1,2,NONE,SUCCESS,34.98,MEDIUM,"Continue payment, but offer an alternate payment method if it fails."
9204,UPI,Bank_A,0,1,NONE,SUCCESS,12.23,LOW,Continue payment normally.
10897,UPI,Bank_A,0,1,NONE,SUCCESS,13.51,LOW,Continue payment normally.
9499,NET_BANKING,Bank_A,1,2,NONE,SUCCESS,35.63,MEDIUM,"Continue payment, but offer an alternate payment method if it fails."
16482,CARD,Bank_B,0,1,NONE,SUCCESS,16.83,LOW,Continue payment normally.
6666,UPI,Bank_C,1,2,NONE,SUCCESS,46.73,MEDIUM,"Continue payment, but offer an alternate payment method if it fails."
2495,CARD,Bank_C,0,1,NONE,SUCCESS,22.94,LOW,Continue payment normally.
12371,NET_BANKING,Bank_D,0,1,AUTH_ERROR,FAILED,57.75,MEDIUM,Complete authentication and retry the payment.
131,NET_BANKING,Bank_D,0,1,NONE,SUCCESS,18.07,LOW,Continue payment normally.
11835,UPI,Bank_B,0,1,NONE,SUCCESS,13.33,LOW,Continue payment normally.
8380,UPI,Bank_D,0,1,NONE,SUCCESS,17.25,LOW,Continue payment normally.
14148,CARD,Bank_A,0,1,NONE,FAILED,19.39,LOW,Continue payment normally.
6128,UPI,Bank_C,0,1,NONE,SUCCESS,21.75,LOW,Continue payment normally.
464,UPI,Bank_B,0,1,NONE,SUCCESS,14.94,LOW,Continue payment normally.
10559,CARD,Bank_C,0,1,NETWORK_ERROR,SUCCESS,63.32,MEDIUM,Retry after a short delay or use another payment method.
12275,UPI,Bank_C,0,1,BANK_ERROR,SUCCESS,45.48,MEDIUM,Try another bank or payment method.
17957,UPI,Bank_C,0,1,NONE,SUCCESS,24.19,LOW,Continue payment normally.
7135,CARD,Bank_D,0,1,NONE,SUCCESS,16.42,LOW,Continue payment normally.
7507,CARD,Bank_C,3,4,AUTH_ERROR,FAILED,97.49,HIGH,Complete authentication and retry the payment.
4226,UPI,Bank_D,0,1,NONE,FAILED,18.37,LOW,Continue payment normally.
17011,NET_BANKING,Bank_C,1,2,NONE,SUCCESS,45.35,MEDIUM,"Continue payment, but offer an alternate payment method if it fails."
18995,UPI,Bank_C,1,2,BANK_ERROR,FAILED,74.82,HIGH,Try another bank or payment method.
19462,CARD,Bank_A,0,1,CARD_DECLINED,FAILED,43.83,MEDIUM,Try UPI or Net Banking instead of the card.
6230,UPI,Bank_A,0,1,NONE,SUCCESS,13.97,LOW,Continue payment normally.
11704,UPI,Bank_A,3,4,BANK_ERROR,FAILED,95.56,HIGH,Try another bank or payment method.
8658,UPI,Bank_C,1,2,NONE,FAILED,41.92,MEDIUM,"Continue payment, but offer an alternate payment method if it fails."
13271,UPI,Bank_A,1,2,NONE,FAILED,33.86,MEDIUM,"Continue payment, but offer an alternate payment method if it fails."
7411,CARD,Bank_D,0,1,AUTH_ERROR,FAILED,50.22,MEDIUM,Complete authentication and retry the payment.
7257,UPI,Bank_A,3,4,BANK_ERROR,FAILED,93.81,HIGH,Try another bank or payment method.
5946,NET_BANKING,Bank_A,0,1,AUTH_ERROR,SUCCESS,45.97,MEDIUM,Complete authentication and retry the payment.
16964,UPI,Bank_D,0,1,BANK_ERROR,SUCCESS,49.23,MEDIUM,Try another bank or payment method.
9089,UPI,Bank_C,1,2,BANK_ERROR,FAILED,75.6,HIGH,Try another bank or payment method.
15634,UPI,Bank_B,0,1,NETWORK_ERROR,SUCCESS,41.63,MEDIUM,Retry after a short delay or use another payment method.
11483,NET_BANKING,Bank_D,0,1,NONE,FAILED,21.14,LOW,Continue payment normally.
19808,UPI,Bank_B,0,1,BANK_ERROR,FAILED,35.58,MEDIUM,Try another bank or payment method.
12511,UPI,Bank_C,1,2,AUTH_ERROR,SUCCESS,78.12,HIGH,Complete authentication and retry the payment.
13388,NET_BANKING,Bank_C,0,1,NONE,SUCCESS,22.33,LOW,Continue payment normally.
15247,CARD,Bank_D,0,1,NONE,SUCCESS,20.16,LOW,Continue payment normally.
6953,UPI,Bank_C,1,2,NONE,SUCCESS,45.26,MEDIUM,"Continue payment, but offer an alternate payment method if it fails."
11609,CARD,Bank_B,1,2,NONE,SUCCESS,36.4,MEDIUM,"Continue payment, but offer an alternate payment method if it fails."
2086,UPI,Bank_B,0,1,NONE,SUCCESS,12.73,LOW,Continue payment normally.
15001,UPI,Bank_A,3,4,NETWORK_ERROR,FAILED,93.82,HIGH,Retry after a short delay or use another payment method.
19430,CARD,Bank_C,0,1,NONE,SUCCESS,23.96,LOW,Continue payment normally.
6771,UPI,Bank_A,0,1,NONE,SUCCESS,11.92,LOW,Continue payment normally.
4426,NET_BANKING,Bank_B,0,1,AUTH_ERROR,SUCCESS,39.15,MEDIUM,Complete authentication and retry the payment.
1357,CARD,Bank_C,0,1,NONE,SUCCESS,19.3,LOW,Continue payment normally.
11738,NET_BANKING,Bank_B,2,3,AUTH_ERROR,FAILED,91.09,HIGH,Complete authentication and retry the payment.
12141,UPI,Bank_A,2,3,AUTH_ERROR,FAILED,83.1,HIGH,Complete authentication and retry the payment.
2893,UPI,Bank_C,0,1,NONE,SUCCESS,18.12,LOW,Continue payment normally.
8666,UPI,Bank_A,1,2,NONE,FAILED,32.31,MEDIUM,"Continue payment, but offer an alternate payment method if it fails."
16238,UPI,Bank_A,3,4,NETWORK_ERROR,SUCCESS,94.34,HIGH,Retry after a short delay or use another payment method.
14792,CARD,Bank_B,0,1,NONE,SUCCESS,19.1,LOW,Continue payment normally.
15856,UPI,Bank_A,0,1,NONE,FAILED,17.31,LOW,Continue payment normally.
14808,NET_BANKING,Bank_B,1,2,NONE,FAILED,39.75,MEDIUM,"Continue payment, but offer an alternate payment method if it fails."
4717,CARD,Bank_A,0,1,AUTH_ERROR,SUCCESS,46.93,MEDIUM,Complete authentication and retry the payment.
15691,UPI,Bank_B,0,1,BANK_ERROR,SUCCESS,37.74,MEDIUM,Try another bank or payment method.
16113,UPI,Bank_A,0,1,NONE,FAILED,14.06,LOW,Continue payment normally.
1137,CARD,Bank_C,0,1,NETWORK_ERROR,FAILED,50.24,MEDIUM,Retry after a short delay or use another payment method.
2730,CARD,Bank_D,1,2,NONE,FAILED,41.01,MEDIUM,"Continue payment, but offer an alternate payment method if it fails."
9452,UPI,Bank_C,2,3,BANK_ERROR,FAILED,90.98,HIGH,Try another bank or payment method.
11273,NET_BANKING,Bank_A,0,1,BANK_ERROR,SUCCESS,39.63,MEDIUM,Try another bank or payment method.
11256,UPI,Bank_C,3,4,BANK_ERROR,FAILED,96.56,HIGH,Try another bank or payment method.
5045,NET_BANKING,Bank_B,0,1,BANK_ERROR,SUCCESS,40.61,MEDIUM,Try another bank or payment method.
17050,CARD,Bank_A,0,1,NETWORK_ERROR,FAILED,47.79,MEDIUM,Retry after a short delay or use another payment method.
10047,UPI,Bank_A,0,1,NONE,SUCCESS,12.01,LOW,Continue payment normally.
8394,NET_BANKING,Bank_A,0,1,NONE,SUCCESS,16.25,LOW,Continue payment normally.
6701,UPI,Bank_B,1,2,BANK_ERROR,SUCCESS,59.0,MEDIUM,Try another bank or payment method.
14406,CARD,Bank_A,0,1,NONE,SUCCESS,17.54,LOW,Continue payment normally.
12842,CARD,Bank_C,0,1,NONE,SUCCESS,21.25,LOW,Continue payment normally.
672,UPI,Bank_B,0,1,NONE,SUCCESS,12.9,LOW,Continue payment normally.
14083,UPI,Bank_B,0,1,NONE,SUCCESS,12.91,LOW,Continue payment normally.
394,UPI,Bank_C,0,1,NETWORK_ERROR,SUCCESS,48.81,MEDIUM,Retry after a short delay or use another payment method.
4384,NET_BANKING,Bank_A,0,1,BANK_ERROR,SUCCESS,41.46,MEDIUM,Try another bank or payment method.
16351,UPI,Bank_B,0,1,NONE,FAILED,13.04,LOW,Continue payment normally.
3664,CARD,Bank_B,0,1,CARD_DECLINED,SUCCESS,38.7,MEDIUM,Try UPI or Net Banking instead of the card.
9206,UPI,Bank_D,0,1,NONE,SUCCESS,15.86,LOW,Continue payment normally.
12493,UPI,Bank_C,0,1,NONE,FAILED,22.75,LOW,Continue payment normally.
4454,UPI,Bank_C,0,1,NONE,SUCCESS,23.3,LOW,Continue payment normally.
6575,NET_BANKING,Bank_C,0,1,NONE,SUCCESS,24.83,LOW,Continue payment normally.
14920,CARD,Bank_B,1,2,CARD_DECLINED,SUCCESS,65.57,MEDIUM,Try UPI or Net Banking instead of the card.
6065,UPI,Bank_D,2,3,BANK_ERROR,FAILED,85.81,HIGH,Try another bank or payment method.
9750,CARD,Bank_A,0,1,NONE,SUCCESS,13.38,LOW,Continue payment normally.
6768,CARD,Bank_C,0,1,CARD_DECLINED,FAILED,56.61,MEDIUM,Try UPI or Net Banking instead of the card.
6530,CARD,Bank_A,0,1,NONE,SUCCESS,16.46,LOW,Continue payment normally.
11209,CARD,Bank_A,0,1,NONE,SUCCESS,15.12,LOW,Continue payment normally.
11450,UPI,Bank_A,0,1,NONE,SUCCESS,15.13,LOW,Continue payment normally.
19535,CARD,Bank_B,0,1,NETWORK_ERROR,SUCCESS,47.81,MEDIUM,Retry after a short delay or use another payment method.
6044,CARD,Bank_B,0,1,NETWORK_ERROR,SUCCESS,50.13,MEDIUM,Retry after a short delay or use another payment method.
15190,UPI,Bank_D,1,2,NONE,SUCCESS,39.25,MEDIUM,"Continue payment, but offer an alternate payment method if it fails."
8802,CARD,Bank_A,0,1,NONE,FAILED,16.39,LOW,Continue payment normally.
10631,CARD,Bank_C,0,1,NONE,SUCCESS,22.94,LOW,Continue payment normally.
8334,CARD,Bank_A,1,2,AUTH_ERROR,FAILED,74.64,HIGH,Complete authentication and retry the payment.
18899,CARD,Bank_C,1,2,CARD_DECLINED,FAILED,83.44,HIGH,Try UPI or Net Banking instead of the card.
15161,UPI,Bank_A,0,1,NONE,SUCCESS,13.91,LOW,Continue payment normally.
5405,CARD,Bank_B,0,1,NONE,SUCCESS,13.18,LOW,Continue payment normally.
7219,CARD,Bank_C,0,1,CARD_DECLINED,FAILED,53.63,MEDIUM,Try UPI or Net Banking instead of the card.
13468,CARD,Bank_A,0,1,NONE,SUCCESS,14.45,LOW,Continue payment normally.
8079,NET_BANKING,Bank_A,1,2,NONE,SUCCESS,36.66,MEDIUM,"Continue payment, but offer an alternate payment method if it fails."
1047,CARD,Bank_D,0,1,NONE,FAILED,21.29,LOW,Continue payment normally.
7976,NET_BANKING,Bank_B,0,1,NONE,SUCCESS,16.45,LOW,Continue payment normally.
19353,UPI,Bank_A,1,2,BANK_ERROR,SUCCESS,68.81,MEDIUM,Try another bank or payment method.
4272,UPI,Bank_A,0,1,BANK_ERROR,FAILED,40.81,MEDIUM,Try another bank or payment method.
15136,UPI,Bank_B,0,1,NONE,FAILED,16.16,LOW,Continue payment normally.
14919,UPI,Bank_B,0,1,NONE,SUCCESS,11.66,LOW,Continue payment normally.
19292,UPI,Bank_A,1,2,NONE,SUCCESS,30.96,MEDIUM,"Continue payment, but offer an alternate payment method if it fails."
11982,UPI,Bank_B,1,2,NONE,FAILED,31.88,MEDIUM,"Continue payment, but offer an alternate payment method if it fails."
4013,UPI,Bank_C,1,2,NONE,FAILED,40.98,MEDIUM,"Continue payment, but offer an alternate payment method if it fails."
1278,NET_BANKING,Bank_A,0,1,BANK_ERROR,FAILED,38.73,MEDIUM,Try another bank or payment method.
9360,NET_BANKING,Bank_B,0,1,NONE,FAILED,14.43,LOW,Continue payment normally.
16117,CARD,Bank_A,0,1,NONE,SUCCESS,17.84,LOW,Continue payment normally.
7585,NET_BANKING,Bank_A,2,3,BANK_ERROR,FAILED,82.61,HIGH,Try another bank or payment method.
19105,CARD,Bank_A,0,1,NONE,SUCCESS,16.76,LOW,Continue payment normally.
1116,UPI,Bank_C,0,1,NONE,SUCCESS,15.86,LOW,Continue payment normally.
4402,CARD,Bank_B,1,2,NONE,SUCCESS,34.5,MEDIUM,"Continue payment, but offer an alternate payment method if it fails."
1897,UPI,Bank_B,1,2,NONE,FAILED,30.35,MEDIUM,"Continue payment, but offer an alternate payment method if it fails."
3188,UPI,Bank_D,0,1,NONE,SUCCESS,12.89,LOW,Continue payment normally.
7314,NET_BANKING,Bank_B,0,1,NONE,SUCCESS,14.91,LOW,Continue payment normally.
13789,UPI,Bank_C,1,2,NONE,SUCCESS,41.47,MEDIUM,"Continue payment, but offer an alternate payment method if it fails."
8501,UPI,Bank_C,2,3,BANK_ERROR,FAILED,90.87,HIGH,Try another bank or payment method.
137,CARD,Bank_C,0,1,NONE,FAILED,20.07,LOW,Continue payment normally.
9590,UPI,Bank_B,0,1,NONE,SUCCESS,12.33,LOW,Continue payment normally.
10974,CARD,Bank_C,0,1,NONE,SUCCESS,25.02,LOW,Continue payment normally.
8872,UPI,Bank_C,0,1,NONE,SUCCESS,19.43,LOW,Continue payment normally.
4870,CARD,Bank_A,2,3,CARD_DECLINED,FAILED,85.32,HIGH,Try UPI or Net Banking instead of the card.
18644,UPI,Bank_B,0,1,NONE,FAILED,16.3,LOW,Continue payment normally.
15284,CARD,Bank_C,2,3,CARD_DECLINED,FAILED,92.4,HIGH,Try UPI or Net Banking instead of the card.
12689,CARD,Bank_C,2,3,NETWORK_ERROR,FAILED,93.03,HIGH,Retry after a short delay or use another payment method.
12768,CARD,Bank_B,0,1,CARD_DECLINED,FAILED,42.77,MEDIUM,Try UPI or Net Banking instead of the card.
5681,NET_BANKING,Bank_D,0,1,BANK_ERROR,SUCCESS,49.33,MEDIUM,Try another bank or payment method.
18386,CARD,Bank_B,0,1,CARD_DECLINED,FAILED,45.98,MEDIUM,Try UPI or Net Banking instead of the card.
15466,UPI,Bank_C,0,1,BANK_ERROR,FAILED,55.8,MEDIUM,Try another bank or payment method.
5164,CARD,Bank_B,0,1,AUTH_ERROR,SUCCESS,42.51,MEDIUM,Complete authentication and retry the payment.
5617,CARD,Bank_B,0,1,NONE,FAILED,15.34,LOW,Continue payment normally.
19727,UPI,Bank_D,0,1,NONE,SUCCESS,21.26,LOW,Continue payment normally.
13542,NET_BANKING,Bank_D,0,1,NONE,FAILED,24.03,LOW,Continue payment normally.
17224,NET_BANKING,Bank_D,3,4,NETWORK_ERROR,FAILED,96.84,HIGH,Retry after a short delay or use another payment method.
3813,UPI,Bank_B,0,1,NONE,SUCCESS,11.94,LOW,Continue payment normally.
194,UPI,Bank_A,0,1,NONE,SUCCESS,12.96,LOW,Continue payment normally.
7205,NET_BANKING,Bank_A,0,1,NONE,FAILED,15.43,LOW,Continue payment normally.
15677,UPI,Bank_B,1,2,NONE,FAILED,38.26,MEDIUM,"Continue payment, but offer an alternate payment method if it fails."
10780,CARD,Bank_D,0,1,CARD_DECLINED,FAILED,47.25,MEDIUM,Try UPI or Net Banking instead of the card.
12576,UPI,Bank_B,1,2,NETWORK_ERROR,FAILED,69.37,MEDIUM,Retry after a short delay or use another payment method.
11469,CARD,Bank_B,1,2,NETWORK_ERROR,FAILED,73.28,HIGH,Retry after a short delay or use another payment method.
857,UPI,Bank_C,0,1,NONE,SUCCESS,21.21,LOW,Continue payment normally.
5671,UPI,Bank_A,1,2,BANK_ERROR,SUCCESS,61.27,MEDIUM,Try another bank or payment method.
3817,UPI,Bank_C,0,1,BANK_ERROR,FAILED,52.83,MEDIUM,Try another bank or payment method.
16809,CARD,Bank_D,0,1,AUTH_ERROR,SUCCESS,56.45,MEDIUM,Complete authentication and retry the payment.
14311,UPI,Bank_C,0,1,NONE,FAILED,21.5,LOW,Continue payment normally.
19899,UPI,Bank_B,1,2,NETWORK_ERROR,SUCCESS,68.86,MEDIUM,Retry after a short delay or use another payment method.
7380,UPI,Bank_A,0,1,NONE,FAILED,14.14,LOW,Continue payment normally.
3391,CARD,Bank_C,0,1,AUTH_ERROR,SUCCESS,57.98,MEDIUM,Complete authentication and retry the payment.
7684,CARD,Bank_D,1,2,CARD_DECLINED,FAILED,73.98,HIGH,Try UPI or Net Banking instead of the card.
12864,NET_BANKING,Bank_B,1,2,NONE,SUCCESS,35.52,MEDIUM,"Continue payment, but offer an alternate payment method if it fails."
11788,NET_BANKING,Bank_A,0,1,BANK_ERROR,FAILED,42.46,MEDIUM,Try another bank or payment method.
13270,NET_BANKING,Bank_B,0,1,NONE,SUCCESS,16.25,LOW,Continue payment normally.
5253,UPI,Bank_A,0,1,NONE,FAILED,13.83,LOW,Continue payment normally.
19064,NET_BANKING,Bank_A,1,2,NONE,SUCCESS,38.99,MEDIUM,"Continue payment, but offer an alternate payment method if it fails."
1999,UPI,Bank_B,3,4,NONE,FAILED,82.54,HIGH,"Continue payment, but offer an alternate payment method if it fails."
15413,UPI,Bank_A,0,1,NONE,SUCCESS,15.31,LOW,Continue payment normally.
5719,CARD,Bank_B,0,1,NONE,FAILED,17.74,LOW,Continue payment normally.
13680,UPI,Bank_B,0,1,NONE,SUCCESS,15.51,LOW,Continue payment normally.
1632,CARD,Bank_B,1,2,NETWORK_ERROR,FAILED,67.62,MEDIUM,Retry after a short delay or use another payment method.
17286,UPI,Bank_B,1,2,NONE,FAILED,32.22,MEDIUM,"Continue payment, but offer an alternate payment method if it fails."
9743,CARD,Bank_A,3,4,CARD_DECLINED,FAILED,94.61,HIGH,Try UPI or Net Banking instead of the card.
10889,NET_BANKING,Bank_B,0,1,AUTH_ERROR,SUCCESS,44.05,MEDIUM,Complete authentication and retry the payment.
11646,NET_BANKING,Bank_A,0,1,NONE,SUCCESS,15.91,LOW,Continue payment normally.
11764,UPI,Bank_B,0,1,NONE,SUCCESS,14.06,LOW,Continue payment normally.
10695,UPI,Bank_B,0,1,NONE,SUCCESS,12.99,LOW,Continue payment normally.
484,CARD,Bank_A,0,1,NONE,SUCCESS,14.7,LOW,Continue payment normally.
5826,UPI,Bank_A,3,4,NETWORK_ERROR,FAILED,95.49,HIGH,Retry after a short delay or use another payment method.
17074,UPI,Bank_A,0,1,NONE,SUCCESS,13.43,LOW,Continue payment normally.
11169,CARD,Bank_C,1,2,CARD_DECLINED,FAILED,78.13,HIGH,Try UPI or Net Banking instead of the card.
11272,UPI,Bank_D,0,1,BANK_ERROR,FAILED,49.51,MEDIUM,Try another bank or payment method.
1678,NET_BANKING,Bank_A,0,1,NONE,FAILED,17.34,LOW,Continue payment normally.
2480,UPI,Bank_B,0,1,BANK_ERROR,SUCCESS,38.86,MEDIUM,Try another bank or payment method.
6253,NET_BANKING,Bank_D,1,2,NONE,SUCCESS,43.44,MEDIUM,"Continue payment, but offer an alternate payment method if it fails."
3249,UPI,Bank_A,0,1,AUTH_ERROR,SUCCESS,41.44,MEDIUM,Complete authentication and retry the payment.
3566,CARD,Bank_A,0,1,NONE,FAILED,13.61,LOW,Continue payment normally.
18220,UPI,Bank_B,0,1,NONE,SUCCESS,14.8,LOW,Continue payment normally.
13340,CARD,Bank_D,2,3,CARD_DECLINED,FAILED,89.23,HIGH,Try UPI or Net Banking instead of the card.
3230,UPI,Bank_A,0,1,BANK_ERROR,SUCCESS,34.24,MEDIUM,Try another bank or payment method.
17376,UPI,Bank_D,1,2,NONE,SUCCESS,39.08,MEDIUM,"Continue payment, but offer an alternate payment method if it fails."
8192,CARD,Bank_C,0,1,NONE,FAILED,23.84,LOW,Continue payment normally.
2361,NET_BANKING,Bank_C,0,1,NONE,SUCCESS,18.67,LOW,Continue payment normally.
17165,NET_BANKING,Bank_A,2,3,NETWORK_ERROR,FAILED,87.3,HIGH,Retry after a short delay or use another payment method.
12706,UPI,Bank_D,0,1,NONE,SUCCESS,17.54,LOW,Continue payment normally.
11579,UPI,Bank_A,0,1,NONE,SUCCESS,13.23,LOW,Continue payment normally.
11567,UPI,Bank_B,2,3,NONE,FAILED,55.17,MEDIUM,"Continue payment, but offer an alternate payment method if it fails."
9821,UPI,Bank_D,0,1,NETWORK_ERROR,SUCCESS,47.28,MEDIUM,Retry after a short delay or use another payment method.
11737,UPI,Bank_B,2,3,NONE,FAILED,62.46,MEDIUM,"Continue payment, but offer an alternate payment method if it fails."
16579,UPI,Bank_A,0,1,NONE,SUCCESS,16.35,LOW,Continue payment normally.
11135,UPI,Bank_B,1,2,NONE,FAILED,34.12,MEDIUM,"Continue payment, but offer an alternate payment method if it fails."
11109,CARD,Bank_C,0,1,AUTH_ERROR,FAILED,58.28,MEDIUM,Complete authentication and retry the payment.
15293,UPI,Bank_D,0,1,NONE,SUCCESS,17.28,LOW,Continue payment normally.
13429,UPI,Bank_A,0,1,NONE,SUCCESS,14.04,LOW,Continue payment normally.
19759,CARD,Bank_D,1,2,NONE,FAILED,47.89,MEDIUM,"Continue payment, but offer an alternate payment method if it fails."
8457,CARD,Bank_B,3,4,CARD_DECLINED,FAILED,94.95,HIGH,Try UPI or Net Banking instead of the card.
11009,CARD,Bank_A,0,1,NONE,FAILED,15.89,LOW,Continue payment normally.
7876,UPI,Bank_C,0,1,NONE,SUCCESS,19.99,LOW,Continue payment normally.
12445,NET_BANKING,Bank_C,0,1,NONE,SUCCESS,24.68,LOW,Continue payment normally.
2102,UPI,Bank_A,0,1,BANK_ERROR,SUCCESS,37.55,MEDIUM,Try another bank or payment method.
6401,NET_BANKING,Bank_A,0,1,NONE,SUCCESS,16.79,LOW,Continue payment normally.
17975,UPI,Bank_B,0,1,NONE,SUCCESS,15.15,LOW,Continue payment normally.
6873,UPI,Bank_C,2,3,NONE,FAILED,66.85,MEDIUM,"Continue payment, but offer an alternate payment method if it fails."
9432,UPI,Bank_B,1,2,NONE,SUCCESS,34.03,MEDIUM,"Continue payment, but offer an alternate payment method if it fails."
14214,UPI,Bank_D,0,1,NONE,FAILED,18.25,LOW,Continue payment normally.
5528,UPI,Bank_C,2,3,NETWORK_ERROR,FAILED,89.67,HIGH,Retry after a short delay or use another payment method.
11669,NET_BANKING,Bank_C,0,1,NONE,FAILED,25.96,LOW,Continue payment normally.
12286,CARD,Bank_A,1,2,NONE,SUCCESS,36.13,MEDIUM,"Continue payment, but offer an alternate payment method if it fails."
5563,UPI,Bank_A,0,1,NONE,SUCCESS,13.33,LOW,Continue payment normally.
2876,UPI,Bank_C,2,3,AUTH_ERROR,FAILED,92.24,HIGH,Complete authentication and retry the payment.
17645,UPI,Bank_B,0,1,NONE,SUCCESS,14.13,LOW,Continue payment normally.
13106,UPI,Bank_C,0,1,NONE,SUCCESS,23.74,LOW,Continue payment normally.
1047,NET_BANKING,Bank_C,0,1,AUTH_ERROR,FAILED,56.78,MEDIUM,Complete authentication and retry the payment.
17246,UPI,Bank_C,0,1,NONE,SUCCESS,24.61,LOW,Continue payment normally.
15306,CARD,Bank_D,0,1,NETWORK_ERROR,SUCCESS,48.54,MEDIUM,Retry after a short delay or use another payment method.
8591,UPI,Bank_C,1,2,BANK_ERROR,FAILED,77.17,HIGH,Try another bank or payment method.
19165,NET_BANKING,Bank_D,0,1,BANK_ERROR,SUCCESS,57.56,MEDIUM,Try another bank or payment method.
787,UPI,Bank_A,0,1,NONE,SUCCESS,10.74,LOW,Continue payment normally.
15635,UPI,Bank_A,0,1,NONE,FAILED,13.43,LOW,Continue payment normally.
1115,UPI,Bank_B,3,4,NETWORK_ERROR,FAILED,94.51,HIGH,Retry after a short delay or use another payment method.
8083,CARD,Bank_A,0,1,AUTH_ERROR,SUCCESS,47.53,MEDIUM,Complete authentication and retry the payment.
6797,CARD,Bank_A,0,1,CARD_DECLINED,FAILED,41.34,MEDIUM,Try UPI or Net Banking instead of the card.
8766,UPI,Bank_B,1,2,NONE,FAILED,35.24,MEDIUM,"Continue payment, but offer an alternate payment method if it fails."
15895,UPI,Bank_B,0,1,NONE,FAILED,18.32,LOW,Continue payment normally.
8976,CARD,Bank_B,0,1,NONE,FAILED,15.43,LOW,Continue payment normally.
11706,CARD,Bank_C,1,2,CARD_DECLINED,FAILED,75.45,HIGH,Try UPI or Net Banking instead of the card.
17968,UPI,Bank_B,0,1,NONE,SUCCESS,14.76,LOW,Continue payment normally.
9195,UPI,Bank_B,1,2,NONE,SUCCESS,28.89,LOW,Continue payment normally.
15688,CARD,Bank_A,1,2,CARD_DECLINED,FAILED,71.71,HIGH,Try UPI or Net Banking instead of the card.
7764,NET_BANKING,Bank_D,3,4,NONE,FAILED,84.5,HIGH,"Continue payment, but offer an alternate payment method if it fails."
9341,UPI,Bank_C,1,2,NONE,SUCCESS,39.43,MEDIUM,"Continue payment, but offer an alternate payment method if it fails."
17155,UPI,Bank_B,0,1,NONE,SUCCESS,12.95,LOW,Continue payment normally.
16600,UPI,Bank_A,0,1,BANK_ERROR,SUCCESS,35.31,MEDIUM,Try another bank or payment method.
7245,UPI,Bank_C,0,1,NONE,SUCCESS,17.06,LOW,Continue payment normally.
8317,CARD,Bank_D,2,3,CARD_DECLINED,FAILED,89.26,HIGH,Try UPI or Net Banking instead of the card.
8984,CARD,Bank_C,0,1,CARD_DECLINED,FAILED,52.98,MEDIUM,Try UPI or Net Banking instead of the card.
158,UPI,Bank_B,1,2,NONE,FAILED,29.95,LOW,Continue payment normally.
11852,UPI,Bank_D,1,2,NETWORK_ERROR,FAILED,75.15,HIGH,Retry after a short delay or use another payment method.
12979,UPI,Bank_A,0,1,NONE,SUCCESS,12.38,LOW,Continue payment normally.
6395,CARD,Bank_C,0,1,NONE,FAILED,27.63,LOW,Continue payment normally.
10799,UPI,Bank_D,0,1,NONE,SUCCESS,20.05,LOW,Continue payment normally.
2651,CARD,Bank_D,1,2,AUTH_ERROR,FAILED,72.85,HIGH,Complete authentication and retry the payment.
17775,CARD,Bank_D,1,2,NONE,FAILED,48.51,MEDIUM,"Continue payment, but offer an alternate payment method if it fails."
14282,CARD,Bank_B,1,2,AUTH_ERROR,FAILED,70.17,HIGH,Complete authentication and retry the payment.
6112,CARD,Bank_C,0,1,AUTH_ERROR,FAILED,57.61,MEDIUM,Complete authentication and retry the payment.
5033,CARD,Bank_B,2,3,CARD_DECLINED,FAILED,84.58,HIGH,Try UPI or Net Banking instead of the card.
6768,CARD,Bank_C,1,2,AUTH_ERROR,FAILED,82.08,HIGH,Complete authentication and retry the payment.
13373,UPI,Bank_B,0,1,NONE,FAILED,13.35,LOW,Continue payment normally.
19174,UPI,Bank_B,0,1,NONE,SUCCESS,18.89,LOW,Continue payment normally.
16559,NET_BANKING,Bank_A,0,1,NONE,SUCCESS,16.07,LOW,Continue payment normally.
16435,CARD,Bank_C,0,1,NETWORK_ERROR,FAILED,56.66,MEDIUM,Retry after a short delay or use another payment method.
19335,UPI,Bank_A,1,2,NONE,SUCCESS,33.34,MEDIUM,"Continue payment, but offer an alternate payment method if it fails."
17821,CARD,Bank_A,0,1,NONE,SUCCESS,19.84,LOW,Continue payment normally.
817,CARD,Bank_B,0,1,NONE,SUCCESS,12.93,LOW,Continue payment normally.
9445,UPI,Bank_A,1,2,NONE,FAILED,35.72,MEDIUM,"Continue payment, but offer an alternate payment method if it fails."
15294,CARD,Bank_C,0,1,CARD_DECLINED,FAILED,57.91,MEDIUM,Try UPI or Net Banking instead of the card.
10958,UPI,Bank_A,0,1,NONE,SUCCESS,13.69,LOW,Continue payment normally.
11474,NET_BANKING,Bank_C,3,4,AUTH_ERROR,FAILED,97.52,HIGH,Complete authentication and retry the payment.
9960,UPI,Bank_A,3,4,NETWORK_ERROR,FAILED,93.94,HIGH,Retry after a short delay or use another payment method.
4080,UPI,Bank_D,0,1,NONE,SUCCESS,18.82,LOW,Continue payment normally.
12646,CARD,Bank_A,0,1,CARD_DECLINED,SUCCESS,43.05,MEDIUM,Try UPI or Net Banking instead of the card.
12329,UPI,Bank_C,0,1,NONE,FAILED,18.87,LOW,Continue payment normally.
3360,CARD,Bank_C,0,1,NONE,SUCCESS,24.24,LOW,Continue payment normally.
12634,UPI,Bank_A,0,1,AUTH_ERROR,SUCCESS,42.6,MEDIUM,Complete authentication and retry the payment.
6672,CARD,Bank_D,1,2,CARD_DECLINED,FAILED,74.35,HIGH,Try UPI or Net Banking instead of the card.
7883,UPI,Bank_D,2,3,BANK_ERROR,FAILED,88.83,HIGH,Try another bank or payment method.
14745,NET_BANKING,Bank_C,0,1,NONE,SUCCESS,29.84,LOW,Continue payment normally.
15479,UPI,Bank_B,0,1,NONE,FAILED,15.4,LOW,Continue payment normally.
4823,UPI,Bank_A,0,1,NONE,FAILED,12.86,LOW,Continue payment normally.
18196,UPI,Bank_D,3,4,NETWORK_ERROR,FAILED,95.66,HIGH,Retry after a short delay or use another payment method.
11290,UPI,Bank_C,0,1,NONE,SUCCESS,21.45,LOW,Continue payment normally.
10752,NET_BANKING,Bank_A,1,2,NONE,FAILED,38.17,MEDIUM,"Continue payment, but offer an alternate payment method if it fails."
6259,NET_BANKING,Bank_C,0,1,NONE,SUCCESS,24.47,LOW,Continue payment normally.
13375,UPI,Bank_D,0,1,NONE,SUCCESS,17.64,LOW,Continue payment normally.
4118,UPI,Bank_C,2,3,BANK_ERROR,FAILED,88.68,HIGH,Try another bank or payment method.
13349,CARD,Bank_C,1,2,NONE,FAILED,51.51,MEDIUM,"Continue payment, but offer an alternate payment method if it fails."
1202,NET_BANKING,Bank_C,0,1,BANK_ERROR,FAILED,56.63,MEDIUM,Try another bank or payment method.
8212,CARD,Bank_C,0,1,NONE,SUCCESS,19.36,LOW,Continue payment normally.
19910,UPI,Bank_B,1,2,NONE,FAILED,35.73,MEDIUM,"Continue payment, but offer an alternate payment method if it fails."
8732,UPI,Bank_B,2,3,BANK_ERROR,FAILED,87.44,HIGH,Try another bank or payment method.
13767,NET_BANKING,Bank_B,0,1,NONE,SUCCESS,15.27,LOW,Continue payment normally.
4343,UPI,Bank_C,0,1,NONE,SUCCESS,17.47,LOW,Continue payment normally.
17366,UPI,Bank_D,0,1,NONE,SUCCESS,20.03,LOW,Continue payment normally.
4430,CARD,Bank_D,0,1,NONE,SUCCESS,18.68,LOW,Continue payment normally.
14071,NET_BANKING,Bank_A,0,1,NONE,SUCCESS,17.65,LOW,Continue payment normally.
9101,UPI,Bank_D,0,1,NONE,FAILED,15.65,LOW,Continue payment normally.
8780,UPI,Bank_C,0,1,NONE,SUCCESS,18.47,LOW,Continue payment normally.
2613,CARD,Bank_D,0,1,CARD_DECLINED,FAILED,48.38,MEDIUM,Try UPI or Net Banking instead of the card.
16866,UPI,Bank_C,0,1,BANK_ERROR,FAILED,52.74,MEDIUM,Try another bank or payment method.
329,NET_BANKING,Bank_D,1,2,NONE,SUCCESS,40.57,MEDIUM,"Continue payment, but offer an alternate payment method if it fails."
5973,CARD,Bank_A,1,2,CARD_DECLINED,SUCCESS,70.66,HIGH,Try UPI or Net Banking instead of the card.
18989,UPI,Bank_B,0,1,NONE,SUCCESS,15.3,LOW,Continue payment normally.
18927,UPI,Bank_A,0,1,NONE,SUCCESS,11.78,LOW,Continue payment normally.
18495,UPI,Bank_B,1,2,NONE,SUCCESS,34.66,MEDIUM,"Continue payment, but offer an alternate payment method if it fails."
8272,UPI,Bank_A,1,2,NONE,SUCCESS,31.19,MEDIUM,"Continue payment, but offer an alternate payment method if it fails."
15840,UPI,Bank_A,0,1,NONE,SUCCESS,14.58,LOW,Continue payment normally.
8363,UPI,Bank_A,2,3,NETWORK_ERROR,FAILED,87.76,HIGH,Retry after a short delay or use another payment method.
8579,CARD,Bank_B,0,1,AUTH_ERROR,SUCCESS,42.34,MEDIUM,Complete authentication and retry the payment.
13509,UPI,Bank_C,0,1,NONE,SUCCESS,20.58,LOW,Continue payment normally.
5706,UPI,Bank_B,0,1,NONE,SUCCESS,15.52,LOW,Continue payment normally.
5332,CARD,Bank_D,0,1,NONE,SUCCESS,19.81,LOW,Continue payment normally.
333,UPI,Bank_D,0,1,NONE,SUCCESS,15.73,LOW,Continue payment normally.
18575,UPI,Bank_B,0,1,NONE,SUCCESS,18.78,LOW,Continue payment normally.
5023,UPI,Bank_B,2,3,NETWORK_ERROR,FAILED,87.37,HIGH,Retry after a short delay or use another payment method.
17648,NET_BANKING,Bank_D,0,1,NONE,SUCCESS,21.06,LOW,Continue payment normally.
17032,CARD,Bank_C,1,2,CARD_DECLINED,FAILED,77.72,HIGH,Try UPI or Net Banking instead of the card.
14230,UPI,Bank_B,0,1,NONE,SUCCESS,12.23,LOW,Continue payment normally.
19409,UPI,Bank_C,0,1,NONE,SUCCESS,23.95,LOW,Continue payment normally.
16123,CARD,Bank_C,3,4,AUTH_ERROR,FAILED,97.31,HIGH,Complete authentication and retry the payment.
4939,NET_BANKING,Bank_A,0,1,NONE,SUCCESS,13.92,LOW,Continue payment normally.
19061,UPI,Bank_A,0,1,NONE,SUCCESS,16.09,LOW,Continue payment normally.
1296,UPI,Bank_A,0,1,NONE,SUCCESS,11.1,LOW,Continue payment normally.
3358,NET_BANKING,Bank_C,0,1,NONE,SUCCESS,21.11,LOW,Continue payment normally.
4556,CARD,Bank_C,0,1,CARD_DECLINED,FAILED,54.84,MEDIUM,Try UPI or Net Banking instead of the card.
10535,UPI,Bank_B,0,1,NONE,SUCCESS,13.32,LOW,Continue payment normally.
1023,CARD,Bank_C,1,2,AUTH_ERROR,FAILED,80.06,HIGH,Complete authentication and retry the payment.
10346,NET_BANKING,Bank_D,0,1,AUTH_ERROR,SUCCESS,58.67,MEDIUM,Complete authentication and retry the payment.
6796,UPI,Bank_C,0,1,NONE,FAILED,19.07,LOW,Continue payment normally.
9381,CARD,Bank_C,1,2,NONE,FAILED,47.17,MEDIUM,"Continue payment, but offer an alternate payment method if it fails."
17260,UPI,Bank_A,0,1,NONE,FAILED,17.8,LOW,Continue payment normally.
13450,CARD,Bank_A,0,1,NONE,SUCCESS,18.78,LOW,Continue payment normally.
5639,CARD,Bank_B,1,2,NONE,FAILED,38.82,MEDIUM,"Continue payment, but offer an alternate payment method if it fails."
17496,CARD,Bank_B,1,2,NETWORK_ERROR,SUCCESS,69.63,MEDIUM,Retry after a short delay or use another payment method.
3362,NET_BANKING,Bank_B,0,1,NONE,FAILED,16.81,LOW,Continue payment normally.
17854,CARD,Bank_C,2,3,NETWORK_ERROR,FAILED,91.45,HIGH,Retry after a short delay or use another payment method.
3026,UPI,Bank_D,0,1,NONE,FAILED,17.72,LOW,Continue payment normally.
17416,CARD,Bank_D,2,3,CARD_DECLINED,SUCCESS,91.05,HIGH,Try UPI or Net Banking instead of the card.
7649,UPI,Bank_B,0,1,NONE,SUCCESS,13.84,LOW,Continue payment normally.
13333,UPI,Bank_C,0,1,BANK_ERROR,FAILED,53.63,MEDIUM,Try another bank or payment method.
18814,CARD,Bank_C,1,2,NONE,SUCCESS,47.59,MEDIUM,"Continue payment, but offer an alternate payment method if it fails."
11665,UPI,Bank_B,1,2,NONE,SUCCESS,31.13,MEDIUM,"Continue payment, but offer an alternate payment method if it fails."
645,NET_BANKING,Bank_B,3,4,BANK_ERROR,FAILED,95.12,HIGH,Try another bank or payment method.
14131,CARD,Bank_C,2,3,CARD_DECLINED,FAILED,90.98,HIGH,Try UPI or Net Banking instead of the card.
17504,UPI,Bank_C,0,1,NONE,SUCCESS,23.26,LOW,Continue payment normally.
11534,UPI,Bank_D,0,1,NONE,SUCCESS,21.49,LOW,Continue payment normally.
18325,UPI,Bank_C,1,2,NETWORK_ERROR,FAILED,79.51,HIGH,Retry after a short delay or use another payment method.
7846,CARD,Bank_C,0,1,NONE,SUCCESS,21.85,LOW,Continue payment normally.
16310,NET_BANKING,Bank_B,0,1,BANK_ERROR,SUCCESS,48.55,MEDIUM,Try another bank or payment method.
2270,UPI,Bank_C,0,1,NONE,SUCCESS,18.96,LOW,Continue payment normally.
11010,CARD,Bank_C,1,2,NONE,SUCCESS,51.21,MEDIUM,"Continue payment, but offer an alternate payment method if it fails."
16344,CARD,Bank_C,0,1,NONE,SUCCESS,23.61,LOW,Continue payment normally.
19548,NET_BANKING,Bank_C,0,1,NONE,FAILED,25.33,LOW,Continue payment normally.
17073,UPI,Bank_B,0,1,NONE,FAILED,16.26,LOW,Continue payment normally.
11511,UPI,Bank_A,0,1,NONE,SUCCESS,16.16,LOW,Continue payment normally.
10083,UPI,Bank_D,1,2,NONE,SUCCESS,41.17,MEDIUM,"Continue payment, but offer an alternate payment method if it fails."
10202,CARD,Bank_D,0,1,AUTH_ERROR,SUCCESS,54.56,MEDIUM,Complete authentication and retry the payment.
18913,UPI,Bank_A,0,1,NONE,SUCCESS,14.85,LOW,Continue payment normally.
10069,UPI,Bank_C,2,3,BANK_ERROR,FAILED,89.8,HIGH,Try another bank or payment method.
16346,CARD,Bank_D,0,1,NETWORK_ERROR,FAILED,58.58,MEDIUM,Retry after a short delay or use another payment method.
18545,UPI,Bank_A,0,1,NONE,SUCCESS,13.1,LOW,Continue payment normally.
5715,UPI,Bank_A,0,1,NONE,SUCCESS,11.0,LOW,Continue payment normally.
1639,CARD,Bank_B,1,2,NONE,SUCCESS,35.9,MEDIUM,"Continue payment, but offer an alternate payment method if it fails."
9275,NET_BANKING,Bank_A,0,1,BANK_ERROR,FAILED,48.31,MEDIUM,Try another bank or payment method.
9995,UPI,Bank_A,0,1,NONE,SUCCESS,14.7,LOW,Continue payment normally.
19490,NET_BANKING,Bank_B,0,1,AUTH_ERROR,FAILED,46.13,MEDIUM,Complete authentication and retry the payment.
12304,UPI,Bank_C,1,2,AUTH_ERROR,SUCCESS,80.15,HIGH,Complete authentication and retry the payment.
15808,CARD,Bank_A,0,1,NONE,SUCCESS,16.04,LOW,Continue payment normally.
10740,UPI,Bank_C,1,2,NONE,SUCCESS,40.23,MEDIUM,"Continue payment, but offer an alternate payment method if it fails."
1009,CARD,Bank_D,0,1,NONE,SUCCESS,20.78,LOW,Continue payment normally.
1033,UPI,Bank_B,2,3,NETWORK_ERROR,FAILED,83.92,HIGH,Retry after a short delay or use another payment method.
9392,UPI,Bank_A,1,2,NONE,SUCCESS,32.5,MEDIUM,"Continue payment, but offer an alternate payment method if it fails."
823,UPI,Bank_D,0,1,NONE,SUCCESS,16.89,LOW,Continue payment normally.
9835,UPI,Bank_B,0,1,NONE,SUCCESS,14.73,LOW,Continue payment normally.
19357,UPI,Bank_B,0,1,NONE,SUCCESS,15.16,LOW,Continue payment normally.
13424,CARD,Bank_C,0,1,NONE,SUCCESS,22.99,LOW,Continue payment normally.
1029,UPI,Bank_D,0,1,NONE,SUCCESS,15.42,LOW,Continue payment normally.
4560,CARD,Bank_A,0,1,NONE,FAILED,15.12,LOW,Continue payment normally.
5569,UPI,Bank_C,0,1,NONE,SUCCESS,16.78,LOW,Continue payment normally.
4653,CARD,Bank_A,0,1,CARD_DECLINED,FAILED,38.84,MEDIUM,Try UPI or Net Banking instead of the card.
15015,UPI,Bank_D,0,1,NONE,SUCCESS,20.6,LOW,Continue payment normally.
10815,UPI,Bank_D,0,1,NONE,SUCCESS,20.85,LOW,Continue payment normally.
11139,CARD,Bank_B,1,2,AUTH_ERROR,SUCCESS,70.05,HIGH,Complete authentication and retry the payment.
16228,NET_BANKING,Bank_A,0,1,NONE,SUCCESS,18.23,LOW,Continue payment normally.
12014,CARD,Bank_D,0,1,NONE,SUCCESS,23.27,LOW,Continue payment normally.
3977,CARD,Bank_C,0,1,NONE,SUCCESS,21.59,LOW,Continue payment normally.
19316,CARD,Bank_C,0,1,NONE,SUCCESS,22.53,LOW,Continue payment normally.
13074,CARD,Bank_A,2,3,AUTH_ERROR,FAILED,89.46,HIGH,Complete authentication and retry the payment.
14018,CARD,Bank_C,0,1,NETWORK_ERROR,FAILED,58.27,MEDIUM,Retry after a short delay or use another payment method.
861,NET_BANKING,Bank_A,0,1,NONE,SUCCESS,12.32,LOW,Continue payment normally.
8263,NET_BANKING,Bank_B,0,1,NETWORK_ERROR,FAILED,40.54,MEDIUM,Retry after a short delay or use another payment method.
17582,UPI,Bank_B,0,1,NONE,SUCCESS,15.31,LOW,Continue payment normally.
13959,CARD,Bank_D,2,3,AUTH_ERROR,FAILED,92.3,HIGH,Complete authentication and retry the payment.
19388,UPI,Bank_C,0,1,NONE,SUCCESS,23.94,LOW,Continue payment normally.
16927,UPI,Bank_B,2,3,BANK_ERROR,FAILED,85.85,HIGH,Try another bank or payment method.
10876,UPI,Bank_C,0,1,BANK_ERROR,FAILED,52.91,MEDIUM,Try another bank or payment method.
1785,UPI,Bank_A,0,1,NONE,SUCCESS,11.97,LOW,Continue payment normally.
3855,UPI,Bank_B,2,3,BANK_ERROR,FAILED,83.85,HIGH,Try another bank or payment method.
11610,UPI,Bank_A,1,2,NETWORK_ERROR,FAILED,68.36,MEDIUM,Retry after a short delay or use another payment method.
1825,UPI,Bank_C,3,4,NONE,FAILED,86.59,HIGH,"Continue payment, but offer an alternate payment method if it fails."
15623,UPI,Bank_D,0,1,NETWORK_ERROR,FAILED,48.63,MEDIUM,Retry after a short delay or use another payment method.
2192,UPI,Bank_C,1,2,NONE,SUCCESS,37.44,MEDIUM,"Continue payment, but offer an alternate payment method if it fails."
2642,UPI,Bank_B,2,3,NONE,FAILED,57.61,MEDIUM,"Continue payment, but offer an alternate payment method if it fails."
16792,CARD,Bank_D,3,4,NETWORK_ERROR,FAILED,96.38,HIGH,Retry after a short delay or use another payment method.
8744,CARD,Bank_D,2,3,CARD_DECLINED,FAILED,88.55,HIGH,Try UPI or Net Banking instead of the card.
9388,UPI,Bank_D,0,1,NONE,SUCCESS,19.07,LOW,Continue payment normally.
2937,UPI,Bank_D,0,1,NETWORK_ERROR,FAILED,50.36,MEDIUM,Retry after a short delay or use another payment method.
681,UPI,Bank_C,0,1,NONE,SUCCESS,16.86,LOW,Continue payment normally.
11684,NET_BANKING,Bank_A,2,3,NONE,FAILED,61.13,MEDIUM,"Continue payment, but offer an alternate payment method if it fails."
9162,UPI,Bank_C,1,2,NETWORK_ERROR,FAILED,78.77,HIGH,Retry after a short delay or use another payment method.
17625,UPI,Bank_D,0,1,NONE,SUCCESS,17.68,LOW,Continue payment normally.
17110,NET_BANKING,Bank_B,0,1,NONE,SUCCESS,17.07,LOW,Continue payment normally.
19577,UPI,Bank_C,0,1,NONE,FAILED,23.14,LOW,Continue payment normally.
16360,CARD,Bank_A,0,1,NONE,SUCCESS,17.2,LOW,Continue payment normally.
17953,NET_BANKING,Bank_A,2,3,NETWORK_ERROR,FAILED,88.4,HIGH,Retry after a short delay or use another payment method.
17314,CARD,Bank_C,0,1,NONE,SUCCESS,28.64,LOW,Continue payment normally.
10102,UPI,Bank_D,0,1,NONE,SUCCESS,16.43,LOW,Continue payment normally.
16320,UPI,Bank_A,0,1,NONE,SUCCESS,13.33,LOW,Continue payment normally.
9167,UPI,Bank_A,0,1,NONE,SUCCESS,15.79,LOW,Continue payment normally.
2879,CARD,Bank_D,2,3,NETWORK_ERROR,FAILED,90.11,HIGH,Retry after a short delay or use another payment method.
14937,UPI,Bank_A,2,3,NONE,SUCCESS,63.58,MEDIUM,"Continue payment, but offer an alternate payment method if it fails."
11663,CARD,Bank_B,0,1,CARD_DECLINED,SUCCESS,44.41,MEDIUM,Try UPI or Net Banking instead of the card.
16318,CARD,Bank_B,0,1,NONE,SUCCESS,14.92,LOW,Continue payment normally.
6655,UPI,Bank_B,0,1,NONE,SUCCESS,11.3,LOW,Continue payment normally.
14327,UPI,Bank_C,0,1,NONE,SUCCESS,21.79,LOW,Continue payment normally.
1181,UPI,Bank_B,0,1,NONE,SUCCESS,13.5,LOW,Continue payment normally.
18916,UPI,Bank_A,3,4,BANK_ERROR,FAILED,94.8,HIGH,Try another bank or payment method.
17483,CARD,Bank_A,0,1,NONE,SUCCESS,20.28,LOW,Continue payment normally.
12863,UPI,Bank_B,0,1,NETWORK_ERROR,FAILED,36.38,MEDIUM,Retry after a short delay or use another payment method.
13811,NET_BANKING,Bank_B,0,1,NETWORK_ERROR,FAILED,51.48,MEDIUM,Retry after a short delay or use another payment method.
630,UPI,Bank_D,1,2,NONE,SUCCESS,39.66,MEDIUM,"Continue payment, but offer an alternate payment method if it fails."
2813,UPI,Bank_D,0,1,AUTH_ERROR,SUCCESS,48.8,MEDIUM,Complete authentication and retry the payment.
15612,CARD,Bank_A,2,3,AUTH_ERROR,FAILED,88.52,HIGH,Complete authentication and retry the payment.
14536,NET_BANKING,Bank_B,0,1,BANK_ERROR,SUCCESS,47.25,MEDIUM,Try another bank or payment method.
6665,NET_BANKING,Bank_C,0,1,BANK_ERROR,FAILED,51.17,MEDIUM,Try another bank or payment method.
1715,UPI,Bank_A,2,3,NONE,FAILED,57.24,MEDIUM,"Continue payment, but offer an alternate payment method if it fails."
18646,CARD,Bank_D,0,1,NONE,FAILED,25.56,LOW,Continue payment normally.
109,UPI,Bank_B,1,2,NONE,SUCCESS,32.26,MEDIUM,"Continue payment, but offer an alternate payment method if it fails."
17696,UPI,Bank_D,0,1,BANK_ERROR,FAILED,42.43,MEDIUM,Try another bank or payment method.
18966,NET_BANKING,Bank_C,0,1,NONE,SUCCESS,25.52,LOW,Continue payment normally.
8043,NET_BANKING,Bank_B,0,1,NONE,SUCCESS,18.05,LOW,Continue payment normally.
6159,UPI,Bank_C,1,2,NETWORK_ERROR,SUCCESS,78.42,HIGH,Retry after a short delay or use another payment method.
17394,CARD,Bank_D,1,2,NETWORK_ERROR,FAILED,80.11,HIGH,Retry after a short delay or use another payment method.
1861,CARD,Bank_B,0,1,NONE,SUCCESS,15.17,LOW,Continue payment normally.
12578,CARD,Bank_C,0,1,NONE,SUCCESS,25.11,LOW,Continue payment normally.
3038,UPI,Bank_C,3,4,BANK_ERROR,FAILED,96.33,HIGH,Try another bank or payment method.
16320,NET_BANKING,Bank_B,0,1,NONE,SUCCESS,19.27,LOW,Continue payment normally.
3649,UPI,Bank_D,1,2,NETWORK_ERROR,SUCCESS,72.71,HIGH,Retry after a short delay or use another payment method.
1968,UPI,Bank_D,0,1,NONE,SUCCESS,15.17,LOW,Continue payment normally.
16058,NET_BANKING,Bank_C,2,3,BANK_ERROR,FAILED,93.78,HIGH,Try another bank or payment method.
9591,NET_BANKING,Bank_C,2,3,BANK_ERROR,SUCCESS,93.03,HIGH,Try another bank or payment method.
2746,UPI,Bank_D,1,2,BANK_ERROR,FAILED,73.61,HIGH,Try another bank or payment method.
13553,UPI,Bank_D,0,1,NONE,SUCCESS,17.21,LOW,Continue payment normally.
16109,CARD,Bank_C,0,1,NONE,FAILED,28.38,LOW,Continue payment normally.
17909,UPI,Bank_A,2,3,AUTH_ERROR,FAILED,88.15,HIGH,Complete authentication and retry the payment.
6576,UPI,Bank_D,1,2,NETWORK_ERROR,FAILED,76.88,HIGH,Retry after a short delay or use another payment method.
14858,UPI,Bank_C,1,2,BANK_ERROR,SUCCESS,77.11,HIGH,Try another bank or payment method.
11495,UPI,Bank_B,3,4,BANK_ERROR,FAILED,95.15,HIGH,Try another bank or payment method.
19622,UPI,Bank_B,0,1,NETWORK_ERROR,SUCCESS,47.44,MEDIUM,Retry after a short delay or use another payment method.
16419,UPI,Bank_B,0,1,NONE,SUCCESS,15.94,LOW,Continue payment normally.
19648,UPI,Bank_D,0,1,NONE,FAILED,22.61,LOW,Continue payment normally.
13775,UPI,Bank_B,2,3,BANK_ERROR,FAILED,83.32,HIGH,Try another bank or payment method.
7705,UPI,Bank_B,1,2,NONE,SUCCESS,37.13,MEDIUM,"Continue payment, but offer an alternate payment method if it fails."
14042,UPI,Bank_A,0,1,NONE,SUCCESS,15.72,LOW,Continue payment normally.
935,UPI,Bank_D,0,1,NONE,FAILED,15.84,LOW,Continue payment normally.
17072,CARD,Bank_B,0,1,NONE,SUCCESS,16.93,LOW,Continue payment normally.
8301,UPI,Bank_C,0,1,BANK_ERROR,FAILED,51.79,MEDIUM,Try another bank or payment method.
13385,NET_BANKING,Bank_B,0,1,NONE,SUCCESS,17.59,LOW,Continue payment normally.
14359,NET_BANKING,Bank_A,2,3,BANK_ERROR,FAILED,88.22,HIGH,Try another bank or payment method.
8906,UPI,Bank_B,0,1,NONE,FAILED,12.93,LOW,Continue payment normally.
13082,UPI,Bank_A,1,2,NONE,SUCCESS,36.68,MEDIUM,"Continue payment, but offer an alternate payment method if it fails."
1295,UPI,Bank_D,0,1,NONE,SUCCESS,16.52,LOW,Continue payment normally.
8569,NET_BANKING,Bank_A,2,3,BANK_ERROR,FAILED,85.09,HIGH,Try another bank or payment method.
18806,UPI,Bank_C,0,1,NONE,SUCCESS,25.25,LOW,Continue payment normally.
19703,UPI,Bank_D,1,2,BANK_ERROR,FAILED,70.35,HIGH,Try another bank or payment method.
11429,UPI,Bank_C,2,3,BANK_ERROR,FAILED,91.16,HIGH,Try another bank or payment method.
6057,CARD,Bank_A,0,1,NONE,SUCCESS,13.79,LOW,Continue payment normally.
9369,UPI,Bank_B,1,2,AUTH_ERROR,FAILED,69.94,MEDIUM,Complete authentication and retry the payment.
436,UPI,Bank_D,0,1,NETWORK_ERROR,FAILED,46.1,MEDIUM,Retry after a short delay or use another payment method.
19970,UPI,Bank_C,0,1,NONE,SUCCESS,18.56,LOW,Continue payment normally.
19494,UPI,Bank_A,0,1,NONE,SUCCESS,12.68,LOW,Continue payment normally.
16221,UPI,Bank_C,2,3,AUTH_ERROR,FAILED,91.66,HIGH,Complete authentication and retry the payment.
3104,CARD,Bank_A,0,1,NONE,SUCCESS,16.35,LOW,Continue payment normally.
6865,CARD,Bank_A,1,2,AUTH_ERROR,FAILED,73.1,HIGH,Complete authentication and retry the payment.
3621,NET_BANKING,Bank_D,0,1,NONE,FAILED,19.64,LOW,Continue payment normally.
12259,UPI,Bank_A,1,2,BANK_ERROR,SUCCESS,64.91,MEDIUM,Try another bank or payment method.
18505,CARD,Bank_B,0,1,NONE,SUCCESS,15.25,LOW,Continue payment normally.
10404,UPI,Bank_B,1,2,NONE,SUCCESS,34.25,MEDIUM,"Continue payment, but offer an alternate payment method if it fails."
9579,CARD,Bank_B,1,2,NONE,FAILED,36.94,MEDIUM,"Continue payment, but offer an alternate payment method if it fails."
7660,CARD,Bank_C,3,4,AUTH_ERROR,FAILED,97.57,HIGH,Complete authentication and retry the payment.
13534,CARD,Bank_A,0,1,CARD_DECLINED,SUCCESS,48.73,MEDIUM,Try UPI or Net Banking instead of the card.
4383,UPI,Bank_D,0,1,NONE,SUCCESS,15.73,LOW,Continue payment normally.
10558,UPI,Bank_A,0,1,NONE,SUCCESS,13.64,LOW,Continue payment normally.
15296,UPI,Bank_A,2,3,NONE,SUCCESS,58.48,MEDIUM,"Continue payment, but offer an alternate payment method if it fails."
13627,CARD,Bank_D,1,2,NONE,SUCCESS,46.13,MEDIUM,"Continue payment, but offer an alternate payment method if it fails."
8229,UPI,Bank_C,0,1,BANK_ERROR,SUCCESS,47.06,MEDIUM,Try another bank or payment method.
12036,NET_BANKING,Bank_A,1,2,NONE,SUCCESS,40.02,MEDIUM,"Continue payment, but offer an alternate payment method if it fails."
15321,UPI,Bank_A,1,2,NONE,SUCCESS,34.75,MEDIUM,"Continue payment, but offer an alternate payment method if it fails."
15318,NET_BANKING,Bank_D,1,2,AUTH_ERROR,FAILED,77.26,HIGH,Complete authentication and retry the payment.
1265,CARD,Bank_B,0,1,NONE,SUCCESS,15.91,LOW,Continue payment normally.
10068,NET_BANKING,Bank_A,1,2,NONE,FAILED,37.21,MEDIUM,"Continue payment, but offer an alternate payment method if it fails."
8874,UPI,Bank_C,0,1,NONE,SUCCESS,24.53,LOW,Continue payment normally.
19689,UPI,Bank_D,2,3,NETWORK_ERROR,FAILED,89.47,HIGH,Retry after a short delay or use another payment method.
7090,UPI,Bank_D,1,2,NONE,FAILED,44.57,MEDIUM,"Continue payment, but offer an alternate payment method if it fails."
9017,UPI,Bank_A,0,1,NONE,SUCCESS,13.43,LOW,Continue payment normally.
5253,CARD,Bank_B,0,1,NONE,SUCCESS,14.68,LOW,Continue payment normally.
14761,UPI,Bank_B,0,1,NONE,SUCCESS,15.68,LOW,Continue payment normally.
15143,CARD,Bank_B,1,2,NETWORK_ERROR,FAILED,75.3,HIGH,Retry after a short delay or use another payment method.
4703,UPI,Bank_D,0,1,NONE,SUCCESS,18.71,LOW,Continue payment normally.
2303,UPI,Bank_D,2,3,NETWORK_ERROR,FAILED,87.04,HIGH,Retry after a short delay or use another payment method.
9624,UPI,Bank_B,1,2,NONE,SUCCESS,32.31,MEDIUM,"Continue payment, but offer an alternate payment method if it fails."
15952,NET_BANKING,Bank_C,2,3,NETWORK_ERROR,FAILED,92.29,HIGH,Retry after a short delay or use another payment method.
9090,NET_BANKING,Bank_D,0,1,NONE,SUCCESS,16.01,LOW,Continue payment normally.
10413,UPI,Bank_A,0,1,NONE,SUCCESS,15.17,LOW,Continue payment normally.
16132,UPI,Bank_D,3,4,BANK_ERROR,FAILED,96.1,HIGH,Try another bank or payment method.
3590,UPI,Bank_A,0,1,NONE,SUCCESS,16.39,LOW,Continue payment normally.
19989,NET_BANKING,Bank_D,0,1,NONE,SUCCESS,19.21,LOW,Continue payment normally.
9344,CARD,Bank_C,1,2,NONE,FAILED,50.33,MEDIUM,"Continue payment, but offer an alternate payment method if it fails."
6724,CARD,Bank_C,0,1,NONE,SUCCESS,20.56,LOW,Continue payment normally.
6557,UPI,Bank_B,0,1,NONE,FAILED,13.7,LOW,Continue payment normally.
16208,NET_BANKING,Bank_C,0,1,NONE,FAILED,24.04,LOW,Continue payment normally.
11076,CARD,Bank_D,0,1,NONE,FAILED,19.63,LOW,Continue payment normally.
13368,CARD,Bank_A,0,1,NONE,SUCCESS,14.43,LOW,Continue payment normally.
2903,UPI,Bank_A,3,4,NONE,FAILED,77.93,HIGH,"Continue payment, but offer an alternate payment method if it fails."
4782,NET_BANKING,Bank_D,0,1,NONE,FAILED,19.14,LOW,Continue payment normally.
16009,UPI,Bank_B,0,1,AUTH_ERROR,SUCCESS,46.39,MEDIUM,Complete authentication and retry the payment.
18832,CARD,Bank_C,1,2,AUTH_ERROR,SUCCESS,81.38,HIGH,Complete authentication and retry the payment.
10785,UPI,Bank_B,2,3,AUTH_ERROR,FAILED,85.44,HIGH,Complete authentication and retry the payment.
18181,UPI,Bank_A,0,1,NONE,SUCCESS,12.02,LOW,Continue payment normally.
11066,NET_BANKING,Bank_C,0,1,BANK_ERROR,FAILED,54.8,MEDIUM,Try another bank or payment method.
13701,NET_BANKING,Bank_D,0,1,NONE,FAILED,22.68,LOW,Continue payment normally.
9456,CARD,Bank_A,2,3,CARD_DECLINED,FAILED,89.05,HIGH,Try UPI or Net Banking instead of the card.
18284,NET_BANKING,Bank_D,0,1,NETWORK_ERROR,FAILED,56.69,MEDIUM,Retry after a short delay or use another payment method.
9165,CARD,Bank_C,0,1,NONE,FAILED,26.73,LOW,Continue payment normally.
9537,UPI,Bank_C,0,1,NONE,FAILED,20.56,LOW,Continue payment normally.
15226,UPI,Bank_B,0,1,NONE,SUCCESS,12.35,LOW,Continue payment normally.
6108,UPI,Bank_B,0,1,NONE,SUCCESS,12.55,LOW,Continue payment normally.
17227,UPI,Bank_B,0,1,NETWORK_ERROR,FAILED,43.63,MEDIUM,Retry after a short delay or use another payment method.
18318,UPI,Bank_C,2,3,NETWORK_ERROR,FAILED,92.41,HIGH,Retry after a short delay or use another payment method.
13747,UPI,Bank_B,0,1,NONE,SUCCESS,15.33,LOW,Continue payment normally.
5165,NET_BANKING,Bank_A,0,1,NONE,SUCCESS,15.32,LOW,Continue payment normally.
9380,UPI,Bank_A,1,2,AUTH_ERROR,FAILED,69.5,MEDIUM,Complete authentication and retry the payment.
7711,NET_BANKING,Bank_C,0,1,AUTH_ERROR,FAILED,59.04,MEDIUM,Complete authentication and retry the payment.
17342,CARD,Bank_C,0,1,NONE,SUCCESS,25.85,LOW,Continue payment normally.
1076,UPI,Bank_D,2,3,AUTH_ERROR,FAILED,90.76,HIGH,Complete authentication and retry the payment.
4771,UPI,Bank_D,1,2,NONE,FAILED,38.2,MEDIUM,"Continue payment, but offer an alternate payment method if it fails."
4059,NET_BANKING,Bank_C,0,1,NETWORK_ERROR,SUCCESS,56.03,MEDIUM,Retry after a short delay or use another payment method.
8982,CARD,Bank_A,0,1,CARD_DECLINED,FAILED,40.44,MEDIUM,Try UPI or Net Banking instead of the card.
19661,UPI,Bank_D,3,4,NETWORK_ERROR,FAILED,96.27,HIGH,Retry after a short delay or use another payment method.
10617,CARD,Bank_A,3,4,CARD_DECLINED,FAILED,94.9,HIGH,Try UPI or Net Banking instead of the card.
12994,UPI,Bank_C,1,2,NETWORK_ERROR,FAILED,75.41,HIGH,Retry after a short delay or use another payment method.
19153,UPI,Bank_D,1,2,BANK_ERROR,SUCCESS,71.48,HIGH,Try another bank or payment method.
2415,UPI,Bank_C,1,2,NONE,FAILED,38.64,MEDIUM,"Continue payment, but offer an alternate payment method if it fails."
17872,NET_BANKING,Bank_A,0,1,NETWORK_ERROR,FAILED,46.71,MEDIUM,Retry after a short delay or use another payment method.
14152,CARD,Bank_A,0,1,CARD_DECLINED,SUCCESS,42.32,MEDIUM,Try UPI or Net Banking instead of the card.
3286,CARD,Bank_B,0,1,NONE,SUCCESS,16.42,LOW,Continue payment normally.
1645,CARD,Bank_B,0,1,NONE,SUCCESS,12.87,LOW,Continue payment normally.
6810,CARD,Bank_A,0,1,NONE,SUCCESS,15.24,LOW,Continue payment normally.
5571,UPI,Bank_B,2,3,BANK_ERROR,FAILED,80.5,HIGH,Try another bank or payment method.
14970,UPI,Bank_A,0,1,NETWORK_ERROR,SUCCESS,39.04,MEDIUM,Retry after a short delay or use another payment method.
3394,UPI,Bank_C,0,1,NONE,SUCCESS,17.77,LOW,Continue payment normally.
362,UPI,Bank_D,0,1,NONE,SUCCESS,16.37,LOW,Continue payment normally.
1458,UPI,Bank_A,0,1,NONE,SUCCESS,10.98,LOW,Continue payment normally.
12209,UPI,Bank_D,1,2,NONE,SUCCESS,38.76,MEDIUM,"Continue payment, but offer an alternate payment method if it fails."
13796,CARD,Bank_B,0,1,NONE,SUCCESS,21.17,LOW,Continue payment normally.
2441,UPI,Bank_B,0,1,NONE,SUCCESS,10.98,LOW,Continue payment normally.
18388,UPI,Bank_B,0,1,NONE,SUCCESS,12.43,LOW,Continue payment normally.
15797,UPI,Bank_A,0,1,NONE,SUCCESS,13.62,LOW,Continue payment normally.
2079,UPI,Bank_C,0,1,NONE,SUCCESS,15.8,LOW,Continue payment normally.
18655,CARD,Bank_B,0,1,NONE,SUCCESS,15.07,LOW,Continue payment normally.
13979,UPI,Bank_C,2,3,NETWORK_ERROR,FAILED,90.94,HIGH,Retry after a short delay or use another payment method.
15768,CARD,Bank_B,2,3,AUTH_ERROR,FAILED,91.64,HIGH,Complete authentication and retry the payment.
14774,NET_BANKING,Bank_D,0,1,BANK_ERROR,FAILED,55.9,MEDIUM,Try another bank or payment method.
17718,UPI,Bank_A,0,1,NONE,SUCCESS,15.88,LOW,Continue payment normally.
14049,UPI,Bank_A,0,1,NONE,SUCCESS,13.94,LOW,Continue payment normally.
7108,UPI,Bank_B,2,3,NONE,FAILED,64.81,MEDIUM,"Continue payment, but offer an alternate payment method if it fails."
13917,UPI,Bank_A,1,2,NONE,FAILED,35.81,MEDIUM,"Continue payment, but offer an alternate payment method if it fails."
9943,UPI,Bank_C,0,1,NONE,SUCCESS,20.41,LOW,Continue payment normally.
1746,UPI,Bank_A,1,2,NONE,SUCCESS,35.41,MEDIUM,"Continue payment, but offer an alternate payment method if it fails."
915,UPI,Bank_D,1,2,BANK_ERROR,SUCCESS,68.97,MEDIUM,Try another bank or payment method.
13364,UPI,Bank_A,0,1,NONE,SUCCESS,16.46,LOW,Continue payment normally.
622,CARD,Bank_D,0,1,NONE,FAILED,18.72,LOW,Continue payment normally.
4340,UPI,Bank_B,0,1,NETWORK_ERROR,SUCCESS,34.42,MEDIUM,Retry after a short delay or use another payment method.
18381,CARD,Bank_A,0,1,NONE,SUCCESS,17.09,LOW,Continue payment normally.
14602,CARD,Bank_B,0,1,NONE,SUCCESS,18.1,LOW,Continue payment normally.
17278,CARD,Bank_A,0,1,CARD_DECLINED,SUCCESS,46.3,MEDIUM,Try UPI or Net Banking instead of the card.
14010,CARD,Bank_D,1,2,NONE,SUCCESS,40.08,MEDIUM,"Continue payment, but offer an alternate payment method if it fails."
12783,UPI,Bank_C,0,1,NONE,SUCCESS,19.44,LOW,Continue payment normally.
4654,CARD,Bank_A,2,3,NONE,SUCCESS,60.02,MEDIUM,"Continue payment, but offer an alternate payment method if it fails."
19910,CARD,Bank_B,0,1,NONE,SUCCESS,21.05,LOW,Continue payment normally.
5624,UPI,Bank_C,0,1,BANK_ERROR,SUCCESS,51.37,MEDIUM,Try another bank or payment method.
16849,UPI,Bank_A,0,1,NONE,FAILED,13.77,LOW,Continue payment normally.
8329,CARD,Bank_A,2,3,NONE,FAILED,62.17,MEDIUM,"Continue payment, but offer an alternate payment method if it fails."
4410,UPI,Bank_D,0,1,NONE,SUCCESS,15.95,LOW,Continue payment normally.
10413,UPI,Bank_C,1,2,NONE,SUCCESS,43.19,MEDIUM,"Continue payment, but offer an alternate payment method if it fails."
15799,CARD,Bank_B,0,1,NONE,FAILED,20.52,LOW,Continue payment normally.
4963,CARD,Bank_D,0,1,NONE,FAILED,15.86,LOW,Continue payment normally.
19154,UPI,Bank_C,0,1,BANK_ERROR,FAILED,55.71,MEDIUM,Try another bank or payment method.
2540,UPI,Bank_D,1,2,NONE,SUCCESS,35.04,MEDIUM,"Continue payment, but offer an alternate payment method if it fails."
16574,NET_BANKING,Bank_A,0,1,NETWORK_ERROR,FAILED,42.43,MEDIUM,Retry after a short delay or use another payment method.
463,UPI,Bank_A,0,1,NONE,FAILED,15.48,LOW,Continue payment normally.
11178,CARD,Bank_A,0,1,NONE,SUCCESS,14.33,LOW,Continue payment normally.
8976,UPI,Bank_D,3,4,AUTH_ERROR,FAILED,96.22,HIGH,Complete authentication and retry the payment.
19093,CARD,Bank_C,0,1,CARD_DECLINED,FAILED,60.54,MEDIUM,Try UPI or Net Banking instead of the card.
15736,UPI,Bank_A,0,1,NONE,FAILED,17.54,LOW,Continue payment normally.
3117,CARD,Bank_B,0,1,AUTH_ERROR,FAILED,45.01,MEDIUM,Complete authentication and retry the payment.
12715,CARD,Bank_D,0,1,NETWORK_ERROR,FAILED,57.15,MEDIUM,Retry after a short delay or use another payment method.
8178,UPI,Bank_B,1,2,NONE,SUCCESS,33.7,MEDIUM,"Continue payment, but offer an alternate payment method if it fails."
11730,UPI,Bank_D,2,3,NETWORK_ERROR,FAILED,88.56,HIGH,Retry after a short delay or use another payment method.
16617,UPI,Bank_D,1,2,NONE,SUCCESS,46.93,MEDIUM,"Continue payment, but offer an alternate payment method if it fails."
18171,UPI,Bank_B,1,2,NONE,SUCCESS,36.34,MEDIUM,"Continue payment, but offer an alternate payment method if it fails."
14335,CARD,Bank_A,0,1,NONE,FAILED,18.01,LOW,Continue payment normally.
16400,CARD,Bank_C,0,1,NONE,FAILED,25.93,LOW,Continue payment normally.
6426,UPI,Bank_D,0,1,NONE,SUCCESS,15.84,LOW,Continue payment normally.
10519,UPI,Bank_C,1,2,NONE,SUCCESS,41.65,MEDIUM,"Continue payment, but offer an alternate payment method if it fails."
10647,UPI,Bank_B,0,1,NONE,SUCCESS,12.45,LOW,Continue payment normally.
304,CARD,Bank_B,0,1,NONE,SUCCESS,12.51,LOW,Continue payment normally.
2455,CARD,Bank_C,1,2,NONE,SUCCESS,42.44,MEDIUM,"Continue payment, but offer an alternate payment method if it fails."
16688,CARD,Bank_B,0,1,NONE,SUCCESS,20.95,LOW,Continue payment normally.
16118,UPI,Bank_A,0,1,NONE,SUCCESS,13.12,LOW,Continue payment normally.
5455,UPI,Bank_A,0,1,NONE,SUCCESS,14.06,LOW,Continue payment normally.
16041,UPI,Bank_A,2,3,BANK_ERROR,FAILED,86.03,HIGH,Try another bank or payment method.
3323,CARD,Bank_A,0,1,NONE,SUCCESS,16.39,LOW,Continue payment normally.
3198,CARD,Bank_C,1,2,NONE,FAILED,46.56,MEDIUM,"Continue payment, but offer an alternate payment method if it fails."
1104,UPI,Bank_D,1,2,NONE,SUCCESS,39.39,MEDIUM,"Continue payment, but offer an alternate payment method if it fails."
8453,UPI,Bank_A,0,1,NONE,SUCCESS,11.17,LOW,Continue payment normally.
11594,UPI,Bank_A,0,1,NONE,SUCCESS,11.85,LOW,Continue payment normally.
17157,UPI,Bank_B,0,1,NONE,SUCCESS,15.66,LOW,Continue payment normally.
2048,UPI,Bank_B,3,4,NONE,SUCCESS,78.91,HIGH,"Continue payment, but offer an alternate payment method if it fails."
5545,UPI,Bank_B,2,3,AUTH_ERROR,FAILED,85.26,HIGH,Complete authentication and retry the payment.
14959,UPI,Bank_D,3,4,BANK_ERROR,FAILED,95.05,HIGH,Try another bank or payment method.
831,UPI,Bank_B,2,3,NONE,SUCCESS,60.92,MEDIUM,"Continue payment, but offer an alternate payment method if it fails."
17767,UPI,Bank_A,0,1,NONE,SUCCESS,16.1,LOW,Continue payment normally.
16589,CARD,Bank_C,0,1,NETWORK_ERROR,SUCCESS,59.39,MEDIUM,Retry after a short delay or use another payment method.
13236,CARD,Bank_D,0,1,NONE,SUCCESS,20.54,LOW,Continue payment normally.
2382,UPI,Bank_C,3,4,BANK_ERROR,FAILED,94.94,HIGH,Try another bank or payment method.
16447,UPI,Bank_D,0,1,BANK_ERROR,SUCCESS,53.39,MEDIUM,Try another bank or payment method.
15549,UPI,Bank_A,0,1,NONE,FAILED,14.75,LOW,Continue payment normally.
542,CARD,Bank_D,0,1,CARD_DECLINED,FAILED,52.48,MEDIUM,Try UPI or Net Banking instead of the card.
9357,CARD,Bank_B,0,1,NONE,SUCCESS,15.08,LOW,Continue payment normally.
9074,CARD,Bank_C,0,1,NONE,SUCCESS,23.46,LOW,Continue payment normally.
3072,UPI,Bank_A,0,1,NONE,SUCCESS,13.73,LOW,Continue payment normally.
5881,CARD,Bank_A,0,1,NONE,SUCCESS,12.68,LOW,Continue payment normally.
16341,UPI,Bank_C,0,1,NONE,FAILED,18.61,LOW,Continue payment normally.
5450,UPI,Bank_A,3,4,NETWORK_ERROR,FAILED,95.4,HIGH,Retry after a short delay or use another payment method.
3071,UPI,Bank_A,1,2,NONE,SUCCESS,31.22,MEDIUM,"Continue payment, but offer an alternate payment method if it fails."
14996,NET_BANKING,Bank_A,1,2,BANK_ERROR,SUCCESS,67.6,MEDIUM,Try another bank or payment method.
3316,CARD,Bank_A,0,1,NONE,SUCCESS,14.94,LOW,Continue payment normally.
15241,UPI,Bank_B,2,3,NETWORK_ERROR,FAILED,87.99,HIGH,Retry after a short delay or use another payment method.
12098,CARD,Bank_B,0,1,NONE,SUCCESS,17.44,LOW,Continue payment normally.
18645,UPI,Bank_A,0,1,NONE,FAILED,18.97,LOW,Continue payment normally.
7523,UPI,Bank_B,2,3,AUTH_ERROR,FAILED,88.21,HIGH,Complete authentication and retry the payment.
13643,UPI,Bank_C,3,4,NONE,SUCCESS,89.53,HIGH,"Continue payment, but offer an alternate payment method if it fails."
5557,CARD,Bank_D,0,1,NONE,SUCCESS,16.82,LOW,Continue payment normally.
5822,UPI,Bank_C,3,4,NETWORK_ERROR,FAILED,97.27,HIGH,Retry after a short delay or use another payment method.
13816,CARD,Bank_C,2,3,NETWORK_ERROR,FAILED,91.8,HIGH,Retry after a short delay or use another payment method.
10688,CARD,Bank_A,0,1,NONE,SUCCESS,16.27,LOW,Continue payment normally.
11945,CARD,Bank_B,0,1,NONE,SUCCESS,18.59,LOW,Continue payment normally.
15679,UPI,Bank_C,1,2,NETWORK_ERROR,FAILED,76.81,HIGH,Retry after a short delay or use another payment method.
11434,UPI,Bank_B,1,2,NONE,SUCCESS,32.8,MEDIUM,"Continue payment, but offer an alternate payment method if it fails."
17716,UPI,Bank_A,0,1,NONE,SUCCESS,14.68,LOW,Continue payment normally.
16949,CARD,Bank_B,3,4,AUTH_ERROR,SUCCESS,96.76,HIGH,Complete authentication and retry the payment.
1046,UPI,Bank_D,0,1,NONE,FAILED,16.71,LOW,Continue payment normally.
17774,NET_BANKING,Bank_D,1,2,NETWORK_ERROR,FAILED,79.84,HIGH,Retry after a short delay or use another payment method.
11523,UPI,Bank_A,0,1,BANK_ERROR,SUCCESS,39.46,MEDIUM,Try another bank or payment method.
812,NET_BANKING,Bank_D,0,1,NONE,SUCCESS,17.71,LOW,Continue payment normally.
8853,CARD,Bank_C,0,1,NONE,SUCCESS,26.37,LOW,Continue payment normally.
7546,UPI,Bank_D,0,1,NONE,SUCCESS,20.45,LOW,Continue payment normally.
17077,UPI,Bank_A,1,2,NONE,SUCCESS,31.76,MEDIUM,"Continue payment, but offer an alternate payment method if it fails."
13997,CARD,Bank_B,2,3,NONE,FAILED,66.32,MEDIUM,"Continue payment, but offer an alternate payment method if it fails."
2087,UPI,Bank_C,1,2,NETWORK_ERROR,SUCCESS,72.33,HIGH,Retry after a short delay or use another payment method.
5761,CARD,Bank_B,0,1,CARD_DECLINED,FAILED,42.68,MEDIUM,Try UPI or Net Banking instead of the card.
9512,UPI,Bank_A,0,1,NONE,FAILED,13.68,LOW,Continue payment normally.
12586,UPI,Bank_C,3,4,NETWORK_ERROR,SUCCESS,96.63,HIGH,Retry after a short delay or use another payment method.
4537,NET_BANKING,Bank_D,1,2,NONE,SUCCESS,38.37,MEDIUM,"Continue payment, but offer an alternate payment method if it fails."
11141,UPI,Bank_D,0,1,NETWORK_ERROR,FAILED,50.81,MEDIUM,Retry after a short delay or use another payment method.
16034,UPI,Bank_B,0,1,NONE,SUCCESS,13.52,LOW,Continue payment normally.
12721,UPI,Bank_A,2,3,NONE,SUCCESS,54.62,MEDIUM,"Continue payment, but offer an alternate payment method if it fails."
6361,CARD,Bank_A,0,1,NONE,SUCCESS,12.4,LOW,Continue payment normally.
151,CARD,Bank_A,0,1,NONE,SUCCESS,13.69,LOW,Continue payment normally.
10687,UPI,Bank_A,0,1,NONE,FAILED,17.34,LOW,Continue payment normally.
4576,NET_BANKING,Bank_C,1,2,NONE,FAILED,52.31,MEDIUM,"Continue payment, but offer an alternate payment method if it fails."
6945,UPI,Bank_B,2,3,NONE,FAILED,61.85,MEDIUM,"Continue payment, but offer an alternate payment method if it fails."
5383,UPI,Bank_D,1,2,NONE,FAILED,39.46,MEDIUM,"Continue payment, but offer an alternate payment method if it fails."
10041,UPI,Bank_A,0,1,NONE,SUCCESS,13.94,LOW,Continue payment normally.
4733,UPI,Bank_A,0,1,NONE,SUCCESS,12.52,LOW,Continue payment normally.
371,UPI,Bank_B,0,1,NONE,FAILED,10.73,LOW,Continue payment normally.
7145,UPI,Bank_A,0,1,NETWORK_ERROR,FAILED,39.85,MEDIUM,Retry after a short delay or use another payment method.
9266,NET_BANKING,Bank_B,0,1,NONE,SUCCESS,15.6,LOW,Continue payment normally.
4283,CARD,Bank_A,0,1,NONE,SUCCESS,13.34,LOW,Continue payment normally.
10503,CARD,Bank_B,1,2,AUTH_ERROR,FAILED,68.92,MEDIUM,Complete authentication and retry the payment.
4975,UPI,Bank_A,0,1,NONE,SUCCESS,14.56,LOW,Continue payment normally.
7962,CARD,Bank_C,1,2,NONE,SUCCESS,47.14,MEDIUM,"Continue payment, but offer an alternate payment method if it fails."
17815,UPI,Bank_B,0,1,NONE,FAILED,14.14,LOW,Continue payment normally.
17089,UPI,Bank_C,2,3,BANK_ERROR,FAILED,91.32,HIGH,Try another bank or payment method.
394,CARD,Bank_B,0,1,AUTH_ERROR,SUCCESS,45.02,MEDIUM,Complete authentication and retry the payment.
18378,NET_BANKING,Bank_A,0,1,NONE,SUCCESS,15.73,LOW,Continue payment normally.
14216,UPI,Bank_C,0,1,NETWORK_ERROR,FAILED,51.73,MEDIUM,Retry after a short delay or use another payment method.
13484,UPI,Bank_B,1,2,NONE,SUCCESS,37.99,MEDIUM,"Continue payment, but offer an alternate payment method if it fails."
18832,NET_BANKING,Bank_C,1,2,NETWORK_ERROR,FAILED,77.39,HIGH,Retry after a short delay or use another payment method.
11659,UPI,Bank_B,0,1,NONE,SUCCESS,15.02,LOW,Continue payment normally.
7735,CARD,Bank_A,2,3,NETWORK_ERROR,FAILED,85.51,HIGH,Retry after a short delay or use another payment method.
15874,UPI,Bank_A,0,1,NONE,SUCCESS,12.73,LOW,Continue payment normally.
3246,UPI,Bank_B,1,2,NONE,SUCCESS,31.36,MEDIUM,"Continue payment, but offer an alternate payment method if it fails."
11267,NET_BANKING,Bank_C,2,3,AUTH_ERROR,FAILED,93.39,HIGH,Complete authentication and retry the payment.
11494,NET_BANKING,Bank_B,2,3,BANK_ERROR,FAILED,87.91,HIGH,Try another bank or payment method.
10783,CARD,Bank_A,1,2,NONE,SUCCESS,37.55,MEDIUM,"Continue payment, but offer an alternate payment method if it fails."
11867,CARD,Bank_A,1,2,NONE,SUCCESS,37.11,MEDIUM,"Continue payment, but offer an alternate payment method if it fails."
8904,CARD,Bank_D,0,1,NONE,FAILED,18.99,LOW,Continue payment normally.
10214,UPI,Bank_A,2,3,BANK_ERROR,FAILED,83.55,HIGH,Try another bank or payment method.
7717,CARD,Bank_C,0,1,NONE,SUCCESS,22.62,LOW,Continue payment normally.
12976,UPI,Bank_A,3,4,AUTH_ERROR,FAILED,95.03,HIGH,Complete authentication and retry the payment.
3002,UPI,Bank_D,0,1,NONE,SUCCESS,17.48,LOW,Continue payment normally.
9657,CARD,Bank_D,2,3,CARD_DECLINED,FAILED,91.7,HIGH,Try UPI or Net Banking instead of the card.
9347,CARD,Bank_C,1,2,NONE,FAILED,54.22,MEDIUM,"Continue payment, but offer an alternate payment method if it fails."
14845,NET_BANKING,Bank_C,0,1,NETWORK_ERROR,FAILED,51.8,MEDIUM,Retry after a short delay or use another payment method.
17948,CARD,Bank_C,0,1,NONE,SUCCESS,27.84,LOW,Continue payment normally.
16436,NET_BANKING,Bank_B,1,2,NONE,FAILED,44.45,MEDIUM,"Continue payment, but offer an alternate payment method if it fails."
6436,CARD,Bank_D,0,1,NONE,SUCCESS,21.06,LOW,Continue payment normally.
665,UPI,Bank_B,1,2,BANK_ERROR,FAILED,65.47,MEDIUM,Try another bank or payment method.
4036,CARD,Bank_A,0,1,NONE,SUCCESS,12.44,LOW,Continue payment normally.
9012,CARD,Bank_C,1,2,NONE,SUCCESS,46.28,MEDIUM,"Continue payment, but offer an alternate payment method if it fails."
9375,CARD,Bank_D,0,1,NONE,SUCCESS,20.85,LOW,Continue payment normally.
3879,UPI,Bank_A,1,2,NETWORK_ERROR,FAILED,59.79,MEDIUM,Retry after a short delay or use another payment method.
5008,CARD,Bank_A,0,1,NONE,SUCCESS,16.0,LOW,Continue payment normally.
10319,UPI,Bank_A,0,1,NONE,SUCCESS,13.6,LOW,Continue payment normally.
2796,CARD,Bank_D,0,1,NETWORK_ERROR,SUCCESS,44.91,MEDIUM,Retry after a short delay or use another payment method.
17840,UPI,Bank_A,2,3,NETWORK_ERROR,FAILED,85.62,HIGH,Retry after a short delay or use another payment method.
18443,UPI,Bank_B,0,1,BANK_ERROR,FAILED,39.97,MEDIUM,Try another bank or payment method.
9042,UPI,Bank_A,1,2,NONE,SUCCESS,30.41,MEDIUM,"Continue payment, but offer an alternate payment method if it fails."
11703,NET_BANKING,Bank_D,0,1,NETWORK_ERROR,SUCCESS,45.41,MEDIUM,Retry after a short delay or use another payment method.
8870,UPI,Bank_C,0,1,NONE,SUCCESS,22.56,LOW,Continue payment normally.
7121,CARD,Bank_B,0,1,CARD_DECLINED,FAILED,40.81,MEDIUM,Try UPI or Net Banking instead of the card.
12786,CARD,Bank_B,0,1,NONE,SUCCESS,20.45,LOW,Continue payment normally.
2838,UPI,Bank_B,0,1,NONE,SUCCESS,11.18,LOW,Continue payment normally.
5615,UPI,Bank_D,0,1,NONE,SUCCESS,15.12,LOW,Continue payment normally.
11467,CARD,Bank_A,0,1,NONE,SUCCESS,15.16,LOW,Continue payment normally.
16008,UPI,Bank_B,1,2,BANK_ERROR,FAILED,64.54,MEDIUM,Try another bank or payment method.
6630,UPI,Bank_D,1,2,NETWORK_ERROR,SUCCESS,70.87,HIGH,Retry after a short delay or use another payment method.
10692,CARD,Bank_A,0,1,NONE,SUCCESS,19.02,LOW,Continue payment normally.
8180,UPI,Bank_A,0,1,NONE,SUCCESS,11.94,LOW,Continue payment normally.
7410,UPI,Bank_D,0,1,NONE,SUCCESS,19.94,LOW,Continue payment normally.
11854,NET_BANKING,Bank_A,0,1,BANK_ERROR,FAILED,42.86,MEDIUM,Try another bank or payment method.
12542,UPI,Bank_C,0,1,NONE,SUCCESS,20.91,LOW,Continue payment normally.
5554,UPI,Bank_A,0,1,NONE,SUCCESS,16.28,LOW,Continue payment normally.
9134,NET_BANKING,Bank_A,0,1,NONE,SUCCESS,17.93,LOW,Continue payment normally.
14369,UPI,Bank_A,0,1,NETWORK_ERROR,FAILED,40.38,MEDIUM,Retry after a short delay or use another payment method.
5393,NET_BANKING,Bank_B,1,2,NETWORK_ERROR,SUCCESS,66.03,MEDIUM,Retry after a short delay or use another payment method.
356,UPI,Bank_A,2,3,NONE,SUCCESS,54.13,MEDIUM,"Continue payment, but offer an alternate payment method if it fails."
4857,NET_BANKING,Bank_B,0,1,NONE,SUCCESS,15.75,LOW,Continue payment normally.
19466,UPI,Bank_C,0,1,NONE,SUCCESS,27.54,LOW,Continue payment normally.
18695,NET_BANKING,Bank_A,3,4,BANK_ERROR,FAILED,95.42,HIGH,Try another bank or payment method.
6891,NET_BANKING,Bank_B,1,2,NETWORK_ERROR,SUCCESS,67.47,MEDIUM,Retry after a short delay or use another payment method.
10011,UPI,Bank_C,0,1,NONE,FAILED,24.49,LOW,Continue payment normally.
1745,NET_BANKING,Bank_D,0,1,NONE,SUCCESS,20.55,LOW,Continue payment normally.
19475,CARD,Bank_C,2,3,CARD_DECLINED,FAILED,91.84,HIGH,Try UPI or Net Banking instead of the card.
16003,UPI,Bank_A,0,1,NONE,SUCCESS,18.49,LOW,Continue payment normally.
7080,UPI,Bank_B,0,1,NONE,SUCCESS,13.41,LOW,Continue payment normally.
7082,UPI,Bank_A,0,1,NONE,SUCCESS,14.28,LOW,Continue payment normally.
16270,CARD,Bank_A,1,2,NONE,SUCCESS,39.1,MEDIUM,"Continue payment, but offer an alternate payment method if it fails."
3189,UPI,Bank_C,0,1,BANK_ERROR,FAILED,42.85,MEDIUM,Try another bank or payment method.
13042,CARD,Bank_B,0,1,AUTH_ERROR,SUCCESS,49.09,MEDIUM,Complete authentication and retry the payment.
17425,UPI,Bank_C,2,3,NONE,FAILED,74.29,HIGH,"Continue payment, but offer an alternate payment method if it fails."
16878,CARD,Bank_C,0,1,AUTH_ERROR,FAILED,66.1,MEDIUM,Complete authentication and retry the payment.
16825,NET_BANKING,Bank_B,0,1,NONE,SUCCESS,16.16,LOW,Continue payment normally.
19741,UPI,Bank_A,0,1,NONE,SUCCESS,16.01,LOW,Continue payment normally.
13535,CARD,Bank_B,0,1,NONE,SUCCESS,17.23,LOW,Continue payment normally.
9656,CARD,Bank_A,0,1,NONE,SUCCESS,20.06,LOW,Continue payment normally.
5309,CARD,Bank_A,1,2,CARD_DECLINED,SUCCESS,65.72,MEDIUM,Try UPI or Net Banking instead of the card.
8656,UPI,Bank_A,0,1,NONE,SUCCESS,11.99,LOW,Continue payment normally.
13645,UPI,Bank_B,0,1,NONE,SUCCESS,12.68,LOW,Continue payment normally.
12418,UPI,Bank_B,2,3,NONE,FAILED,60.42,MEDIUM,"Continue payment, but offer an alternate payment method if it fails."
6289,UPI,Bank_C,2,3,BANK_ERROR,FAILED,90.11,HIGH,Try another bank or payment method.
5970,UPI,Bank_C,0,1,BANK_ERROR,FAILED,53.07,MEDIUM,Try another bank or payment method.
2510,NET_BANKING,Bank_A,0,1,NONE,SUCCESS,12.86,LOW,Continue payment normally.
2908,UPI,Bank_D,1,2,NONE,SUCCESS,37.65,MEDIUM,"Continue payment, but offer an alternate payment method if it fails."
16856,CARD,Bank_D,0,1,NONE,SUCCESS,20.49,LOW,Continue payment normally.
11975,UPI,Bank_C,0,1,NONE,FAILED,24.36,LOW,Continue payment normally.
15346,UPI,Bank_A,0,1,NONE,SUCCESS,15.51,LOW,Continue payment normally.
7166,UPI,Bank_C,3,4,BANK_ERROR,FAILED,95.99,HIGH,Try another bank or payment method.
3362,UPI,Bank_A,1,2,BANK_ERROR,FAILED,68.14,MEDIUM,Try another bank or payment method.
13869,CARD,Bank_C,0,1,NETWORK_ERROR,SUCCESS,62.73,MEDIUM,Retry after a short delay or use another payment method.
16629,UPI,Bank_D,0,1,BANK_ERROR,SUCCESS,48.34,MEDIUM,Try another bank or payment method.
9806,CARD,Bank_C,0,1,CARD_DECLINED,FAILED,60.9,MEDIUM,Try UPI or Net Banking instead of the card.
15163,UPI,Bank_B,0,1,NETWORK_ERROR,SUCCESS,40.74,MEDIUM,Retry after a short delay or use another payment method.
13507,UPI,Bank_B,0,1,NONE,SUCCESS,15.3,LOW,Continue payment normally.
14495,UPI,Bank_A,2,3,NONE,FAILED,66.67,MEDIUM,"Continue payment, but offer an alternate payment method if it fails."
14655,UPI,Bank_B,0,1,NONE,SUCCESS,13.9,LOW,Continue payment normally.
8621,CARD,Bank_A,0,1,NONE,SUCCESS,17.26,LOW,Continue payment normally.
6795,UPI,Bank_B,3,4,BANK_ERROR,FAILED,94.07,HIGH,Try another bank or payment method.
19462,NET_BANKING,Bank_C,0,1,NONE,SUCCESS,24.16,LOW,Continue payment normally.
1580,CARD,Bank_A,0,1,NONE,SUCCESS,14.08,LOW,Continue payment normally.
6678,UPI,Bank_D,0,1,BANK_ERROR,FAILED,50.91,MEDIUM,Try another bank or payment method.
3261,UPI,Bank_B,0,1,NONE,SUCCESS,12.19,LOW,Continue payment normally.
7749,NET_BANKING,Bank_B,0,1,NONE,SUCCESS,14.96,LOW,Continue payment normally.
16658,CARD,Bank_C,0,1,NONE,FAILED,27.22,LOW,Continue payment normally.
19204,UPI,Bank_B,0,1,NETWORK_ERROR,SUCCESS,45.75,MEDIUM,Retry after a short delay or use another payment method.
12870,NET_BANKING,Bank_D,0,1,AUTH_ERROR,SUCCESS,55.19,MEDIUM,Complete authentication and retry the payment.
6089,UPI,Bank_A,0,1,NONE,SUCCESS,12.33,LOW,Continue payment normally.
6190,UPI,Bank_A,0,1,NONE,SUCCESS,13.59,LOW,Continue payment normally.
746,CARD,Bank_B,1,2,CARD_DECLINED,SUCCESS,69.15,MEDIUM,Try UPI or Net Banking instead of the card.
8555,UPI,Bank_A,0,1,NONE,SUCCESS,13.56,LOW,Continue payment normally.
4101,UPI,Bank_C,0,1,NONE,SUCCESS,20.29,LOW,Continue payment normally.
13427,CARD,Bank_A,1,2,AUTH_ERROR,FAILED,74.59,HIGH,Complete authentication and retry the payment.
13943,UPI,Bank_A,3,4,BANK_ERROR,FAILED,95.34,HIGH,Try another bank or payment method.
17231,UPI,Bank_A,0,1,BANK_ERROR,SUCCESS,38.41,MEDIUM,Try another bank or payment method.
18384,CARD,Bank_A,0,1,NONE,SUCCESS,16.65,LOW,Continue payment normally.
3492,UPI,Bank_C,3,4,NETWORK_ERROR,FAILED,96.27,HIGH,Retry after a short delay or use another payment method.
168,CARD,Bank_B,0,1,NONE,FAILED,12.84,LOW,Continue payment normally.
10735,UPI,Bank_D,1,2,NONE,SUCCESS,43.66,MEDIUM,"Continue payment, but offer an alternate payment method if it fails."
16925,CARD,Bank_D,0,1,NONE,SUCCESS,21.02,LOW,Continue payment normally.
2620,CARD,Bank_B,0,1,CARD_DECLINED,SUCCESS,36.94,MEDIUM,Try UPI or Net Banking instead of the card.
15068,CARD,Bank_D,3,4,AUTH_ERROR,FAILED,96.54,HIGH,Complete authentication and retry the payment.
17357,UPI,Bank_C,0,1,NONE,SUCCESS,24.93,LOW,Continue payment normally.
19456,UPI,Bank_D,3,4,NETWORK_ERROR,FAILED,96.15,HIGH,Retry after a short delay or use another payment method.
3512,UPI,Bank_C,0,1,NONE,SUCCESS,19.21,LOW,Continue payment normally.
7632,UPI,Bank_A,0,1,NONE,SUCCESS,13.06,LOW,Continue payment normally.
16733,UPI,Bank_A,0,1,BANK_ERROR,SUCCESS,36.46,MEDIUM,Try another bank or payment method.
13986,UPI,Bank_A,0,1,NETWORK_ERROR,FAILED,43.72,MEDIUM,Retry after a short delay or use another payment method.
4577,UPI,Bank_C,0,1,NONE,SUCCESS,20.15,LOW,Continue payment normally.
3591,UPI,Bank_A,3,4,BANK_ERROR,FAILED,94.01,HIGH,Try another bank or payment method.
16557,CARD,Bank_C,0,1,CARD_DECLINED,SUCCESS,54.41,MEDIUM,Try UPI or Net Banking instead of the card.
5895,NET_BANKING,Bank_C,3,4,NETWORK_ERROR,FAILED,96.57,HIGH,Retry after a short delay or use another payment method.
8837,UPI,Bank_C,3,4,NETWORK_ERROR,FAILED,96.32,HIGH,Retry after a short delay or use another payment method.
8073,CARD,Bank_A,0,1,NONE,SUCCESS,15.03,LOW,Continue payment normally.
13334,UPI,Bank_D,0,1,NONE,SUCCESS,14.48,LOW,Continue payment normally.
7571,UPI,Bank_D,2,3,NONE,FAILED,63.89,MEDIUM,"Continue payment, but offer an alternate payment method if it fails."
2839,UPI,Bank_D,2,3,NETWORK_ERROR,FAILED,85.42,HIGH,Retry after a short delay or use another payment method.
16974,UPI,Bank_C,2,3,NONE,SUCCESS,71.07,HIGH,"Continue payment, but offer an alternate payment method if it fails."
11139,UPI,Bank_A,0,1,BANK_ERROR,SUCCESS,42.39,MEDIUM,Try another bank or payment method.
17669,UPI,Bank_B,0,1,NONE,FAILED,15.72,LOW,Continue payment normally.
10915,UPI,Bank_C,0,1,NONE,FAILED,20.85,LOW,Continue payment normally.
17860,CARD,Bank_D,0,1,NONE,FAILED,23.64,LOW,Continue payment normally.
6741,UPI,Bank_B,0,1,NONE,SUCCESS,12.81,LOW,Continue payment normally.
11628,NET_BANKING,Bank_D,0,1,BANK_ERROR,FAILED,50.69,MEDIUM,Try another bank or payment method.
572,UPI,Bank_C,1,2,BANK_ERROR,FAILED,71.84,HIGH,Try another bank or payment method.
5182,UPI,Bank_A,0,1,NONE,SUCCESS,14.21,LOW,Continue payment normally.
18008,NET_BANKING,Bank_B,0,1,NONE,FAILED,17.93,LOW,Continue payment normally.
11922,NET_BANKING,Bank_C,0,1,NONE,FAILED,21.77,LOW,Continue payment normally.
12626,UPI,Bank_A,0,1,NONE,SUCCESS,17.22,LOW,Continue payment normally.
763,UPI,Bank_C,0,1,NONE,SUCCESS,22.28,LOW,Continue payment normally.
17643,UPI,Bank_C,0,1,AUTH_ERROR,SUCCESS,57.41,MEDIUM,Complete authentication and retry the payment.
6009,CARD,Bank_B,0,1,NONE,SUCCESS,17.09,LOW,Continue payment normally.
1424,CARD,Bank_C,2,3,CARD_DECLINED,FAILED,90.65,HIGH,Try UPI or Net Banking instead of the card.
3663,UPI,Bank_A,0,1,NONE,SUCCESS,11.55,LOW,Continue payment normally.
6933,CARD,Bank_A,0,1,NONE,SUCCESS,16.98,LOW,Continue payment normally.
12889,UPI,Bank_B,1,2,NETWORK_ERROR,SUCCESS,67.04,MEDIUM,Retry after a short delay or use another payment method.
19556,CARD,Bank_B,0,1,NONE,FAILED,16.46,LOW,Continue payment normally.
10277,CARD,Bank_C,0,1,NONE,FAILED,24.29,LOW,Continue payment normally.
13762,CARD,Bank_C,1,2,CARD_DECLINED,FAILED,79.19,HIGH,Try UPI or Net Banking instead of the card.
19263,CARD,Bank_B,0,1,NONE,SUCCESS,16.41,LOW,Continue payment normally.
10871,UPI,Bank_D,0,1,NONE,SUCCESS,18.62,LOW,Continue payment normally.
18476,UPI,Bank_B,1,2,NONE,FAILED,34.98,MEDIUM,"Continue payment, but offer an alternate payment method if it fails."
10267,UPI,Bank_A,0,1,NETWORK_ERROR,SUCCESS,37.03,MEDIUM,Retry after a short delay or use another payment method.
13361,UPI,Bank_A,0,1,NONE,SUCCESS,17.12,LOW,Continue payment normally.
9512,CARD,Bank_A,0,1,NONE,SUCCESS,16.29,LOW,Continue payment normally.
2013,CARD,Bank_D,0,1,AUTH_ERROR,FAILED,46.68,MEDIUM,Complete authentication and retry the payment.
11961,UPI,Bank_D,0,1,NONE,SUCCESS,16.53,LOW,Continue payment normally.
18199,NET_BANKING,Bank_C,0,1,NONE,FAILED,28.44,LOW,Continue payment normally.
16663,UPI,Bank_B,0,1,NETWORK_ERROR,FAILED,39.65,MEDIUM,Retry after a short delay or use another payment method.
1642,NET_BANKING,Bank_C,1,2,BANK_ERROR,SUCCESS,77.31,HIGH,Try another bank or payment method.
11028,CARD,Bank_B,0,1,CARD_DECLINED,SUCCESS,38.86,MEDIUM,Try UPI or Net Banking instead of the card.
6969,UPI,Bank_A,0,1,NONE,SUCCESS,12.11,LOW,Continue payment normally.
7053,CARD,Bank_A,3,4,CARD_DECLINED,FAILED,94.38,HIGH,Try UPI or Net Banking instead of the card.
2024,NET_BANKING,Bank_D,0,1,NONE,SUCCESS,20.6,LOW,Continue payment normally.
18042,CARD,Bank_C,1,2,NONE,FAILED,48.96,MEDIUM,"Continue payment, but offer an alternate payment method if it fails."
17210,NET_BANKING,Bank_B,0,1,NONE,SUCCESS,18.23,LOW,Continue payment normally.
12145,UPI,Bank_C,0,1,NONE,SUCCESS,21.89,LOW,Continue payment normally.
5539,UPI,Bank_D,0,1,NONE,SUCCESS,18.38,LOW,Continue payment normally.
10517,NET_BANKING,Bank_D,0,1,BANK_ERROR,SUCCESS,44.91,MEDIUM,Try another bank or payment method.
8695,NET_BANKING,Bank_C,2,3,BANK_ERROR,FAILED,93.05,HIGH,Try another bank or payment method.
10100,NET_BANKING,Bank_B,1,2,NONE,SUCCESS,41.44,MEDIUM,"Continue payment, but offer an alternate payment method if it fails."
17095,NET_BANKING,Bank_A,2,3,BANK_ERROR,FAILED,87.39,HIGH,Try another bank or payment method.
14657,NET_BANKING,Bank_C,1,2,NONE,FAILED,50.57,MEDIUM,"Continue payment, but offer an alternate payment method if it fails."
1442,UPI,Bank_D,2,3,BANK_ERROR,FAILED,89.74,HIGH,Try another bank or payment method.
19259,UPI,Bank_A,0,1,NONE,SUCCESS,13.2,LOW,Continue payment normally.
6056,CARD,Bank_A,1,2,NONE,SUCCESS,37.72,MEDIUM,"Continue payment, but offer an alternate payment method if it fails."
10166,CARD,Bank_B,1,2,CARD_DECLINED,FAILED,73.32,HIGH,Try UPI or Net Banking instead of the card.
475,NET_BANKING,Bank_D,0,1,BANK_ERROR,SUCCESS,49.8,MEDIUM,Try another bank or payment method.
12977,CARD,Bank_D,1,2,NETWORK_ERROR,SUCCESS,75.45,HIGH,Retry after a short delay or use another payment method.
5004,NET_BANKING,Bank_A,2,3,NONE,FAILED,62.59,MEDIUM,"Continue payment, but offer an alternate payment method if it fails."
8283,UPI,Bank_A,1,2,NONE,SUCCESS,32.21,MEDIUM,"Continue payment, but offer an alternate payment method if it fails."
2980,UPI,Bank_A,0,1,NONE,FAILED,13.15,LOW,Continue payment normally.
7362,CARD,Bank_A,1,2,NONE,SUCCESS,42.23,MEDIUM,"Continue payment, but offer an alternate payment method if it fails."
14182,NET_BANKING,Bank_A,0,1,NONE,SUCCESS,14.87,LOW,Continue payment normally.
8463,NET_BANKING,Bank_D,0,1,NONE,SUCCESS,20.3,LOW,Continue payment normally.
539,UPI,Bank_C,0,1,AUTH_ERROR,SUCCESS,46.16,MEDIUM,Complete authentication and retry the payment.
8528,CARD,Bank_C,0,1,NETWORK_ERROR,SUCCESS,55.95,MEDIUM,Retry after a short delay or use another payment method.
16212,UPI,Bank_C,0,1,BANK_ERROR,SUCCESS,56.83,MEDIUM,Try another bank or payment method.
18878,NET_BANKING,Bank_A,1,2,NONE,FAILED,34.92,MEDIUM,"Continue payment, but offer an alternate payment method if it fails."
10820,UPI,Bank_A,0,1,NONE,SUCCESS,14.45,LOW,Continue payment normally.
2107,NET_BANKING,Bank_D,0,1,NONE,SUCCESS,20.36,LOW,Continue payment normally.
17364,CARD,Bank_B,0,1,NONE,SUCCESS,20.05,LOW,Continue payment normally.
982,NET_BANKING,Bank_C,0,1,NONE,SUCCESS,19.88,LOW,Continue payment normally.
11432,UPI,Bank_C,0,1,NONE,SUCCESS,23.39,LOW,Continue payment normally.
1348,CARD,Bank_C,0,1,NONE,SUCCESS,20.3,LOW,Continue payment normally.
14320,CARD,Bank_A,0,1,NETWORK_ERROR,SUCCESS,47.75,MEDIUM,Retry after a short delay or use another payment method.
4334,UPI,Bank_C,0,1,NONE,SUCCESS,17.45,LOW,Continue payment normally.
3223,UPI,Bank_A,0,1,NONE,FAILED,13.92,LOW,Continue payment normally.
19154,NET_BANKING,Bank_B,1,2,NONE,FAILED,35.06,MEDIUM,"Continue payment, but offer an alternate payment method if it fails."
2579,NET_BANKING,Bank_D,1,2,NONE,SUCCESS,44.29,MEDIUM,"Continue payment, but offer an alternate payment method if it fails."
6866,CARD,Bank_D,0,1,CARD_DECLINED,FAILED,46.89,MEDIUM,Try UPI or Net Banking instead of the card.
5853,CARD,Bank_A,1,2,NONE,SUCCESS,41.41,MEDIUM,"Continue payment, but offer an alternate payment method if it fails."
4704,CARD,Bank_D,1,2,NONE,FAILED,37.48,MEDIUM,"Continue payment, but offer an alternate payment method if it fails."
15472,CARD,Bank_C,1,2,NONE,SUCCESS,46.61,MEDIUM,"Continue payment, but offer an alternate payment method if it fails."
2611,UPI,Bank_C,0,1,BANK_ERROR,SUCCESS,51.3,MEDIUM,Try another bank or payment method.
18179,UPI,Bank_A,0,1,NONE,FAILED,15.74,LOW,Continue payment normally.
2275,CARD,Bank_C,0,1,NONE,SUCCESS,21.25,LOW,Continue payment normally.
3217,UPI,Bank_C,0,1,NETWORK_ERROR,FAILED,55.12,MEDIUM,Retry after a short delay or use another payment method.
9687,NET_BANKING,Bank_B,0,1,NONE,SUCCESS,16.73,LOW,Continue payment normally.
11807,UPI,Bank_D,1,2,NONE,FAILED,38.68,MEDIUM,"Continue payment, but offer an alternate payment method if it fails."
18513,CARD,Bank_B,0,1,NONE,SUCCESS,18.31,LOW,Continue payment normally.
13126,CARD,Bank_B,0,1,CARD_DECLINED,SUCCESS,39.08,MEDIUM,Try UPI or Net Banking instead of the card.
2732,UPI,Bank_B,0,1,NONE,SUCCESS,12.64,LOW,Continue payment normally.
10499,UPI,Bank_A,0,1,NONE,SUCCESS,17.54,LOW,Continue payment normally.
14209,UPI,Bank_B,2,3,NETWORK_ERROR,FAILED,88.85,HIGH,Retry after a short delay or use another payment method.
6130,NET_BANKING,Bank_B,0,1,BANK_ERROR,SUCCESS,42.83,MEDIUM,Try another bank or payment method.
8832,UPI,Bank_A,0,1,BANK_ERROR,FAILED,42.46,MEDIUM,Try another bank or payment method.
15468,NET_BANKING,Bank_A,1,2,BANK_ERROR,SUCCESS,66.71,MEDIUM,Try another bank or payment method.
11158,UPI,Bank_B,0,1,NONE,SUCCESS,12.69,LOW,Continue payment normally.
5449,UPI,Bank_B,0,1,NONE,SUCCESS,12.13,LOW,Continue payment normally.
3866,UPI,Bank_A,0,1,NONE,SUCCESS,14.39,LOW,Continue payment normally.
9866,UPI,Bank_C,2,3,BANK_ERROR,FAILED,87.76,HIGH,Try another bank or payment method.
15285,CARD,Bank_B,1,2,CARD_DECLINED,FAILED,69.75,MEDIUM,Try UPI or Net Banking instead of the card.
3645,CARD,Bank_A,0,1,NONE,FAILED,16.0,LOW,Continue payment normally.
6665,NET_BANKING,Bank_D,0,1,NONE,SUCCESS,17.57,LOW,Continue payment normally.
12762,CARD,Bank_B,0,1,NONE,FAILED,18.72,LOW,Continue payment normally.
16889,CARD,Bank_A,0,1,CARD_DECLINED,SUCCESS,45.8,MEDIUM,Try UPI or Net Banking instead of the card.
3873,UPI,Bank_A,1,2,BANK_ERROR,FAILED,66.22,MEDIUM,Try another bank or payment method.
15159,UPI,Bank_B,0,1,NONE,SUCCESS,14.15,LOW,Continue payment normally.
17975,UPI,Bank_C,0,1,BANK_ERROR,FAILED,51.1,MEDIUM,Try another bank or payment method.
15972,UPI,Bank_D,2,3,AUTH_ERROR,FAILED,91.4,HIGH,Complete authentication and retry the payment.
19967,CARD,Bank_C,0,1,NONE,FAILED,25.26,LOW,Continue payment normally.
3732,UPI,Bank_A,2,3,NONE,SUCCESS,52.38,MEDIUM,"Continue payment, but offer an alternate payment method if it fails."
12777,CARD,Bank_A,3,4,CARD_DECLINED,FAILED,95.38,HIGH,Try UPI or Net Banking instead of the card.
19433,UPI,Bank_D,0,1,NONE,SUCCESS,17.99,LOW,Continue payment normally.
1264,CARD,Bank_A,0,1,NONE,SUCCESS,16.69,LOW,Continue payment normally.
5968,UPI,Bank_C,0,1,NONE,SUCCESS,20.16,LOW,Continue payment normally.
7525,NET_BANKING,Bank_A,0,1,BANK_ERROR,SUCCESS,37.5,MEDIUM,Try another bank or payment method.
4332,UPI,Bank_C,1,2,AUTH_ERROR,SUCCESS,76.71,HIGH,Complete authentication and retry the payment.
18540,UPI,Bank_B,0,1,BANK_ERROR,SUCCESS,35.93,MEDIUM,Try another bank or payment method.
5939,CARD,Bank_B,0,1,NONE,SUCCESS,18.0,LOW,Continue payment normally.
19470,UPI,Bank_C,0,1,NONE,SUCCESS,23.09,LOW,Continue payment normally.
3848,CARD,Bank_B,3,4,AUTH_ERROR,FAILED,95.82,HIGH,Complete authentication and retry the payment.
17448,CARD,Bank_A,0,1,NONE,SUCCESS,17.38,LOW,Continue payment normally.
6550,NET_BANKING,Bank_B,0,1,BANK_ERROR,FAILED,48.04,MEDIUM,Try another bank or payment method.
2675,UPI,Bank_C,0,1,NONE,SUCCESS,21.31,LOW,Continue payment normally.
5277,CARD,Bank_D,0,1,NONE,SUCCESS,19.55,LOW,Continue payment normally.
10371,UPI,Bank_A,0,1,NONE,SUCCESS,14.96,LOW,Continue payment normally.
3117,UPI,Bank_A,2,3,BANK_ERROR,FAILED,85.32,HIGH,Try another bank or payment method.
12734,UPI,Bank_A,1,2,AUTH_ERROR,FAILED,71.3,HIGH,Complete authentication and retry the payment.
18379,UPI,Bank_C,0,1,NONE,SUCCESS,19.98,LOW,Continue payment normally.
14510,UPI,Bank_A,1,2,NONE,SUCCESS,35.61,MEDIUM,"Continue payment, but offer an alternate payment method if it fails."
7664,CARD,Bank_C,0,1,NONE,SUCCESS,22.06,LOW,Continue payment normally.
7854,UPI,Bank_A,2,3,NETWORK_ERROR,FAILED,84.93,HIGH,Retry after a short delay or use another payment method.
12970,UPI,Bank_C,0,1,NONE,SUCCESS,21.76,LOW,Continue payment normally.
2572,CARD,Bank_D,0,1,CARD_DECLINED,SUCCESS,49.18,MEDIUM,Try UPI or Net Banking instead of the card.
5674,UPI,Bank_B,0,1,NONE,SUCCESS,13.4,LOW,Continue payment normally.
8883,UPI,Bank_C,0,1,NONE,FAILED,22.58,LOW,Continue payment normally.
9799,UPI,Bank_C,0,1,BANK_ERROR,SUCCESS,50.24,MEDIUM,Try another bank or payment method.
1349,UPI,Bank_B,0,1,NONE,SUCCESS,12.8,LOW,Continue payment normally.
1360,CARD,Bank_B,1,2,CARD_DECLINED,SUCCESS,70.27,HIGH,Try UPI or Net Banking instead of the card.
17386,UPI,Bank_A,0,1,NONE,SUCCESS,14.05,LOW,Continue payment normally.
12784,UPI,Bank_A,1,2,BANK_ERROR,SUCCESS,66.11,MEDIUM,Try another bank or payment method.
8176,UPI,Bank_B,0,1,NONE,SUCCESS,13.74,LOW,Continue payment normally.
767,NET_BANKING,Bank_C,0,1,NONE,SUCCESS,22.48,LOW,Continue payment normally.
19765,UPI,Bank_A,0,1,NONE,FAILED,16.22,LOW,Continue payment normally.
6431,CARD,Bank_D,1,2,NETWORK_ERROR,SUCCESS,75.45,HIGH,Retry after a short delay or use another payment method.
1281,CARD,Bank_C,0,1,NONE,FAILED,21.88,LOW,Continue payment normally.
13383,CARD,Bank_D,0,1,NETWORK_ERROR,SUCCESS,52.32,MEDIUM,Retry after a short delay or use another payment method.
2222,UPI,Bank_A,0,1,NONE,SUCCESS,11.37,LOW,Continue payment normally.
5937,UPI,Bank_D,3,4,BANK_ERROR,FAILED,95.49,HIGH,Try another bank or payment method.
17379,CARD,Bank_B,0,1,NONE,SUCCESS,18.83,LOW,Continue payment normally.
10435,CARD,Bank_A,0,1,NONE,SUCCESS,17.55,LOW,Continue payment normally.
10516,CARD,Bank_C,0,1,NONE,SUCCESS,24.34,LOW,Continue payment normally.
12971,CARD,Bank_D,0,1,NONE,SUCCESS,16.94,LOW,Continue payment normally.
16502,CARD,Bank_D,0,1,CARD_DECLINED,FAILED,50.89,MEDIUM,Try UPI or Net Banking instead of the card.
17813,NET_BANKING,Bank_A,3,4,NONE,FAILED,82.15,HIGH,"Continue payment, but offer an alternate payment method if it fails."
1115,CARD,Bank_C,0,1,AUTH_ERROR,FAILED,59.24,MEDIUM,Complete authentication and retry the payment.
18983,UPI,Bank_D,3,4,NONE,FAILED,84.84,HIGH,"Continue payment, but offer an alternate payment method if it fails."
7536,CARD,Bank_C,1,2,CARD_DECLINED,SUCCESS,80.54,HIGH,Try UPI or Net Banking instead of the card.
15829,CARD,Bank_B,0,1,NONE,SUCCESS,17.85,LOW,Continue payment normally.
6612,UPI,Bank_D,0,1,NONE,SUCCESS,19.77,LOW,Continue payment normally.
11062,UPI,Bank_D,0,1,AUTH_ERROR,SUCCESS,42.29,MEDIUM,Complete authentication and retry the payment.
4342,UPI,Bank_A,1,2,BANK_ERROR,FAILED,60.87,MEDIUM,Try another bank or payment method.
9704,CARD,Bank_D,0,1,NONE,SUCCESS,16.19,LOW,Continue payment normally.
16842,UPI,Bank_D,0,1,NONE,SUCCESS,18.97,LOW,Continue payment normally.
17412,CARD,Bank_C,2,3,CARD_DECLINED,FAILED,92.24,HIGH,Try UPI or Net Banking instead of the card.
10406,UPI,Bank_C,1,2,NETWORK_ERROR,FAILED,77.11,HIGH,Retry after a short delay or use another payment method.
12597,NET_BANKING,Bank_A,0,1,NONE,SUCCESS,15.05,LOW,Continue payment normally.
6140,UPI,Bank_B,0,1,NONE,SUCCESS,14.0,LOW,Continue payment normally.
17475,UPI,Bank_A,2,3,NONE,SUCCESS,63.17,MEDIUM,"Continue payment, but offer an alternate payment method if it fails."
17696,UPI,Bank_D,0,1,NONE,SUCCESS,19.13,LOW,Continue payment normally.
5328,UPI,Bank_C,1,2,NONE,SUCCESS,42.88,MEDIUM,"Continue payment, but offer an alternate payment method if it fails."
18656,UPI,Bank_A,1,2,NONE,SUCCESS,32.13,MEDIUM,"Continue payment, but offer an alternate payment method if it fails."
7791,UPI,Bank_B,1,2,NONE,SUCCESS,32.52,MEDIUM,"Continue payment, but offer an alternate payment method if it fails."
142,CARD,Bank_D,0,1,NONE,SUCCESS,20.09,LOW,Continue payment normally.
16401,NET_BANKING,Bank_D,0,1,NONE,FAILED,23.81,LOW,Continue payment normally.
10738,CARD,Bank_A,0,1,NONE,SUCCESS,16.06,LOW,Continue payment normally.
8255,UPI,Bank_B,0,1,NONE,SUCCESS,14.71,LOW,Continue payment normally.
4013,CARD,Bank_B,0,1,NONE,SUCCESS,13.74,LOW,Continue payment normally.
16469,UPI,Bank_C,0,1,NONE,SUCCESS,21.41,LOW,Continue payment normally.
6418,CARD,Bank_C,0,1,NONE,SUCCESS,21.04,LOW,Continue payment normally.
1180,CARD,Bank_C,0,1,NONE,FAILED,19.54,LOW,Continue payment normally.
14792,CARD,Bank_B,0,1,NONE,FAILED,18.13,LOW,Continue payment normally.
6266,CARD,Bank_D,0,1,CARD_DECLINED,FAILED,49.46,MEDIUM,Try UPI or Net Banking instead of the card.
12955,NET_BANKING,Bank_D,1,2,NONE,FAILED,43.03,MEDIUM,"Continue payment, but offer an alternate payment method if it fails."
6449,UPI,Bank_D,0,1,NONE,SUCCESS,19.27,LOW,Continue payment normally.
2097,CARD,Bank_D,1,2,CARD_DECLINED,SUCCESS,68.12,MEDIUM,Try UPI or Net Banking instead of the card.
14203,CARD,Bank_C,0,1,NETWORK_ERROR,SUCCESS,52.54,MEDIUM,Retry after a short delay or use another payment method.
5335,UPI,Bank_B,2,3,BANK_ERROR,FAILED,84.09,HIGH,Try another bank or payment method.
18802,UPI,Bank_C,1,2,BANK_ERROR,SUCCESS,78.45,HIGH,Try another bank or payment method.
9089,UPI,Bank_A,0,1,NONE,SUCCESS,15.17,LOW,Continue payment normally.
10640,UPI,Bank_D,0,1,NONE,SUCCESS,17.86,LOW,Continue payment normally.
7396,CARD,Bank_A,2,3,AUTH_ERROR,FAILED,89.57,HIGH,Complete authentication and retry the payment.
19137,CARD,Bank_A,0,1,NONE,SUCCESS,18.6,LOW,Continue payment normally.
16156,UPI,Bank_A,0,1,NONE,SUCCESS,15.24,LOW,Continue payment normally.
2920,CARD,Bank_A,0,1,NETWORK_ERROR,FAILED,42.1,MEDIUM,Retry after a short delay or use another payment method.
18052,CARD,Bank_D,0,1,NONE,SUCCESS,22.56,LOW,Continue payment normally.
13994,UPI,Bank_A,0,1,BANK_ERROR,SUCCESS,44.72,MEDIUM,Try another bank or payment method.
5219,CARD,Bank_C,0,1,NONE,SUCCESS,24.09,LOW,Continue payment normally.
406,CARD,Bank_A,1,2,CARD_DECLINED,FAILED,65.84,MEDIUM,Try UPI or Net Banking instead of the card.
16094,UPI,Bank_B,0,1,NONE,FAILED,18.1,LOW,Continue payment normally.
5837,UPI,Bank_C,1,2,BANK_ERROR,FAILED,74.59,HIGH,Try another bank or payment method.
865,UPI,Bank_B,0,1,BANK_ERROR,FAILED,34.06,MEDIUM,Try another bank or payment method.
3446,CARD,Bank_C,0,1,NONE,FAILED,25.75,LOW,Continue payment normally.
1628,CARD,Bank_B,0,1,NONE,SUCCESS,13.39,LOW,Continue payment normally.
12766,CARD,Bank_C,0,1,CARD_DECLINED,FAILED,57.57,MEDIUM,Try UPI or Net Banking instead of the card.
5164,UPI,Bank_D,0,1,NONE,SUCCESS,20.51,LOW,Continue payment normally.
5841,UPI,Bank_B,1,2,NETWORK_ERROR,FAILED,63.05,MEDIUM,Retry after a short delay or use another payment method.
18514,UPI,Bank_B,1,2,BANK_ERROR,SUCCESS,63.8,MEDIUM,Try another bank or payment method.
8242,UPI,Bank_C,0,1,NONE,FAILED,21.91,LOW,Continue payment normally.
16311,CARD,Bank_C,1,2,NONE,FAILED,50.42,MEDIUM,"Continue payment, but offer an alternate payment method if it fails."
3918,UPI,Bank_A,0,1,NONE,SUCCESS,15.4,LOW,Continue payment normally.
14189,CARD,Bank_A,1,2,NONE,SUCCESS,42.65,MEDIUM,"Continue payment, but offer an alternate payment method if it fails."
2172,UPI,Bank_B,1,2,BANK_ERROR,SUCCESS,59.64,MEDIUM,Try another bank or payment method.
9486,CARD,Bank_A,0,1,NONE,SUCCESS,15.04,LOW,Continue payment normally.
13207,CARD,Bank_D,0,1,NONE,FAILED,21.61,LOW,Continue payment normally.
5104,CARD,Bank_C,2,3,NETWORK_ERROR,FAILED,91.75,HIGH,Retry after a short delay or use another payment method.
12419,UPI,Bank_B,0,1,NONE,FAILED,13.76,LOW,Continue payment normally.
19445,UPI,Bank_C,3,4,BANK_ERROR,FAILED,96.13,HIGH,Try another bank or payment method.
15178,UPI,Bank_C,1,2,NONE,SUCCESS,43.76,MEDIUM,"Continue payment, but offer an alternate payment method if it fails."
2796,CARD,Bank_A,0,1,NONE,SUCCESS,18.09,LOW,Continue payment normally.
5157,CARD,Bank_B,1,2,NONE,SUCCESS,33.61,MEDIUM,"Continue payment, but offer an alternate payment method if it fails."
19072,CARD,Bank_A,3,4,CARD_DECLINED,FAILED,95.29,HIGH,Try UPI or Net Banking instead of the card.
19271,CARD,Bank_A,0,1,CARD_DECLINED,FAILED,50.81,MEDIUM,Try UPI or Net Banking instead of the card.
10520,NET_BANKING,Bank_D,0,1,BANK_ERROR,FAILED,43.36,MEDIUM,Try another bank or payment method.
15601,UPI,Bank_A,0,1,NONE,SUCCESS,13.07,LOW,Continue payment normally.
16854,CARD,Bank_A,0,1,NONE,SUCCESS,16.83,LOW,Continue payment normally.
2538,CARD,Bank_A,0,1,NONE,FAILED,15.0,LOW,Continue payment normally.
7088,UPI,Bank_B,1,2,NONE,SUCCESS,36.26,MEDIUM,"Continue payment, but offer an alternate payment method if it fails."
6834,UPI,Bank_D,0,1,NONE,FAILED,15.92,LOW,Continue payment normally.
11823,UPI,Bank_A,0,1,NONE,SUCCESS,13.1,LOW,Continue payment normally.
19938,CARD,Bank_A,0,1,NONE,SUCCESS,15.41,LOW,Continue payment normally.
17440,UPI,Bank_B,0,1,NONE,SUCCESS,15.27,LOW,Continue payment normally.
6961,UPI,Bank_A,2,3,NONE,SUCCESS,57.98,MEDIUM,"Continue payment, but offer an alternate payment method if it fails."
3665,UPI,Bank_A,0,1,NONE,SUCCESS,16.21,LOW,Continue payment normally.
19792,UPI,Bank_D,0,1,NONE,SUCCESS,19.76,LOW,Continue payment normally.
10242,UPI,Bank_A,0,1,BANK_ERROR,SUCCESS,39.47,MEDIUM,Try another bank or payment method.
4754,UPI,Bank_C,3,4,BANK_ERROR,FAILED,96.01,HIGH,Try another bank or payment method.
15227,CARD,Bank_A,1,2,AUTH_ERROR,FAILED,73.81,HIGH,Complete authentication and retry the payment.
1658,UPI,Bank_C,0,1,NONE,SUCCESS,19.09,LOW,Continue payment normally.
17003,UPI,Bank_A,0,1,BANK_ERROR,FAILED,46.38,MEDIUM,Try another bank or payment method.
1387,UPI,Bank_B,0,1,NONE,SUCCESS,11.64,LOW,Continue payment normally.
19437,CARD,Bank_C,1,2,NETWORK_ERROR,FAILED,82.14,HIGH,Retry after a short delay or use another payment method.
6587,UPI,Bank_D,0,1,NONE,SUCCESS,20.04,LOW,Continue payment normally.
9962,CARD,Bank_C,0,1,NONE,SUCCESS,26.93,LOW,Continue payment normally.
16524,CARD,Bank_B,0,1,NONE,SUCCESS,18.22,LOW,Continue payment normally.
10823,CARD,Bank_A,1,2,NONE,FAILED,35.76,MEDIUM,"Continue payment, but offer an alternate payment method if it fails."
17580,NET_BANKING,Bank_B,0,1,NONE,FAILED,17.17,LOW,Continue payment normally.
8917,NET_BANKING,Bank_B,2,3,BANK_ERROR,FAILED,86.72,HIGH,Try another bank or payment method.
11268,UPI,Bank_B,2,3,AUTH_ERROR,FAILED,86.64,HIGH,Complete authentication and retry the payment.
5329,NET_BANKING,Bank_B,0,1,BANK_ERROR,FAILED,42.63,MEDIUM,Try another bank or payment method.
13561,UPI,Bank_A,0,1,BANK_ERROR,SUCCESS,37.03,MEDIUM,Try another bank or payment method.
17449,UPI,Bank_C,0,1,NONE,SUCCESS,21.59,LOW,Continue payment normally.
19744,NET_BANKING,Bank_B,0,1,NONE,FAILED,14.0,LOW,Continue payment normally.
11830,UPI,Bank_C,1,2,NONE,SUCCESS,42.79,MEDIUM,"Continue payment, but offer an alternate payment method if it fails."
16175,UPI,Bank_B,0,1,NONE,FAILED,14.88,LOW,Continue payment normally.
6007,CARD,Bank_D,0,1,NONE,FAILED,19.68,LOW,Continue payment normally.
3324,CARD,Bank_C,0,1,NONE,SUCCESS,27.88,LOW,Continue payment normally.
17564,UPI,Bank_C,1,2,NONE,FAILED,52.28,MEDIUM,"Continue payment, but offer an alternate payment method if it fails."
2280,UPI,Bank_C,0,1,NONE,SUCCESS,16.88,LOW,Continue payment normally.
4636,UPI,Bank_B,2,3,NONE,SUCCESS,52.79,MEDIUM,"Continue payment, but offer an alternate payment method if it fails."
1226,UPI,Bank_A,0,1,NONE,SUCCESS,14.79,LOW,Continue payment normally.
17458,UPI,Bank_B,0,1,NONE,FAILED,18.34,LOW,Continue payment normally.
245,UPI,Bank_C,0,1,NONE,SUCCESS,17.67,LOW,Continue payment normally.
879,UPI,Bank_A,2,3,BANK_ERROR,FAILED,84.38,HIGH,Try another bank or payment method.
854,UPI,Bank_C,1,2,NONE,FAILED,43.13,MEDIUM,"Continue payment, but offer an alternate payment method if it fails."
2304,UPI,Bank_A,0,1,NONE,SUCCESS,12.38,LOW,Continue payment normally.
4452,NET_BANKING,Bank_A,2,3,NONE,FAILED,65.36,MEDIUM,"Continue payment, but offer an alternate payment method if it fails."
12554,UPI,Bank_C,2,3,NONE,FAILED,72.25,HIGH,"Continue payment, but offer an alternate payment method if it fails."
13865,UPI,Bank_C,0,1,NONE,SUCCESS,21.41,LOW,Continue payment normally.
3291,CARD,Bank_B,0,1,NONE,FAILED,15.58,LOW,Continue payment normally.
7923,UPI,Bank_D,2,3,NONE,FAILED,62.86,MEDIUM,"Continue payment, but offer an alternate payment method if it fails."
2349,NET_BANKING,Bank_A,0,1,BANK_ERROR,FAILED,37.88,MEDIUM,Try another bank or payment method.
9737,CARD,Bank_B,0,1,NONE,SUCCESS,18.42,LOW,Continue payment normally.
18619,UPI,Bank_D,1,2,BANK_ERROR,FAILED,77.6,HIGH,Try another bank or payment method.
12850,CARD,Bank_B,0,1,NONE,SUCCESS,14.22,LOW,Continue payment normally.
9561,UPI,Bank_D,0,1,NONE,SUCCESS,16.99,LOW,Continue payment normally.
10378,UPI,Bank_A,0,1,NONE,SUCCESS,13.81,LOW,Continue payment normally.
9884,UPI,Bank_B,0,1,NONE,SUCCESS,15.34,LOW,Continue payment normally.
19567,UPI,Bank_C,3,4,NETWORK_ERROR,FAILED,96.69,HIGH,Retry after a short delay or use another payment method.
12919,CARD,Bank_B,1,2,NONE,SUCCESS,42.04,MEDIUM,"Continue payment, but offer an alternate payment method if it fails."
1420,UPI,Bank_C,0,1,NONE,SUCCESS,19.54,LOW,Continue payment normally.
1068,UPI,Bank_D,2,3,NONE,FAILED,62.45,MEDIUM,"Continue payment, but offer an alternate payment method if it fails."
9006,CARD,Bank_B,0,1,NONE,SUCCESS,20.26,LOW,Continue payment normally.
19014,CARD,Bank_B,0,1,NONE,SUCCESS,16.59,LOW,Continue payment normally.
7622,CARD,Bank_C,0,1,NONE,SUCCESS,23.46,LOW,Continue payment normally.
5358,UPI,Bank_D,0,1,NONE,SUCCESS,14.29,LOW,Continue payment normally.
2324,CARD,Bank_A,1,2,AUTH_ERROR,SUCCESS,69.76,MEDIUM,Complete authentication and retry the payment.
7265,UPI,Bank_B,0,1,NONE,SUCCESS,15.35,LOW,Continue payment normally.
11321,CARD,Bank_A,1,2,NONE,SUCCESS,39.56,MEDIUM,"Continue payment, but offer an alternate payment method if it fails."
19352,CARD,Bank_A,1,2,NETWORK_ERROR,FAILED,70.96,HIGH,Retry after a short delay or use another payment method.
13312,UPI,Bank_B,0,1,NONE,SUCCESS,11.94,LOW,Continue payment normally.
6681,NET_BANKING,Bank_C,0,1,NONE,SUCCESS,25.44,LOW,Continue payment normally.
19221,CARD,Bank_A,0,1,NONE,SUCCESS,15.72,LOW,Continue payment normally.
1561,UPI,Bank_D,0,1,NONE,SUCCESS,15.3,LOW,Continue payment normally.
1642,CARD,Bank_A,2,3,AUTH_ERROR,FAILED,85.23,HIGH,Complete authentication and retry the payment.
432,UPI,Bank_C,0,1,NONE,SUCCESS,17.49,LOW,Continue payment normally.
9652,UPI,Bank_C,2,3,BANK_ERROR,FAILED,92.08,HIGH,Try another bank or payment method.
5433,UPI,Bank_A,0,1,NONE,SUCCESS,12.59,LOW,Continue payment normally.
13998,NET_BANKING,Bank_C,3,4,BANK_ERROR,FAILED,97.34,HIGH,Try another bank or payment method.
3698,UPI,Bank_A,1,2,NONE,FAILED,31.41,MEDIUM,"Continue payment, but offer an alternate payment method if it fails."
11256,NET_BANKING,Bank_C,0,1,NONE,SUCCESS,26.81,LOW,Continue payment normally.
18856,UPI,Bank_C,1,2,AUTH_ERROR,FAILED,79.87,HIGH,Complete authentication and retry the payment.
9832,UPI,Bank_B,0,1,NONE,SUCCESS,15.35,LOW,Continue payment normally.
11074,NET_BANKING,Bank_B,1,2,BANK_ERROR,SUCCESS,71.4,HIGH,Try another bank or payment method.
10557,CARD,Bank_A,0,1,NONE,SUCCESS,17.34,LOW,Continue payment normally.
6186,CARD,Bank_B,2,3,NONE,SUCCESS,57.16,MEDIUM,"Continue payment, but offer an alternate payment method if it fails."
897,CARD,Bank_C,1,2,NETWORK_ERROR,FAILED,76.82,HIGH,Retry after a short delay or use another payment method.
1110,UPI,Bank_B,0,1,NONE,SUCCESS,12.43,LOW,Continue payment normally.
5834,CARD,Bank_D,0,1,NONE,FAILED,23.64,LOW,Continue payment normally.
7592,UPI,Bank_A,3,4,NETWORK_ERROR,FAILED,94.64,HIGH,Retry after a short delay or use another payment method.
15741,UPI,Bank_B,0,1,BANK_ERROR,FAILED,38.46,MEDIUM,Try another bank or payment method.
18361,UPI,Bank_A,0,1,NONE,SUCCESS,14.36,LOW,Continue payment normally.
4819,NET_BANKING,Bank_D,0,1,BANK_ERROR,FAILED,54.59,MEDIUM,Try another bank or payment method.
13593,UPI,Bank_B,0,1,NONE,FAILED,13.92,LOW,Continue payment normally.
18349,UPI,Bank_C,2,3,BANK_ERROR,FAILED,92.69,HIGH,Try another bank or payment method.
6365,UPI,Bank_C,0,1,NONE,SUCCESS,24.28,LOW,Continue payment normally.
3290,UPI,Bank_A,0,1,NONE,SUCCESS,11.98,LOW,Continue payment normally.
16144,UPI,Bank_D,0,1,NONE,FAILED,16.98,LOW,Continue payment normally.
11167,NET_BANKING,Bank_B,0,1,NONE,SUCCESS,17.2,LOW,Continue payment normally.
6722,UPI,Bank_C,0,1,NONE,FAILED,24.09,LOW,Continue payment normally.
7208,CARD,Bank_D,0,1,NONE,SUCCESS,20.43,LOW,Continue payment normally.
10269,CARD,Bank_A,0,1,NONE,SUCCESS,13.63,LOW,Continue payment normally.
13052,UPI,Bank_A,2,3,NETWORK_ERROR,FAILED,86.25,HIGH,Retry after a short delay or use another payment method.
7742,UPI,Bank_A,0,1,NONE,SUCCESS,11.87,LOW,Continue payment normally.
6395,UPI,Bank_D,1,2,NONE,FAILED,37.91,MEDIUM,"Continue payment, but offer an alternate payment method if it fails."
17171,UPI,Bank_A,1,2,NONE,SUCCESS,40.45,MEDIUM,"Continue payment, but offer an alternate payment method if it fails."
18918,NET_BANKING,Bank_A,1,2,NONE,SUCCESS,38.55,MEDIUM,"Continue payment, but offer an alternate payment method if it fails."
15317,NET_BANKING,Bank_B,0,1,NONE,SUCCESS,21.1,LOW,Continue payment normally.
592,UPI,Bank_B,1,2,NONE,FAILED,28.41,LOW,Continue payment normally.
7373,UPI,Bank_C,2,3,NETWORK_ERROR,FAILED,89.71,HIGH,Retry after a short delay or use another payment method.
9908,NET_BANKING,Bank_C,2,3,NONE,SUCCESS,78.31,HIGH,"Continue payment, but offer an alternate payment method if it fails."
7374,UPI,Bank_B,0,1,NONE,SUCCESS,13.27,LOW,Continue payment normally.
17191,CARD,Bank_B,1,2,CARD_DECLINED,FAILED,67.53,MEDIUM,Try UPI or Net Banking instead of the card.
358,UPI,Bank_B,0,1,NONE,FAILED,13.76,LOW,Continue payment normally.
8622,UPI,Bank_D,2,3,BANK_ERROR,FAILED,85.42,HIGH,Try another bank or payment method.
4298,UPI,Bank_A,0,1,NONE,FAILED,14.87,LOW,Continue payment normally.
9220,NET_BANKING,Bank_B,1,2,NETWORK_ERROR,FAILED,71.7,HIGH,Retry after a short delay or use another payment method.
1276,UPI,Bank_D,1,2,NONE,SUCCESS,38.68,MEDIUM,"Continue payment, but offer an alternate payment method if it fails."
13271,UPI,Bank_D,1,2,NONE,SUCCESS,41.32,MEDIUM,"Continue payment, but offer an alternate payment method if it fails."
14742,CARD,Bank_B,1,2,NONE,SUCCESS,35.09,MEDIUM,"Continue payment, but offer an alternate payment method if it fails."
5581,CARD,Bank_B,2,3,NETWORK_ERROR,FAILED,86.58,HIGH,Retry after a short delay or use another payment method.
14846,UPI,Bank_B,2,3,BANK_ERROR,FAILED,84.95,HIGH,Try another bank or payment method.
13641,CARD,Bank_A,0,1,NONE,SUCCESS,19.54,LOW,Continue payment normally.
4530,CARD,Bank_A,0,1,NONE,SUCCESS,14.14,LOW,Continue payment normally.
1121,UPI,Bank_A,0,1,NONE,SUCCESS,11.73,LOW,Continue payment normally.
5395,CARD,Bank_B,0,1,NONE,SUCCESS,15.08,LOW,Continue payment normally.
9713,UPI,Bank_A,0,1,NONE,SUCCESS,14.48,LOW,Continue payment normally.
315,UPI,Bank_A,1,2,NONE,SUCCESS,25.78,LOW,Continue payment normally.
10659,NET_BANKING,Bank_A,0,1,NONE,SUCCESS,18.92,LOW,Continue payment normally.
9947,NET_BANKING,Bank_B,3,4,NETWORK_ERROR,FAILED,95.56,HIGH,Retry after a short delay or use another payment method.
9717,NET_BANKING,Bank_C,0,1,NONE,SUCCESS,24.35,LOW,Continue payment normally.
15689,UPI,Bank_A,0,1,NONE,SUCCESS,14.75,LOW,Continue payment normally.
17944,UPI,Bank_A,0,1,NONE,SUCCESS,15.93,LOW,Continue payment normally.
656,UPI,Bank_D,1,2,NONE,SUCCESS,32.41,MEDIUM,"Continue payment, but offer an alternate payment method if it fails."
15277,CARD,Bank_D,1,2,NONE,FAILED,45.05,MEDIUM,"Continue payment, but offer an alternate payment method if it fails."
2026,UPI,Bank_C,0,1,NONE,SUCCESS,21.71,LOW,Continue payment normally.
3218,NET_BANKING,Bank_A,2,3,NETWORK_ERROR,FAILED,88.08,HIGH,Retry after a short delay or use another payment method.
11103,UPI,Bank_D,1,2,BANK_ERROR,SUCCESS,68.53,MEDIUM,Try another bank or payment method.
18348,UPI,Bank_A,0,1,NONE,SUCCESS,14.0,LOW,Continue payment normally.
4117,NET_BANKING,Bank_A,0,1,NONE,SUCCESS,12.05,LOW,Continue payment normally.
13525,CARD,Bank_A,0,1,NONE,SUCCESS,18.31,LOW,Continue payment normally.
8352,CARD,Bank_B,1,2,NONE,FAILED,36.97,MEDIUM,"Continue payment, but offer an alternate payment method if it fails."
13809,CARD,Bank_A,0,1,NONE,SUCCESS,16.57,LOW,Continue payment normally.
7342,CARD,Bank_A,0,1,CARD_DECLINED,SUCCESS,39.63,MEDIUM,Try UPI or Net Banking instead of the card.
13745,UPI,Bank_D,0,1,BANK_ERROR,FAILED,49.88,MEDIUM,Try another bank or payment method.
2142,NET_BANKING,Bank_B,0,1,NETWORK_ERROR,FAILED,48.08,MEDIUM,Retry after a short delay or use another payment method.
14234,UPI,Bank_C,2,3,BANK_ERROR,FAILED,88.63,HIGH,Try another bank or payment method.
14395,UPI,Bank_B,0,1,BANK_ERROR,FAILED,35.92,MEDIUM,Try another bank or payment method.
10057,CARD,Bank_D,2,3,NONE,SUCCESS,66.34,MEDIUM,"Continue payment, but offer an alternate payment method if it fails."
18806,UPI,Bank_B,0,1,NONE,FAILED,16.75,LOW,Continue payment normally.
16060,CARD,Bank_B,0,1,CARD_DECLINED,FAILED,41.8,MEDIUM,Try UPI or Net Banking instead of the card.
4729,UPI,Bank_A,2,3,AUTH_ERROR,FAILED,84.27,HIGH,Complete authentication and retry the payment.
13901,CARD,Bank_B,0,1,NONE,SUCCESS,17.52,LOW,Continue payment normally.
9439,UPI,Bank_A,0,1,NONE,SUCCESS,12.42,LOW,Continue payment normally.
1872,UPI,Bank_A,0,1,NETWORK_ERROR,SUCCESS,43.3,MEDIUM,Retry after a short delay or use another payment method.
13992,CARD,Bank_B,0,1,NONE,SUCCESS,18.24,LOW,Continue payment normally.
784,UPI,Bank_A,1,2,NONE,FAILED,30.32,MEDIUM,"Continue payment, but offer an alternate payment method if it fails."
1879,CARD,Bank_B,0,1,AUTH_ERROR,SUCCESS,43.1,MEDIUM,Complete authentication and retry the payment.
8357,CARD,Bank_A,0,1,NONE,FAILED,15.28,LOW,Continue payment normally.
2681,UPI,Bank_C,0,1,NONE,SUCCESS,20.02,LOW,Continue payment normally.
14202,UPI,Bank_D,0,1,NONE,SUCCESS,17.55,LOW,Continue payment normally.
4313,UPI,Bank_D,1,2,NONE,FAILED,38.41,MEDIUM,"Continue payment, but offer an alternate payment method if it fails."
6574,UPI,Bank_D,1,2,BANK_ERROR,SUCCESS,70.4,HIGH,Try another bank or payment method.
915,CARD,Bank_D,3,4,NETWORK_ERROR,FAILED,96.49,HIGH,Retry after a short delay or use another payment method.
2303,UPI,Bank_D,0,1,NONE,SUCCESS,14.81,LOW,Continue payment normally.
15355,UPI,Bank_C,0,1,NONE,FAILED,24.81,LOW,Continue payment normally.
4118,UPI,Bank_D,0,1,NONE,SUCCESS,16.56,LOW,Continue payment normally.
7148,UPI,Bank_A,0,1,NONE,SUCCESS,14.1,LOW,Continue payment normally.
1410,UPI,Bank_A,0,1,NONE,SUCCESS,13.85,LOW,Continue payment normally.
13637,NET_BANKING,Bank_C,0,1,NONE,SUCCESS,26.41,LOW,Continue payment normally.
1739,UPI,Bank_C,0,1,NONE,SUCCESS,21.41,LOW,Continue payment normally.
14039,UPI,Bank_A,3,4,NONE,SUCCESS,81.08,HIGH,"Continue payment, but offer an alternate payment method if it fails."
5060,CARD,Bank_C,0,1,NONE,SUCCESS,21.81,LOW,Continue payment normally.
15614,UPI,Bank_C,3,4,BANK_ERROR,FAILED,96.92,HIGH,Try another bank or payment method.
19497,NET_BANKING,Bank_A,0,1,NONE,SUCCESS,18.57,LOW,Continue payment normally.
4716,CARD,Bank_A,0,1,NONE,SUCCESS,17.28,LOW,Continue payment normally.
14482,UPI,Bank_C,0,1,NONE,SUCCESS,21.8,LOW,Continue payment normally.
16297,UPI,Bank_C,0,1,NONE,SUCCESS,24.99,LOW,Continue payment normally.
1985,CARD,Bank_B,1,2,NONE,FAILED,35.61,MEDIUM,"Continue payment, but offer an alternate payment method if it fails."
19861,NET_BANKING,Bank_C,1,2,BANK_ERROR,FAILED,82.51,HIGH,Try another bank or payment method.
12057,UPI,Bank_D,0,1,NONE,SUCCESS,16.97,LOW,Continue payment normally.
11371,UPI,Bank_A,0,1,NONE,SUCCESS,14.32,LOW,Continue payment normally.
3067,NET_BANKING,Bank_A,1,2,NONE,SUCCESS,29.83,LOW,Continue payment normally.
4116,UPI,Bank_A,1,2,NONE,FAILED,28.55,LOW,Continue payment normally.
5261,UPI,Bank_A,1,2,NONE,SUCCESS,37.09,MEDIUM,"Continue payment, but offer an alternate payment method if it fails."
16609,CARD,Bank_B,2,3,CARD_DECLINED,FAILED,85.91,HIGH,Try UPI or Net Banking instead of the card.
17216,UPI,Bank_C,0,1,NONE,SUCCESS,22.62,LOW,Continue payment normally.
2160,UPI,Bank_D,0,1,NONE,SUCCESS,18.24,LOW,Continue payment normally.
19474,UPI,Bank_A,0,1,BANK_ERROR,FAILED,43.21,MEDIUM,Try another bank or payment method.
19514,CARD,Bank_B,0,1,NONE,SUCCESS,20.21,LOW,Continue payment normally.
5205,UPI,Bank_B,1,2,NONE,SUCCESS,36.08,MEDIUM,"Continue payment, but offer an alternate payment method if it fails."
1568,NET_BANKING,Bank_B,1,2,BANK_ERROR,FAILED,69.37,MEDIUM,Try another bank or payment method.
16859,CARD,Bank_C,0,1,AUTH_ERROR,FAILED,60.67,MEDIUM,Complete authentication and retry the payment.
16113,CARD,Bank_C,0,1,NONE,FAILED,24.1,LOW,Continue payment normally.
10311,UPI,Bank_A,0,1,NONE,SUCCESS,11.7,LOW,Continue payment normally.
19040,UPI,Bank_C,3,4,AUTH_ERROR,FAILED,96.68,HIGH,Complete authentication and retry the payment.
8769,UPI,Bank_A,0,1,NONE,SUCCESS,17.26,LOW,Continue payment normally.
14824,NET_BANKING,Bank_C,0,1,AUTH_ERROR,FAILED,54.58,MEDIUM,Complete authentication and retry the payment.
7943,UPI,Bank_B,2,3,NETWORK_ERROR,FAILED,87.58,HIGH,Retry after a short delay or use another payment method.
19683,UPI,Bank_D,0,1,NONE,SUCCESS,17.59,LOW,Continue payment normally.
8434,UPI,Bank_D,2,3,NONE,FAILED,69.32,MEDIUM,"Continue payment, but offer an alternate payment method if it fails."
9084,NET_BANKING,Bank_A,0,1,NONE,FAILED,16.57,LOW,Continue payment normally.
9739,UPI,Bank_B,0,1,NONE,SUCCESS,15.13,LOW,Continue payment normally.
3781,CARD,Bank_D,0,1,CARD_DECLINED,SUCCESS,48.33,MEDIUM,Try UPI or Net Banking instead of the card.
11346,UPI,Bank_B,0,1,NONE,SUCCESS,11.87,LOW,Continue payment normally.
15490,CARD,Bank_B,0,1,NONE,FAILED,17.11,LOW,Continue payment normally.
9921,UPI,Bank_D,0,1,NONE,SUCCESS,15.99,LOW,Continue payment normally.
1031,UPI,Bank_D,0,1,NONE,SUCCESS,16.26,LOW,Continue payment normally.
7948,NET_BANKING,Bank_C,2,3,NETWORK_ERROR,FAILED,93.53,HIGH,Retry after a short delay or use another payment method.
8189,CARD,Bank_C,0,1,AUTH_ERROR,FAILED,56.67,MEDIUM,Complete authentication and retry the payment.
12167,UPI,Bank_C,2,3,BANK_ERROR,FAILED,89.45,HIGH,Try another bank or payment method.
5266,CARD,Bank_B,0,1,NONE,SUCCESS,16.31,LOW,Continue payment normally.
17609,CARD,Bank_A,3,4,AUTH_ERROR,FAILED,95.95,HIGH,Complete authentication and retry the payment.
15329,CARD,Bank_D,0,1,NONE,SUCCESS,21.76,LOW,Continue payment normally.
16360,UPI,Bank_A,0,1,AUTH_ERROR,SUCCESS,38.73,MEDIUM,Complete authentication and retry the payment.
3558,UPI,Bank_A,0,1,NONE,SUCCESS,13.8,LOW,Continue payment normally.
19721,CARD,Bank_D,0,1,NONE,FAILED,27.35,LOW,Continue payment normally.
10417,UPI,Bank_B,1,2,NETWORK_ERROR,FAILED,61.73,MEDIUM,Retry after a short delay or use another payment method.
12131,CARD,Bank_C,0,1,NONE,SUCCESS,24.13,LOW,Continue payment normally.
2562,UPI,Bank_B,1,2,NONE,SUCCESS,30.21,MEDIUM,"Continue payment, but offer an alternate payment method if it fails."
13504,CARD,Bank_B,2,3,NONE,FAILED,65.12,MEDIUM,"Continue payment, but offer an alternate payment method if it fails."
12600,NET_BANKING,Bank_A,0,1,NONE,FAILED,19.52,LOW,Continue payment normally.
4008,UPI,Bank_A,0,1,NONE,SUCCESS,12.41,LOW,Continue payment normally.
4920,UPI,Bank_B,0,1,NONE,FAILED,13.1,LOW,Continue payment normally.
9549,UPI,Bank_C,1,2,AUTH_ERROR,FAILED,78.08,HIGH,Complete authentication and retry the payment.
5381,NET_BANKING,Bank_C,0,1,NETWORK_ERROR,FAILED,55.25,MEDIUM,Retry after a short delay or use another payment method.
17067,UPI,Bank_D,1,2,BANK_ERROR,FAILED,74.43,HIGH,Try another bank or payment method.
15129,UPI,Bank_B,0,1,NONE,SUCCESS,15.34,LOW,Continue payment normally.
7720,NET_BANKING,Bank_A,3,4,BANK_ERROR,FAILED,94.0,HIGH,Try another bank or payment method.
18461,UPI,Bank_A,0,1,BANK_ERROR,SUCCESS,46.02,MEDIUM,Try another bank or payment method.
12688,NET_BANKING,Bank_A,0,1,NONE,SUCCESS,18.31,LOW,Continue payment normally.
6664,UPI,Bank_C,0,1,NONE,SUCCESS,20.78,LOW,Continue payment normally.
619,UPI,Bank_C,2,3,NONE,FAILED,63.43,MEDIUM,"Continue payment, but offer an alternate payment method if it fails."
506,CARD,Bank_C,0,1,NONE,SUCCESS,19.64,LOW,Continue payment normally.
1913,CARD,Bank_A,0,1,CARD_DECLINED,SUCCESS,40.71,MEDIUM,Try UPI or Net Banking instead of the card.
13796,UPI,Bank_A,0,1,NONE,SUCCESS,12.31,LOW,Continue payment normally.
12698,UPI,Bank_B,0,1,NONE,SUCCESS,15.36,LOW,Continue payment normally.
4470,UPI,Bank_C,1,2,NONE,FAILED,38.44,MEDIUM,"Continue payment, but offer an alternate payment method if it fails."
5129,CARD,Bank_A,1,2,NONE,SUCCESS,31.81,MEDIUM,"Continue payment, but offer an alternate payment method if it fails."
13157,UPI,Bank_D,3,4,NETWORK_ERROR,FAILED,96.9,HIGH,Retry after a short delay or use another payment method.
19013,UPI,Bank_D,0,1,NONE,FAILED,20.62,LOW,Continue payment normally.
2760,CARD,Bank_C,3,4,CARD_DECLINED,FAILED,96.25,HIGH,Try UPI or Net Banking instead of the card.
12285,UPI,Bank_B,0,1,NONE,SUCCESS,13.55,LOW,Continue payment normally.
1018,UPI,Bank_A,0,1,NONE,SUCCESS,11.4,LOW,Continue payment normally.
14815,UPI,Bank_C,0,1,NONE,SUCCESS,22.98,LOW,Continue payment normally.
15033,UPI,Bank_D,0,1,NONE,SUCCESS,16.82,LOW,Continue payment normally.
18138,CARD,Bank_A,0,1,NONE,FAILED,21.18,LOW,Continue payment normally.
19408,NET_BANKING,Bank_A,1,2,NONE,SUCCESS,34.32,MEDIUM,"Continue payment, but offer an alternate payment method if it fails."
5545,CARD,Bank_A,0,1,NONE,FAILED,17.18,LOW,Continue payment normally.
16500,CARD,Bank_C,1,2,NETWORK_ERROR,FAILED,81.4,HIGH,Retry after a short delay or use another payment method.
18396,UPI,Bank_D,1,2,NETWORK_ERROR,SUCCESS,77.12,HIGH,Retry after a short delay or use another payment method.
19765,NET_BANKING,Bank_A,1,2,NONE,FAILED,41.05,MEDIUM,"Continue payment, but offer an alternate payment method if it fails."
12436,CARD,Bank_B,0,1,NONE,SUCCESS,18.42,LOW,Continue payment normally.
4051,UPI,Bank_B,3,4,BANK_ERROR,FAILED,93.88,HIGH,Try another bank or payment method.
12433,NET_BANKING,Bank_B,0,1,NONE,SUCCESS,16.31,LOW,Continue payment normally.
8762,CARD,Bank_A,0,1,NONE,SUCCESS,15.77,LOW,Continue payment normally.
7541,CARD,Bank_A,1,2,NONE,SUCCESS,35.57,MEDIUM,"Continue payment, but offer an alternate payment method if it fails."
7724,UPI,Bank_C,0,1,NONE,SUCCESS,19.24,LOW,Continue payment normally.
5122,UPI,Bank_C,3,4,BANK_ERROR,FAILED,96.2,HIGH,Try another bank or payment method.
10869,UPI,Bank_A,2,3,AUTH_ERROR,FAILED,86.17,HIGH,Complete authentication and retry the payment.
11539,UPI,Bank_C,0,1,NONE,SUCCESS,17.33,LOW,Continue payment normally.
15204,NET_BANKING,Bank_A,0,1,NONE,SUCCESS,16.5,LOW,Continue payment normally.
7723,UPI,Bank_D,2,3,BANK_ERROR,FAILED,88.65,HIGH,Try another bank or payment method.
2691,NET_BANKING,Bank_B,0,1,NONE,SUCCESS,13.47,LOW,Continue payment normally.
16628,NET_BANKING,Bank_D,0,1,NONE,SUCCESS,22.44,LOW,Continue payment normally.
7979,UPI,Bank_A,0,1,NONE,SUCCESS,13.1,LOW,Continue payment normally.
8501,UPI,Bank_D,0,1,NONE,FAILED,16.4,LOW,Continue payment normally.
6884,UPI,Bank_C,2,3,AUTH_ERROR,FAILED,89.54,HIGH,Complete authentication and retry the payment.
1674,UPI,Bank_B,0,1,BANK_ERROR,SUCCESS,32.19,MEDIUM,Try another bank or payment method.
8491,UPI,Bank_C,0,1,NONE,FAILED,19.61,LOW,Continue payment normally.
2665,UPI,Bank_D,0,1,NONE,SUCCESS,15.26,LOW,Continue payment normally.
6329,CARD,Bank_B,0,1,NONE,SUCCESS,15.64,LOW,Continue payment normally.
174,NET_BANKING,Bank_A,0,1,NONE,SUCCESS,13.64,LOW,Continue payment normally.
223,NET_BANKING,Bank_D,1,2,BANK_ERROR,FAILED,69.73,MEDIUM,Try another bank or payment method.
3282,CARD,Bank_A,0,1,NONE,SUCCESS,17.47,LOW,Continue payment normally.
3165,UPI,Bank_A,0,1,NONE,SUCCESS,14.68,LOW,Continue payment normally.
7359,UPI,Bank_B,0,1,NONE,SUCCESS,14.96,LOW,Continue payment normally.
3506,UPI,Bank_C,0,1,NONE,SUCCESS,17.78,LOW,Continue payment normally.
8882,NET_BANKING,Bank_D,0,1,NONE,SUCCESS,18.2,LOW,Continue payment normally.
9210,NET_BANKING,Bank_B,1,2,NONE,SUCCESS,34.22,MEDIUM,"Continue payment, but offer an alternate payment method if it fails."
13355,CARD,Bank_D,1,2,NONE,SUCCESS,49.18,MEDIUM,"Continue payment, but offer an alternate payment method if it fails."
13171,UPI,Bank_A,0,1,NONE,SUCCESS,16.87,LOW,Continue payment normally.
15414,CARD,Bank_D,2,3,AUTH_ERROR,FAILED,91.61,HIGH,Complete authentication and retry the payment.
2809,UPI,Bank_B,0,1,NONE,SUCCESS,14.31,LOW,Continue payment normally.
13514,CARD,Bank_B,0,1,NONE,SUCCESS,19.58,LOW,Continue payment normally.
15052,NET_BANKING,Bank_C,0,1,BANK_ERROR,FAILED,58.3,MEDIUM,Try another bank or payment method.
9762,CARD,Bank_A,0,1,NONE,SUCCESS,18.36,LOW,Continue payment normally.
5838,UPI,Bank_D,3,4,BANK_ERROR,FAILED,95.48,HIGH,Try another bank or payment method.
5211,UPI,Bank_C,0,1,NETWORK_ERROR,SUCCESS,46.7,MEDIUM,Retry after a short delay or use another payment method.
15328,UPI,Bank_A,0,1,NONE,SUCCESS,12.51,LOW,Continue payment normally.
14223,UPI,Bank_D,0,1,BANK_ERROR,FAILED,49.6,MEDIUM,Try another bank or payment method.
5023,UPI,Bank_B,0,1,NETWORK_ERROR,SUCCESS,40.1,MEDIUM,Retry after a short delay or use another payment method.
5285,NET_BANKING,Bank_A,0,1,NONE,SUCCESS,15.76,LOW,Continue payment normally.
4238,CARD,Bank_D,0,1,NONE,SUCCESS,19.6,LOW,Continue payment normally.
18401,CARD,Bank_B,2,3,NETWORK_ERROR,FAILED,87.9,HIGH,Retry after a short delay or use another payment method.
2452,CARD,Bank_B,0,1,NONE,SUCCESS,15.45,LOW,Continue payment normally.
17188,UPI,Bank_A,0,1,NONE,SUCCESS,16.45,LOW,Continue payment normally.
16000,UPI,Bank_C,1,2,NONE,FAILED,41.69,MEDIUM,"Continue payment, but offer an alternate payment method if it fails."
4154,CARD,Bank_A,0,1,NONE,FAILED,13.89,LOW,Continue payment normally.
11477,CARD,Bank_D,2,3,CARD_DECLINED,FAILED,87.74,HIGH,Try UPI or Net Banking instead of the card.
16555,UPI,Bank_B,1,2,AUTH_ERROR,FAILED,74.17,HIGH,Complete authentication and retry the payment.
3783,UPI,Bank_B,0,1,NONE,SUCCESS,10.97,LOW,Continue payment normally.
17428,CARD,Bank_B,3,4,NONE,FAILED,82.93,HIGH,"Continue payment, but offer an alternate payment method if it fails."
8373,CARD,Bank_C,0,1,NONE,FAILED,22.75,LOW,Continue payment normally.
3406,UPI,Bank_A,2,3,BANK_ERROR,FAILED,84.15,HIGH,Try another bank or payment method.
8322,UPI,Bank_C,1,2,NONE,SUCCESS,39.52,MEDIUM,"Continue payment, but offer an alternate payment method if it fails."
12746,UPI,Bank_A,0,1,NONE,SUCCESS,14.73,LOW,Continue payment normally.
11887,CARD,Bank_B,0,1,NONE,SUCCESS,13.9,LOW,Continue payment normally.
9813,UPI,Bank_B,1,2,NETWORK_ERROR,SUCCESS,62.27,MEDIUM,Retry after a short delay or use another payment method.
14855,UPI,Bank_A,0,1,NONE,FAILED,14.63,LOW,Continue payment normally.
16016,CARD,Bank_D,0,1,NONE,SUCCESS,23.53,LOW,Continue payment normally.
2713,CARD,Bank_A,0,1,NONE,SUCCESS,13.13,LOW,Continue payment normally.
2515,UPI,Bank_C,0,1,NONE,SUCCESS,17.84,LOW,Continue payment normally.
11645,UPI,Bank_C,0,1,NONE,SUCCESS,22.32,LOW,Continue payment normally.
4116,UPI,Bank_B,1,2,NONE,FAILED,30.91,MEDIUM,"Continue payment, but offer an alternate payment method if it fails."
15652,CARD,Bank_B,0,1,NONE,SUCCESS,19.0,LOW,Continue payment normally.
13280,UPI,Bank_A,0,1,NONE,SUCCESS,13.84,LOW,Continue payment normally.
6543,CARD,Bank_C,0,1,NONE,SUCCESS,22.11,LOW,Continue payment normally.
13560,UPI,Bank_B,0,1,AUTH_ERROR,FAILED,39.92,MEDIUM,Complete authentication and retry the payment.
3103,CARD,Bank_D,0,1,NONE,SUCCESS,20.39,LOW,Continue payment normally.
4995,NET_BANKING,Bank_D,2,3,BANK_ERROR,FAILED,89.8,HIGH,Try another bank or payment method.
12792,NET_BANKING,Bank_C,1,2,NONE,SUCCESS,50.81,MEDIUM,"Continue payment, but offer an alternate payment method if it fails."
16621,CARD,Bank_D,0,1,NONE,SUCCESS,26.61,LOW,Continue payment normally.
6356,CARD,Bank_B,2,3,CARD_DECLINED,FAILED,87.25,HIGH,Try UPI or Net Banking instead of the card.
18560,CARD,Bank_B,0,1,NONE,SUCCESS,20.03,LOW,Continue payment normally.
4592,CARD,Bank_B,0,1,CARD_DECLINED,FAILED,36.38,MEDIUM,Try UPI or Net Banking instead of the card.
9222,CARD,Bank_D,0,1,NONE,FAILED,17.2,LOW,Continue payment normally.
1678,UPI,Bank_A,1,2,NONE,FAILED,32.93,MEDIUM,"Continue payment, but offer an alternate payment method if it fails."
18543,CARD,Bank_A,0,1,NONE,SUCCESS,18.28,LOW,Continue payment normally.
16292,CARD,Bank_D,0,1,CARD_DECLINED,FAILED,57.48,MEDIUM,Try UPI or Net Banking instead of the card.
5532,CARD,Bank_C,2,3,CARD_DECLINED,FAILED,91.92,HIGH,Try UPI or Net Banking instead of the card.
19264,UPI,Bank_A,1,2,NONE,SUCCESS,37.3,MEDIUM,"Continue payment, but offer an alternate payment method if it fails."
2452,CARD,Bank_B,0,1,NONE,SUCCESS,14.07,LOW,Continue payment normally.
10711,NET_BANKING,Bank_A,0,1,NONE,SUCCESS,13.44,LOW,Continue payment normally.
10296,UPI,Bank_A,0,1,NONE,SUCCESS,13.61,LOW,Continue payment normally.
3799,NET_BANKING,Bank_B,0,1,NONE,SUCCESS,13.64,LOW,Continue payment normally.
2901,CARD,Bank_A,0,1,NONE,SUCCESS,15.28,LOW,Continue payment normally.
16252,UPI,Bank_D,0,1,NONE,SUCCESS,22.44,LOW,Continue payment normally.
5643,NET_BANKING,Bank_C,2,3,NETWORK_ERROR,FAILED,91.39,HIGH,Retry after a short delay or use another payment method.
19197,UPI,Bank_D,0,1,BANK_ERROR,FAILED,51.45,MEDIUM,Try another bank or payment method.
16759,UPI,Bank_A,0,1,NONE,SUCCESS,17.04,LOW,Continue payment normally.
4588,UPI,Bank_B,2,3,NONE,FAILED,52.38,MEDIUM,"Continue payment, but offer an alternate payment method if it fails."
5174,CARD,Bank_B,2,3,NETWORK_ERROR,FAILED,87.92,HIGH,Retry after a short delay or use another payment method.
5490,CARD,Bank_D,0,1,NONE,SUCCESS,17.25,LOW,Continue payment normally.
7844,UPI,Bank_B,1,2,NONE,FAILED,33.58,MEDIUM,"Continue payment, but offer an alternate payment method if it fails."
18273,UPI,Bank_B,1,2,BANK_ERROR,SUCCESS,65.15,MEDIUM,Try another bank or payment method.
12986,CARD,Bank_D,0,1,NONE,SUCCESS,22.9,LOW,Continue payment normally.
17500,UPI,Bank_B,1,2,NONE,SUCCESS,35.83,MEDIUM,"Continue payment, but offer an alternate payment method if it fails."
5940,UPI,Bank_D,3,4,NONE,FAILED,87.34,HIGH,"Continue payment, but offer an alternate payment method if it fails."
12700,CARD,Bank_D,0,1,NONE,SUCCESS,19.95,LOW,Continue payment normally.
5800,UPI,Bank_A,0,1,NONE,SUCCESS,15.29,LOW,Continue payment normally.
14018,CARD,Bank_C,0,1,NONE,FAILED,24.81,LOW,Continue payment normally.
19303,UPI,Bank_A,0,1,NETWORK_ERROR,SUCCESS,44.09,MEDIUM,Retry after a short delay or use another payment method.
3315,UPI,Bank_A,0,1,NONE,FAILED,12.86,LOW,Continue payment normally.
14556,CARD,Bank_C,0,1,AUTH_ERROR,FAILED,62.97,MEDIUM,Complete authentication and retry the payment.
102,CARD,Bank_C,0,1,AUTH_ERROR,SUCCESS,55.85,MEDIUM,Complete authentication and retry the payment.
16708,UPI,Bank_B,1,2,NONE,SUCCESS,36.67,MEDIUM,"Continue payment, but offer an alternate payment method if it fails."
2165,CARD,Bank_A,0,1,AUTH_ERROR,FAILED,46.22,MEDIUM,Complete authentication and retry the payment.
14250,CARD,Bank_A,2,3,NONE,FAILED,70.69,HIGH,"Continue payment, but offer an alternate payment method if it fails."
6613,UPI,Bank_C,1,2,NONE,SUCCESS,43.61,MEDIUM,"Continue payment, but offer an alternate payment method if it fails."
18782,UPI,Bank_C,0,1,NONE,SUCCESS,25.25,LOW,Continue payment normally.
11929,UPI,Bank_C,0,1,NONE,SUCCESS,20.51,LOW,Continue payment normally.
8928,UPI,Bank_B,1,2,BANK_ERROR,FAILED,64.07,MEDIUM,Try another bank or payment method.
1345,UPI,Bank_A,0,1,NONE,SUCCESS,12.43,LOW,Continue payment normally.
13151,UPI,Bank_D,0,1,NONE,SUCCESS,17.39,LOW,Continue payment normally.
6537,UPI,Bank_D,0,1,NONE,SUCCESS,17.16,LOW,Continue payment normally.
6929,CARD,Bank_C,0,1,NONE,SUCCESS,20.62,LOW,Continue payment normally.
13662,UPI,Bank_A,0,1,NONE,SUCCESS,15.05,LOW,Continue payment normally.
970,NET_BANKING,Bank_D,0,1,NONE,SUCCESS,20.42,LOW,Continue payment normally.
4233,NET_BANKING,Bank_C,2,3,NETWORK_ERROR,FAILED,91.74,HIGH,Retry after a short delay or use another payment method.
17315,CARD,Bank_A,1,2,AUTH_ERROR,FAILED,77.15,HIGH,Complete authentication and retry the payment.
16284,UPI,Bank_B,0,1,NONE,SUCCESS,14.71,LOW,Continue payment normally.
9411,NET_BANKING,Bank_C,0,1,NONE,SUCCESS,23.14,LOW,Continue payment normally.
13870,UPI,Bank_B,0,1,NONE,SUCCESS,17.72,LOW,Continue payment normally.
10214,UPI,Bank_A,0,1,NONE,SUCCESS,13.61,LOW,Continue payment normally.
15774,UPI,Bank_B,1,2,NONE,SUCCESS,33.24,MEDIUM,"Continue payment, but offer an alternate payment method if it fails."
7521,NET_BANKING,Bank_C,3,4,NETWORK_ERROR,FAILED,96.68,HIGH,Retry after a short delay or use another payment method.
7955,UPI,Bank_D,3,4,NETWORK_ERROR,FAILED,96.45,HIGH,Retry after a short delay or use another payment method.
13675,UPI,Bank_C,0,1,NONE,SUCCESS,21.64,LOW,Continue payment normally.
17725,UPI,Bank_C,0,1,NETWORK_ERROR,FAILED,55.06,MEDIUM,Retry after a short delay or use another payment method.
6539,UPI,Bank_B,0,1,NONE,SUCCESS,11.13,LOW,Continue payment normally.
17430,CARD,Bank_C,0,1,NONE,FAILED,22.69,LOW,Continue payment normally.
2046,NET_BANKING,Bank_A,0,1,NONE,SUCCESS,14.46,LOW,Continue payment normally.
19376,UPI,Bank_C,0,1,NONE,FAILED,27.23,LOW,Continue payment normally.
10348,UPI,Bank_A,2,3,BANK_ERROR,FAILED,84.0,HIGH,Try another bank or payment method.
4576,NET_BANKING,Bank_D,1,2,NONE,SUCCESS,37.64,MEDIUM,"Continue payment, but offer an alternate payment method if it fails."
15272,UPI,Bank_C,0,1,NONE,FAILED,19.4,LOW,Continue payment normally.
4694,UPI,Bank_B,2,3,BANK_ERROR,FAILED,85.61,HIGH,Try another bank or payment method.
3677,CARD,Bank_A,0,1,NONE,FAILED,15.6,LOW,Continue payment normally.
1585,UPI,Bank_D,0,1,BANK_ERROR,FAILED,44.37,MEDIUM,Try another bank or payment method.
17613,CARD,Bank_B,0,1,NONE,FAILED,20.87,LOW,Continue payment normally.
17668,CARD,Bank_C,1,2,NONE,SUCCESS,47.28,MEDIUM,"Continue payment, but offer an alternate payment method if it fails."
2904,UPI,Bank_B,3,4,BANK_ERROR,FAILED,92.63,HIGH,Try another bank or payment method.
1536,NET_BANKING,Bank_C,0,1,BANK_ERROR,FAILED,52.44,MEDIUM,Try another bank or payment method.
5117,UPI,Bank_B,2,3,NONE,FAILED,57.97,MEDIUM,"Continue payment, but offer an alternate payment method if it fails."
14096,UPI,Bank_A,0,1,NONE,SUCCESS,13.76,LOW,Continue payment normally.
12362,UPI,Bank_D,1,2,NETWORK_ERROR,SUCCESS,70.65,HIGH,Retry after a short delay or use another payment method.
13084,UPI,Bank_B,0,1,NONE,SUCCESS,16.28,LOW,Continue payment normally.
12793,UPI,Bank_C,1,2,BANK_ERROR,FAILED,74.95,HIGH,Try another bank or payment method.
8033,CARD,Bank_B,0,1,NONE,SUCCESS,15.1,LOW,Continue payment normally.
8833,UPI,Bank_A,0,1,NONE,SUCCESS,14.34,LOW,Continue payment normally.
18301,UPI,Bank_A,0,1,NONE,SUCCESS,13.43,LOW,Continue payment normally.
13187,NET_BANKING,Bank_B,0,1,NONE,FAILED,19.2,LOW,Continue payment normally.
1664,UPI,Bank_C,0,1,NONE,SUCCESS,19.6,LOW,Continue payment normally.
15251,UPI,Bank_A,0,1,NONE,FAILED,16.14,LOW,Continue payment normally.
305,UPI,Bank_D,0,1,NONE,FAILED,14.13,LOW,Continue payment normally.
17942,UPI,Bank_B,0,1,NETWORK_ERROR,SUCCESS,42.26,MEDIUM,Retry after a short delay or use another payment method.
15788,UPI,Bank_B,3,4,BANK_ERROR,FAILED,93.11,HIGH,Try another bank or payment method.
9083,CARD,Bank_C,0,1,CARD_DECLINED,FAILED,58.43,MEDIUM,Try UPI or Net Banking instead of the card.
11804,NET_BANKING,Bank_A,0,1,NONE,SUCCESS,14.72,LOW,Continue payment normally.
18516,CARD,Bank_C,0,1,AUTH_ERROR,SUCCESS,58.46,MEDIUM,Complete authentication and retry the payment.
9696,CARD,Bank_B,0,1,NONE,SUCCESS,17.28,LOW,Continue payment normally.
13236,UPI,Bank_C,1,2,NONE,SUCCESS,45.53,MEDIUM,"Continue payment, but offer an alternate payment method if it fails."
10566,UPI,Bank_D,0,1,NONE,FAILED,21.04,LOW,Continue payment normally.
13197,UPI,Bank_C,0,1,NONE,SUCCESS,22.1,LOW,Continue payment normally.
6128,UPI,Bank_D,0,1,NONE,SUCCESS,17.77,LOW,Continue payment normally.
15452,CARD,Bank_C,0,1,NETWORK_ERROR,SUCCESS,57.15,MEDIUM,Retry after a short delay or use another payment method.
12306,NET_BANKING,Bank_D,2,3,NONE,FAILED,71.16,HIGH,"Continue payment, but offer an alternate payment method if it fails."
17968,NET_BANKING,Bank_B,1,2,NONE,SUCCESS,36.21,MEDIUM,"Continue payment, but offer an alternate payment method if it fails."
18748,UPI,Bank_D,1,2,NONE,SUCCESS,42.5,MEDIUM,"Continue payment, but offer an alternate payment method if it fails."
9416,NET_BANKING,Bank_A,0,1,NONE,FAILED,15.58,LOW,Continue payment normally.
9952,UPI,Bank_C,0,1,NONE,SUCCESS,20.13,LOW,Continue payment normally.
14704,NET_BANKING,Bank_A,0,1,NONE,SUCCESS,16.86,LOW,Continue payment normally.
10486,CARD,Bank_A,0,1,NONE,SUCCESS,16.9,LOW,Continue payment normally.
9587,CARD,Bank_A,0,1,NONE,SUCCESS,16.76,LOW,Continue payment normally.
4486,CARD,Bank_A,0,1,CARD_DECLINED,FAILED,35.5,MEDIUM,Try UPI or Net Banking instead of the card.
18070,CARD,Bank_B,0,1,NONE,SUCCESS,20.72,LOW,Continue payment normally.
13640,UPI,Bank_A,0,1,NONE,SUCCESS,12.98,LOW,Continue payment normally.
17077,UPI,Bank_C,0,1,BANK_ERROR,FAILED,50.84,MEDIUM,Try another bank or payment method.
7055,NET_BANKING,Bank_D,0,1,NONE,SUCCESS,19.54,LOW,Continue payment normally.
15534,CARD,Bank_A,1,2,NONE,SUCCESS,38.49,MEDIUM,"Continue payment, but offer an alternate payment method if it fails."
11786,UPI,Bank_A,1,2,NONE,SUCCESS,28.44,LOW,Continue payment normally.
8065,UPI,Bank_B,1,2,NONE,FAILED,32.94,MEDIUM,"Continue payment, but offer an alternate payment method if it fails."
5643,NET_BANKING,Bank_B,0,1,NONE,SUCCESS,16.1,LOW,Continue payment normally.
6923,UPI,Bank_A,0,1,NONE,SUCCESS,14.66,LOW,Continue payment normally.
793,NET_BANKING,Bank_B,0,1,NONE,SUCCESS,13.21,LOW,Continue payment normally.
5403,UPI,Bank_A,0,1,NONE,SUCCESS,13.66,LOW,Continue payment normally.
5038,NET_BANKING,Bank_D,0,1,NONE,SUCCESS,19.91,LOW,Continue payment normally.
15134,UPI,Bank_A,0,1,NONE,FAILED,15.08,LOW,Continue payment normally.
16439,UPI,Bank_B,0,1,NONE,SUCCESS,15.75,LOW,Continue payment normally.
2239,CARD,Bank_A,3,4,CARD_DECLINED,FAILED,94.48,HIGH,Try UPI or Net Banking instead of the card.
19442,CARD,Bank_A,0,1,NONE,SUCCESS,17.72,LOW,Continue payment normally.
19154,CARD,Bank_C,3,4,CARD_DECLINED,SUCCESS,97.36,HIGH,Try UPI or Net Banking instead of the card.
15215,UPI,Bank_B,1,2,BANK_ERROR,FAILED,64.0,MEDIUM,Try another bank or payment method.
1407,UPI,Bank_B,2,3,NETWORK_ERROR,FAILED,82.21,HIGH,Retry after a short delay or use another payment method.
2082,UPI,Bank_A,1,2,NONE,SUCCESS,30.34,MEDIUM,"Continue payment, but offer an alternate payment method if it fails."
13961,CARD,Bank_B,1,2,NONE,SUCCESS,37.45,MEDIUM,"Continue payment, but offer an alternate payment method if it fails."
180,CARD,Bank_C,1,2,NONE,SUCCESS,45.65,MEDIUM,"Continue payment, but offer an alternate payment method if it fails."
16528,UPI,Bank_C,0,1,NONE,SUCCESS,18.9,LOW,Continue payment normally.
2351,NET_BANKING,Bank_C,0,1,BANK_ERROR,SUCCESS,55.38,MEDIUM,Try another bank or payment method.
4899,CARD,Bank_A,2,3,NONE,SUCCESS,63.79,MEDIUM,"Continue payment, but offer an alternate payment method if it fails."
14530,CARD,Bank_D,0,1,CARD_DECLINED,FAILED,51.88,MEDIUM,Try UPI or Net Banking instead of the card.
18999,NET_BANKING,Bank_B,0,1,NONE,SUCCESS,18.33,LOW,Continue payment normally.
4693,UPI,Bank_A,1,2,NONE,SUCCESS,31.98,MEDIUM,"Continue payment, but offer an alternate payment method if it fails."
7897,CARD,Bank_D,0,1,CARD_DECLINED,SUCCESS,47.97,MEDIUM,Try UPI or Net Banking instead of the card.
14026,UPI,Bank_C,0,1,NETWORK_ERROR,SUCCESS,47.71,MEDIUM,Retry after a short delay or use another payment method.
15557,CARD,Bank_D,0,1,NETWORK_ERROR,FAILED,50.97,MEDIUM,Retry after a short delay or use another payment method.
1601,UPI,Bank_B,0,1,NONE,SUCCESS,15.11,LOW,Continue payment normally.
2755,CARD,Bank_A,1,2,NETWORK_ERROR,FAILED,71.81,HIGH,Retry after a short delay or use another payment method.
226,NET_BANKING,Bank_A,0,1,NONE,SUCCESS,15.39,LOW,Continue payment normally.
9024,CARD,Bank_D,0,1,NONE,FAILED,20.5,LOW,Continue payment normally.
19741,CARD,Bank_D,0,1,NONE,SUCCESS,27.33,LOW,Continue payment normally.
3407,UPI,Bank_C,0,1,NONE,SUCCESS,23.08,LOW,Continue payment normally.
12887,CARD,Bank_D,0,1,NONE,FAILED,23.15,LOW,Continue payment normally.
6268,UPI,Bank_A,0,1,NONE,SUCCESS,14.16,LOW,Continue payment normally.
5227,CARD,Bank_B,3,4,NONE,FAILED,81.99,HIGH,"Continue payment, but offer an alternate payment method if it fails."
11255,NET_BANKING,Bank_C,2,3,BANK_ERROR,FAILED,91.73,HIGH,Try another bank or payment method.
17309,UPI,Bank_B,0,1,NONE,SUCCESS,14.07,LOW,Continue payment normally.
15065,CARD,Bank_C,0,1,NONE,SUCCESS,25.04,LOW,Continue payment normally.
18788,NET_BANKING,Bank_D,0,1,NONE,FAILED,22.34,LOW,Continue payment normally.
5882,UPI,Bank_A,0,1,NONE,SUCCESS,14.12,LOW,Continue payment normally.
18611,UPI,Bank_B,0,1,BANK_ERROR,FAILED,35.95,MEDIUM,Try another bank or payment method.
9876,UPI,Bank_A,0,1,BANK_ERROR,SUCCESS,35.33,MEDIUM,Try another bank or payment method.
11116,UPI,Bank_B,0,1,NONE,SUCCESS,12.35,LOW,Continue payment normally.
11244,UPI,Bank_A,0,1,NONE,SUCCESS,14.89,LOW,Continue payment normally.
16815,NET_BANKING,Bank_D,1,2,NONE,SUCCESS,50.01,MEDIUM,"Continue payment, but offer an alternate payment method if it fails."
471,NET_BANKING,Bank_D,1,2,NONE,SUCCESS,36.52,MEDIUM,"Continue payment, but offer an alternate payment method if it fails."
1562,NET_BANKING,Bank_A,0,1,NONE,SUCCESS,14.39,LOW,Continue payment normally.
13365,CARD,Bank_D,0,1,NONE,SUCCESS,21.9,LOW,Continue payment normally.
8511,UPI,Bank_A,0,1,NONE,FAILED,13.36,LOW,Continue payment normally.
17512,CARD,Bank_D,0,1,NONE,SUCCESS,18.85,LOW,Continue payment normally.
12703,CARD,Bank_A,1,2,NONE,SUCCESS,41.46,MEDIUM,"Continue payment, but offer an alternate payment method if it fails."
6906,NET_BANKING,Bank_B,2,3,NETWORK_ERROR,FAILED,85.56,HIGH,Retry after a short delay or use another payment method.
16205,UPI,Bank_B,0,1,NONE,SUCCESS,16.14,LOW,Continue payment normally.
10407,CARD,Bank_A,0,1,CARD_DECLINED,FAILED,43.17,MEDIUM,Try UPI or Net Banking instead of the card.
13476,CARD,Bank_C,1,2,NONE,SUCCESS,56.58,MEDIUM,"Continue payment, but offer an alternate payment method if it fails."
16748,NET_BANKING,Bank_A,0,1,NONE,SUCCESS,17.86,LOW,Continue payment normally.
13245,UPI,Bank_B,0,1,NONE,SUCCESS,14.25,LOW,Continue payment normally.
14339,NET_BANKING,Bank_A,0,1,AUTH_ERROR,SUCCESS,49.61,MEDIUM,Complete authentication and retry the payment.
4376,NET_BANKING,Bank_C,0,1,NONE,SUCCESS,27.67,LOW,Continue payment normally.
17624,CARD,Bank_B,2,3,NONE,FAILED,66.57,MEDIUM,"Continue payment, but offer an alternate payment method if it fails."
7164,CARD,Bank_C,0,1,NONE,SUCCESS,23.64,LOW,Continue payment normally.
909,CARD,Bank_A,0,1,NONE,SUCCESS,12.22,LOW,Continue payment normally.
6623,NET_BANKING,Bank_A,0,1,NONE,SUCCESS,17.29,LOW,Continue payment normally.
18768,CARD,Bank_D,2,3,NETWORK_ERROR,FAILED,92.01,HIGH,Retry after a short delay or use another payment method.
788,NET_BANKING,Bank_D,0,1,NONE,SUCCESS,17.27,LOW,Continue payment normally.
18398,UPI,Bank_A,3,4,NETWORK_ERROR,SUCCESS,95.45,HIGH,Retry after a short delay or use another payment method.
4781,UPI,Bank_B,0,1,NONE,SUCCESS,15.17,LOW,Continue payment normally.
11331,NET_BANKING,Bank_A,0,1,NONE,SUCCESS,15.88,LOW,Continue payment normally.
17668,CARD,Bank_C,0,1,NONE,FAILED,30.36,MEDIUM,"Continue payment, but offer an alternate payment method if it fails."
7914,CARD,Bank_A,0,1,NONE,SUCCESS,13.29,LOW,Continue payment normally.
17871,CARD,Bank_C,0,1,NONE,FAILED,28.48,LOW,Continue payment normally.
17607,UPI,Bank_D,0,1,NONE,SUCCESS,20.08,LOW,Continue payment normally.
17559,CARD,Bank_A,0,1,CARD_DECLINED,SUCCESS,49.91,MEDIUM,Try UPI or Net Banking instead of the card.
13383,CARD,Bank_D,0,1,NONE,SUCCESS,22.7,LOW,Continue payment normally.
9115,CARD,Bank_A,0,1,AUTH_ERROR,FAILED,48.61,MEDIUM,Complete authentication and retry the payment.
14462,CARD,Bank_B,1,2,NONE,SUCCESS,35.04,MEDIUM,"Continue payment, but offer an alternate payment method if it fails."
12807,UPI,Bank_A,0,1,BANK_ERROR,SUCCESS,41.3,MEDIUM,Try another bank or payment method.
6072,CARD,Bank_D,0,1,AUTH_ERROR,SUCCESS,52.97,MEDIUM,Complete authentication and retry the payment.
9378,NET_BANKING,Bank_A,1,2,AUTH_ERROR,FAILED,68.76,MEDIUM,Complete authentication and retry the payment.
18424,UPI,Bank_D,2,3,BANK_ERROR,FAILED,87.14,HIGH,Try another bank or payment method.
9529,UPI,Bank_D,0,1,NETWORK_ERROR,FAILED,46.45,MEDIUM,Retry after a short delay or use another payment method.
6218,UPI,Bank_D,1,2,BANK_ERROR,FAILED,73.77,HIGH,Try another bank or payment method.
12146,CARD,Bank_C,1,2,NONE,FAILED,50.77,MEDIUM,"Continue payment, but offer an alternate payment method if it fails."
16199,UPI,Bank_A,1,2,NONE,SUCCESS,29.54,LOW,Continue payment normally.
14479,CARD,Bank_C,1,2,NONE,SUCCESS,52.99,MEDIUM,"Continue payment, but offer an alternate payment method if it fails."
334,NET_BANKING,Bank_A,1,2,NONE,FAILED,39.71,MEDIUM,"Continue payment, but offer an alternate payment method if it fails."
19725,CARD,Bank_D,0,1,NONE,SUCCESS,22.65,LOW,Continue payment normally.
15898,UPI,Bank_A,0,1,NONE,FAILED,16.22,LOW,Continue payment normally.
5838,NET_BANKING,Bank_C,2,3,NONE,FAILED,71.86,HIGH,"Continue payment, but offer an alternate payment method if it fails."
306,UPI,Bank_B,0,1,NONE,SUCCESS,11.2,LOW,Continue payment normally.
2111,UPI,Bank_C,1,2,NETWORK_ERROR,SUCCESS,72.96,HIGH,Retry after a short delay or use another payment method.
17547,UPI,Bank_C,0,1,AUTH_ERROR,FAILED,58.52,MEDIUM,Complete authentication and retry the payment.
18239,UPI,Bank_A,1,2,BANK_ERROR,SUCCESS,69.2,MEDIUM,Try another bank or payment method.
17680,CARD,Bank_D,2,3,CARD_DECLINED,FAILED,90.15,HIGH,Try UPI or Net Banking instead of the card.
5781,UPI,Bank_B,0,1,NONE,FAILED,15.55,LOW,Continue payment normally.
3022,UPI,Bank_B,0,1,NONE,SUCCESS,12.69,LOW,Continue payment normally.
10077,UPI,Bank_D,2,3,NONE,FAILED,63.09,MEDIUM,"Continue payment, but offer an alternate payment method if it fails."
18995,CARD,Bank_D,0,1,NONE,SUCCESS,24.48,LOW,Continue payment normally.
8974,CARD,Bank_B,0,1,NONE,SUCCESS,15.84,LOW,Continue payment normally.
4603,UPI,Bank_D,0,1,NONE,SUCCESS,15.77,LOW,Continue payment normally.
14987,UPI,Bank_D,1,2,NETWORK_ERROR,SUCCESS,74.06,HIGH,Retry after a short delay or use another payment method.
7779,CARD,Bank_B,0,1,NETWORK_ERROR,FAILED,43.6,MEDIUM,Retry after a short delay or use another payment method.
11472,CARD,Bank_B,0,1,NONE,SUCCESS,14.23,LOW,Continue payment normally.
14485,UPI,Bank_A,0,1,NONE,SUCCESS,15.38,LOW,Continue payment normally.
3083,CARD,Bank_B,0,1,NONE,SUCCESS,14.16,LOW,Continue payment normally.
17452,UPI,Bank_A,2,3,BANK_ERROR,FAILED,88.48,HIGH,Try another bank or payment method.
11964,CARD,Bank_C,2,3,NONE,FAILED,70.88,HIGH,"Continue payment, but offer an alternate payment method if it fails."
12918,UPI,Bank_D,0,1,NONE,FAILED,21.77,LOW,Continue payment normally.
12416,UPI,Bank_B,0,1,NONE,SUCCESS,16.15,LOW,Continue payment normally.
15369,UPI,Bank_C,0,1,NONE,FAILED,23.92,LOW,Continue payment normally.
8260,NET_BANKING,Bank_D,0,1,BANK_ERROR,FAILED,46.56,MEDIUM,Try another bank or payment method.
1484,CARD,Bank_A,0,1,NONE,SUCCESS,18.79,LOW,Continue payment normally.
1308,CARD,Bank_B,0,1,NONE,SUCCESS,16.54,LOW,Continue payment normally.
8735,NET_BANKING,Bank_B,3,4,BANK_ERROR,FAILED,95.12,HIGH,Try another bank or payment method.
17865,CARD,Bank_A,0,1,NONE,SUCCESS,17.92,LOW,Continue payment normally.
8627,UPI,Bank_B,0,1,NONE,SUCCESS,11.54,LOW,Continue payment normally.
1910,NET_BANKING,Bank_B,0,1,NONE,FAILED,18.36,LOW,Continue payment normally.
4434,CARD,Bank_D,1,2,NONE,SUCCESS,45.39,MEDIUM,"Continue payment, but offer an alternate payment method if it fails."
18413,UPI,Bank_D,0,1,BANK_ERROR,SUCCESS,48.89,MEDIUM,Try another bank or payment method.
7904,NET_BANKING,Bank_B,0,1,NONE,SUCCESS,12.75,LOW,Continue payment normally.
9780,UPI,Bank_C,0,1,NETWORK_ERROR,FAILED,48.46,MEDIUM,Retry after a short delay or use another payment method.
16275,CARD,Bank_A,1,2,CARD_DECLINED,SUCCESS,70.92,HIGH,Try UPI or Net Banking instead of the card.
7431,UPI,Bank_B,0,1,NONE,SUCCESS,16.88,LOW,Continue payment normally.
12860,UPI,Bank_D,0,1,NONE,SUCCESS,19.96,LOW,Continue payment normally.
7348,UPI,Bank_D,3,4,NETWORK_ERROR,FAILED,94.87,HIGH,Retry after a short delay or use another payment method.
15409,UPI,Bank_A,0,1,NONE,SUCCESS,17.69,LOW,Continue payment normally.
19419,UPI,Bank_D,0,1,NONE,FAILED,18.95,LOW,Continue payment normally.
19521,UPI,Bank_C,0,1,BANK_ERROR,SUCCESS,53.9,MEDIUM,Try another bank or payment method.
1961,UPI,Bank_C,1,2,NONE,SUCCESS,40.74,MEDIUM,"Continue payment, but offer an alternate payment method if it fails."
14182,UPI,Bank_C,0,1,NONE,SUCCESS,22.03,LOW,Continue payment normally.
2877,CARD,Bank_B,0,1,NONE,SUCCESS,15.74,LOW,Continue payment normally.
8837,UPI,Bank_B,0,1,NONE,SUCCESS,15.8,LOW,Continue payment normally.
9554,CARD,Bank_D,0,1,NONE,FAILED,21.39,LOW,Continue payment normally.
6892,NET_BANKING,Bank_C,0,1,AUTH_ERROR,SUCCESS,61.85,MEDIUM,Complete authentication and retry the payment.
6373,CARD,Bank_C,0,1,NONE,SUCCESS,25.21,LOW,Continue payment normally.
17989,UPI,Bank_A,1,2,NONE,SUCCESS,32.65,MEDIUM,"Continue payment, but offer an alternate payment method if it fails."
18516,CARD,Bank_B,0,1,NONE,FAILED,19.52,LOW,Continue payment normally.
14895,NET_BANKING,Bank_A,0,1,NONE,SUCCESS,17.77,LOW,Continue payment normally.
6086,UPI,Bank_C,0,1,NETWORK_ERROR,SUCCESS,46.17,MEDIUM,Retry after a short delay or use another payment method.
7967,UPI,Bank_D,3,4,BANK_ERROR,FAILED,95.72,HIGH,Try another bank or payment method.
9899,UPI,Bank_D,1,2,BANK_ERROR,FAILED,71.18,HIGH,Try another bank or payment method.
13347,UPI,Bank_C,0,1,NONE,SUCCESS,20.02,LOW,Continue payment normally.
13721,CARD,Bank_D,0,1,NONE,SUCCESS,18.44,LOW,Continue payment normally.
8531,UPI,Bank_D,1,2,NONE,SUCCESS,35.21,MEDIUM,"Continue payment, but offer an alternate payment method if it fails."
19283,UPI,Bank_A,0,1,BANK_ERROR,FAILED,36.07,MEDIUM,Try another bank or payment method.
2360,UPI,Bank_B,0,1,NONE,SUCCESS,10.37,LOW,Continue payment normally.
16170,CARD,Bank_C,0,1,AUTH_ERROR,FAILED,56.63,MEDIUM,Complete authentication and retry the payment.
18451,UPI,Bank_A,0,1,NONE,SUCCESS,13.99,LOW,Continue payment normally.
19068,UPI,Bank_D,0,1,NONE,SUCCESS,17.25,LOW,Continue payment normally.
10365,UPI,Bank_C,0,1,NONE,SUCCESS,21.0,LOW,Continue payment normally.
4179,CARD,Bank_C,1,2,NONE,SUCCESS,46.85,MEDIUM,"Continue payment, but offer an alternate payment method if it fails."
8536,CARD,Bank_C,1,2,NONE,FAILED,45.36,MEDIUM,"Continue payment, but offer an alternate payment method if it fails."
3895,UPI,Bank_A,0,1,NONE,SUCCESS,12.92,LOW,Continue payment normally.
1626,CARD,Bank_B,0,1,CARD_DECLINED,FAILED,42.64,MEDIUM,Try UPI or Net Banking instead of the card.
2096,CARD,Bank_D,0,1,NONE,SUCCESS,18.97,LOW,Continue payment normally.
17426,UPI,Bank_B,0,1,NONE,SUCCESS,14.09,LOW,Continue payment normally.
19267,UPI,Bank_D,0,1,NONE,SUCCESS,15.37,LOW,Continue payment normally.
12406,NET_BANKING,Bank_D,1,2,AUTH_ERROR,FAILED,80.85,HIGH,Complete authentication and retry the payment.
12697,CARD,Bank_B,1,2,NETWORK_ERROR,SUCCESS,67.71,MEDIUM,Retry after a short delay or use another payment method.
8139,UPI,Bank_D,0,1,NONE,SUCCESS,17.66,LOW,Continue payment normally.
18196,CARD,Bank_C,3,4,AUTH_ERROR,FAILED,97.75,HIGH,Complete authentication and retry the payment.
19015,UPI,Bank_A,0,1,NONE,SUCCESS,13.16,LOW,Continue payment normally.
3801,UPI,Bank_D,0,1,NONE,SUCCESS,16.71,LOW,Continue payment normally.
16125,UPI,Bank_A,0,1,NONE,SUCCESS,16.49,LOW,Continue payment normally.
10373,CARD,Bank_B,2,3,AUTH_ERROR,FAILED,90.35,HIGH,Complete authentication and retry the payment.
11162,UPI,Bank_D,0,1,NONE,FAILED,17.49,LOW,Continue payment normally.
2703,UPI,Bank_A,1,2,NONE,SUCCESS,27.24,LOW,Continue payment normally.
1416,CARD,Bank_A,0,1,NONE,SUCCESS,13.15,LOW,Continue payment normally.
8226,UPI,Bank_A,2,3,BANK_ERROR,FAILED,81.85,HIGH,Try another bank or payment method.
11598,UPI,Bank_A,1,2,NONE,SUCCESS,31.72,MEDIUM,"Continue payment, but offer an alternate payment method if it fails."
7289,UPI,Bank_B,0,1,NONE,SUCCESS,11.22,LOW,Continue payment normally.
8816,UPI,Bank_D,0,1,BANK_ERROR,SUCCESS,49.97,MEDIUM,Try another bank or payment method.
11417,UPI,Bank_B,0,1,AUTH_ERROR,FAILED,41.24,MEDIUM,Complete authentication and retry the payment.
9700,UPI,Bank_A,0,1,NONE,SUCCESS,12.81,LOW,Continue payment normally.
10538,CARD,Bank_A,0,1,NONE,SUCCESS,15.61,LOW,Continue payment normally.
9689,NET_BANKING,Bank_B,0,1,NONE,SUCCESS,18.34,LOW,Continue payment normally.
1824,UPI,Bank_C,0,1,BANK_ERROR,SUCCESS,54.17,MEDIUM,Try another bank or payment method.
3672,CARD,Bank_B,1,2,NONE,SUCCESS,37.9,MEDIUM,"Continue payment, but offer an alternate payment method if it fails."
4506,CARD,Bank_C,1,2,NONE,FAILED,48.09,MEDIUM,"Continue payment, but offer an alternate payment method if it fails."
5377,UPI,Bank_C,1,2,BANK_ERROR,FAILED,69.73,MEDIUM,Try another bank or payment method.
17509,CARD,Bank_D,0,1,CARD_DECLINED,SUCCESS,47.29,MEDIUM,Try UPI or Net Banking instead of the card.
10402,UPI,Bank_B,1,2,BANK_ERROR,FAILED,68.69,MEDIUM,Try another bank or payment method.
17679,NET_BANKING,Bank_B,2,3,AUTH_ERROR,FAILED,90.36,HIGH,Complete authentication and retry the payment.
8564,NET_BANKING,Bank_B,2,3,NETWORK_ERROR,FAILED,89.37,HIGH,Retry after a short delay or use another payment method.
2681,CARD,Bank_C,0,1,CARD_DECLINED,FAILED,55.04,MEDIUM,Try UPI or Net Banking instead of the card.
9921,CARD,Bank_D,0,1,NONE,SUCCESS,18.71,LOW,Continue payment normally.
7882,CARD,Bank_A,1,2,NONE,SUCCESS,31.49,MEDIUM,"Continue payment, but offer an alternate payment method if it fails."
17038,CARD,Bank_A,0,1,NONE,FAILED,19.45,LOW,Continue payment normally.
6173,CARD,Bank_D,0,1,NONE,FAILED,19.49,LOW,Continue payment normally.
5626,UPI,Bank_B,0,1,NONE,SUCCESS,11.99,LOW,Continue payment normally.
6453,UPI,Bank_D,0,1,NONE,SUCCESS,20.01,LOW,Continue payment normally.
17372,CARD,Bank_B,0,1,NONE,SUCCESS,16.54,LOW,Continue payment normally.
11056,UPI,Bank_A,0,1,NONE,SUCCESS,14.29,LOW,Continue payment normally.
7554,NET_BANKING,Bank_C,1,2,NONE,SUCCESS,44.93,MEDIUM,"Continue payment, but offer an alternate payment method if it fails."
11919,NET_BANKING,Bank_B,0,1,NONE,SUCCESS,15.61,LOW,Continue payment normally.
3214,CARD,Bank_D,0,1,NONE,SUCCESS,21.19,LOW,Continue payment normally.
19259,UPI,Bank_D,1,2,NONE,FAILED,44.58,MEDIUM,"Continue payment, but offer an alternate payment method if it fails."
6744,UPI,Bank_D,2,3,BANK_ERROR,FAILED,88.68,HIGH,Try another bank or payment method.
11321,UPI,Bank_D,1,2,NONE,SUCCESS,39.63,MEDIUM,"Continue payment, but offer an alternate payment method if it fails."
9646,CARD,Bank_C,0,1,NONE,FAILED,21.68,LOW,Continue payment normally.
15634,UPI,Bank_C,1,2,NETWORK_ERROR,FAILED,78.71,HIGH,Retry after a short delay or use another payment method.
14982,UPI,Bank_C,1,2,NONE,SUCCESS,46.04,MEDIUM,"Continue payment, but offer an alternate payment method if it fails."
3970,CARD,Bank_A,1,2,NONE,SUCCESS,37.91,MEDIUM,"Continue payment, but offer an alternate payment method if it fails."
12868,CARD,Bank_A,1,2,NONE,SUCCESS,37.41,MEDIUM,"Continue payment, but offer an alternate payment method if it fails."
710,UPI,Bank_C,0,1,NONE,SUCCESS,16.63,LOW,Continue payment normally.
12143,CARD,Bank_A,0,1,NONE,SUCCESS,16.07,LOW,Continue payment normally.
10989,UPI,Bank_B,1,2,NONE,SUCCESS,35.15,MEDIUM,"Continue payment, but offer an alternate payment method if it fails."
238,UPI,Bank_D,1,2,NONE,SUCCESS,36.19,MEDIUM,"Continue payment, but offer an alternate payment method if it fails."
4700,UPI,Bank_B,3,4,BANK_ERROR,FAILED,94.69,HIGH,Try another bank or payment method.
16149,UPI,Bank_B,0,1,NONE,FAILED,14.68,LOW,Continue payment normally.
5517,UPI,Bank_B,0,1,NONE,SUCCESS,12.48,LOW,Continue payment normally.
9118,UPI,Bank_B,0,1,NONE,SUCCESS,13.49,LOW,Continue payment normally.
17130,UPI,Bank_C,0,1,NONE,SUCCESS,21.54,LOW,Continue payment normally.
5665,UPI,Bank_C,0,1,NONE,SUCCESS,19.83,LOW,Continue payment normally.
5088,CARD,Bank_D,1,2,NONE,SUCCESS,40.95,MEDIUM,"Continue payment, but offer an alternate payment method if it fails."
14094,NET_BANKING,Bank_C,1,2,BANK_ERROR,FAILED,79.27,HIGH,Try another bank or payment method.
13682,UPI,Bank_B,0,1,NONE,SUCCESS,13.2,LOW,Continue payment normally.
1509,NET_BANKING,Bank_A,2,3,NONE,FAILED,62.73,MEDIUM,"Continue payment, but offer an alternate payment method if it fails."
19621,UPI,Bank_C,1,2,NONE,FAILED,48.97,MEDIUM,"Continue payment, but offer an alternate payment method if it fails."
3710,CARD,Bank_A,0,1,NETWORK_ERROR,SUCCESS,37.44,MEDIUM,Retry after a short delay or use another payment method.
490,UPI,Bank_B,0,1,NONE,SUCCESS,13.41,LOW,Continue payment normally.
16614,UPI,Bank_D,0,1,AUTH_ERROR,SUCCESS,50.93,MEDIUM,Complete authentication and retry the payment.
13493,UPI,Bank_A,3,4,NETWORK_ERROR,FAILED,93.99,HIGH,Retry after a short delay or use another payment method.
12908,UPI,Bank_D,3,4,AUTH_ERROR,FAILED,96.04,HIGH,Complete authentication and retry the payment.
7093,NET_BANKING,Bank_A,0,1,NONE,SUCCESS,13.11,LOW,Continue payment normally.
10070,NET_BANKING,Bank_D,0,1,NONE,SUCCESS,19.62,LOW,Continue payment normally.
3352,UPI,Bank_A,0,1,NONE,FAILED,13.02,LOW,Continue payment normally.
2554,NET_BANKING,Bank_C,0,1,NONE,SUCCESS,19.93,LOW,Continue payment normally.
158,UPI,Bank_C,0,1,NONE,SUCCESS,18.58,LOW,Continue payment normally.
8885,CARD,Bank_B,0,1,NONE,SUCCESS,19.72,LOW,Continue payment normally.
7199,CARD,Bank_A,0,1,NONE,SUCCESS,13.74,LOW,Continue payment normally.
19516,UPI,Bank_B,2,3,NONE,FAILED,62.4,MEDIUM,"Continue payment, but offer an alternate payment method if it fails."
9380,UPI,Bank_C,2,3,BANK_ERROR,FAILED,89.6,HIGH,Try another bank or payment method.
12782,NET_BANKING,Bank_C,3,4,NETWORK_ERROR,FAILED,97.55,HIGH,Retry after a short delay or use another payment method.
13747,UPI,Bank_A,1,2,AUTH_ERROR,FAILED,69.95,MEDIUM,Complete authentication and retry the payment.
3044,UPI,Bank_A,2,3,NONE,SUCCESS,59.93,MEDIUM,"Continue payment, but offer an alternate payment method if it fails."
14469,UPI,Bank_A,0,1,NONE,SUCCESS,16.02,LOW,Continue payment normally.
3968,UPI,Bank_A,1,2,NETWORK_ERROR,SUCCESS,60.2,MEDIUM,Retry after a short delay or use another payment method.
15379,UPI,Bank_C,0,1,NONE,SUCCESS,18.46,LOW,Continue payment normally.
16227,NET_BANKING,Bank_C,0,1,BANK_ERROR,SUCCESS,60.12,MEDIUM,Try another bank or payment method.
6049,CARD,Bank_C,0,1,NETWORK_ERROR,FAILED,57.14,MEDIUM,Retry after a short delay or use another payment method.
3253,UPI,Bank_B,0,1,NONE,FAILED,11.22,LOW,Continue payment normally.
11871,CARD,Bank_C,1,2,NONE,FAILED,51.83,MEDIUM,"Continue payment, but offer an alternate payment method if it fails."
2859,NET_BANKING,Bank_A,1,2,AUTH_ERROR,FAILED,72.36,HIGH,Complete authentication and retry the payment.
9117,UPI,Bank_A,0,1,NONE,SUCCESS,14.19,LOW,Continue payment normally.
2626,CARD,Bank_A,0,1,NONE,SUCCESS,15.84,LOW,Continue payment normally.
16656,UPI,Bank_C,1,2,NETWORK_ERROR,FAILED,79.17,HIGH,Retry after a short delay or use another payment method.
18538,NET_BANKING,Bank_B,0,1,NONE,SUCCESS,18.49,LOW,Continue payment normally.
2456,UPI,Bank_B,0,1,NONE,SUCCESS,12.43,LOW,Continue payment normally.
5711,NET_BANKING,Bank_C,0,1,NONE,FAILED,21.33,LOW,Continue payment normally.
3458,UPI,Bank_B,0,1,BANK_ERROR,SUCCESS,30.3,MEDIUM,Try another bank or payment method.
7043,UPI,Bank_C,0,1,AUTH_ERROR,FAILED,48.85,MEDIUM,Complete authentication and retry the payment.
12157,UPI,Bank_C,0,1,NONE,FAILED,19.3,LOW,Continue payment normally.
5931,CARD,Bank_B,0,1,NONE,SUCCESS,18.22,LOW,Continue payment normally.
3273,CARD,Bank_A,0,1,NONE,FAILED,15.96,LOW,Continue payment normally.
9320,NET_BANKING,Bank_A,1,2,NETWORK_ERROR,SUCCESS,66.99,MEDIUM,Retry after a short delay or use another payment method.
3351,UPI,Bank_D,2,3,BANK_ERROR,FAILED,89.82,HIGH,Try another bank or payment method.
17761,UPI,Bank_B,2,3,BANK_ERROR,FAILED,84.38,HIGH,Try another bank or payment method.
11971,UPI,Bank_B,0,1,NONE,FAILED,12.12,LOW,Continue payment normally.
2971,CARD,Bank_D,0,1,NONE,SUCCESS,17.96,LOW,Continue payment normally.
139,CARD,Bank_D,0,1,NONE,SUCCESS,16.15,LOW,Continue payment normally.
10526,UPI,Bank_D,0,1,NONE,SUCCESS,19.78,LOW,Continue payment normally.
16453,NET_BANKING,Bank_C,1,2,NONE,SUCCESS,47.92,MEDIUM,"Continue payment, but offer an alternate payment method if it fails."
10043,UPI,Bank_D,0,1,BANK_ERROR,SUCCESS,43.34,MEDIUM,Try another bank or payment method.
9562,UPI,Bank_A,1,2,NONE,FAILED,32.92,MEDIUM,"Continue payment, but offer an alternate payment method if it fails."
6014,UPI,Bank_D,1,2,BANK_ERROR,FAILED,66.51,MEDIUM,Try another bank or payment method.
9178,CARD,Bank_B,0,1,NONE,SUCCESS,15.25,LOW,Continue payment normally.
5702,CARD,Bank_A,0,1,NONE,FAILED,16.34,LOW,Continue payment normally.
12473,UPI,Bank_A,1,2,BANK_ERROR,SUCCESS,69.76,MEDIUM,Try another bank or payment method.
332,UPI,Bank_A,2,3,AUTH_ERROR,FAILED,85.21,HIGH,Complete authentication and retry the payment.
19051,CARD,Bank_D,1,2,CARD_DECLINED,FAILED,77.6,HIGH,Try UPI or Net Banking instead of the card.
10652,CARD,Bank_C,0,1,NONE,SUCCESS,21.59,LOW,Continue payment normally.
14357,UPI,Bank_B,0,1,NONE,SUCCESS,15.03,LOW,Continue payment normally.
3051,UPI,Bank_D,0,1,BANK_ERROR,FAILED,37.21,MEDIUM,Try another bank or payment method.
9669,CARD,Bank_B,2,3,AUTH_ERROR,FAILED,90.55,HIGH,Complete authentication and retry the payment.
3044,CARD,Bank_B,0,1,NONE,SUCCESS,15.13,LOW,Continue payment normally.
8056,CARD,Bank_D,1,2,CARD_DECLINED,SUCCESS,76.14,HIGH,Try UPI or Net Banking instead of the card.
15160,NET_BANKING,Bank_C,0,1,NONE,FAILED,24.97,LOW,Continue payment normally.
14872,CARD,Bank_A,0,1,NONE,SUCCESS,17.41,LOW,Continue payment normally.
15734,CARD,Bank_D,1,2,NONE,SUCCESS,40.19,MEDIUM,"Continue payment, but offer an alternate payment method if it fails."
3890,UPI,Bank_B,0,1,NONE,SUCCESS,13.33,LOW,Continue payment normally.
16114,NET_BANKING,Bank_B,0,1,AUTH_ERROR,FAILED,52.98,MEDIUM,Complete authentication and retry the payment.
204,CARD,Bank_C,0,1,NONE,SUCCESS,24.74,LOW,Continue payment normally.
7938,CARD,Bank_C,1,2,NONE,FAILED,44.02,MEDIUM,"Continue payment, but offer an alternate payment method if it fails."
4394,UPI,Bank_A,1,2,NONE,FAILED,33.98,MEDIUM,"Continue payment, but offer an alternate payment method if it fails."
17741,CARD,Bank_C,2,3,CARD_DECLINED,FAILED,93.23,HIGH,Try UPI or Net Banking instead of the card.
5692,CARD,Bank_C,1,2,NONE,SUCCESS,45.73,MEDIUM,"Continue payment, but offer an alternate payment method if it fails."
15682,CARD,Bank_A,0,1,CARD_DECLINED,FAILED,45.84,MEDIUM,Try UPI or Net Banking instead of the card.
2523,CARD,Bank_D,1,2,NONE,FAILED,40.23,MEDIUM,"Continue payment, but offer an alternate payment method if it fails."
3017,NET_BANKING,Bank_A,0,1,NONE,SUCCESS,14.23,LOW,Continue payment normally.
2582,NET_BANKING,Bank_B,2,3,NETWORK_ERROR,SUCCESS,87.37,HIGH,Retry after a short delay or use another payment method.
3154,CARD,Bank_D,0,1,CARD_DECLINED,SUCCESS,48.18,MEDIUM,Try UPI or Net Banking instead of the card.
18639,UPI,Bank_D,3,4,BANK_ERROR,FAILED,96.74,HIGH,Try another bank or payment method.
1237,UPI,Bank_C,0,1,NETWORK_ERROR,SUCCESS,44.37,MEDIUM,Retry after a short delay or use another payment method.
17508,NET_BANKING,Bank_B,1,2,NONE,SUCCESS,39.0,MEDIUM,"Continue payment, but offer an alternate payment method if it fails."
12037,CARD,Bank_D,0,1,CARD_DECLINED,SUCCESS,48.8,MEDIUM,Try UPI or Net Banking instead of the card.
646,UPI,Bank_B,0,1,NONE,SUCCESS,13.61,LOW,Continue payment normally.
16226,NET_BANKING,Bank_D,2,3,BANK_ERROR,FAILED,90.28,HIGH,Try another bank or payment method.
15322,CARD,Bank_A,2,3,CARD_DECLINED,FAILED,88.95,HIGH,Try UPI or Net Banking instead of the card.
15439,UPI,Bank_A,1,2,BANK_ERROR,SUCCESS,61.39,MEDIUM,Try another bank or payment method.
17619,NET_BANKING,Bank_B,0,1,NONE,FAILED,17.16,LOW,Continue payment normally.
6394,UPI,Bank_B,0,1,BANK_ERROR,SUCCESS,37.35,MEDIUM,Try another bank or payment method.
14235,UPI,Bank_D,0,1,NONE,FAILED,18.72,LOW,Continue payment normally.
961,UPI,Bank_D,2,3,BANK_ERROR,FAILED,87.31,HIGH,Try another bank or payment method.
5562,CARD,Bank_C,1,2,NONE,SUCCESS,46.48,MEDIUM,"Continue payment, but offer an alternate payment method if it fails."
2623,NET_BANKING,Bank_A,0,1,NONE,SUCCESS,14.56,LOW,Continue payment normally.
5867,UPI,Bank_C,3,4,BANK_ERROR,FAILED,97.09,HIGH,Try another bank or payment method.
262,UPI,Bank_A,0,1,NONE,SUCCESS,12.12,LOW,Continue payment normally.
18381,NET_BANKING,Bank_B,2,3,NETWORK_ERROR,FAILED,88.65,HIGH,Retry after a short delay or use another payment method.
19851,CARD,Bank_D,2,3,NETWORK_ERROR,FAILED,91.26,HIGH,Retry after a short delay or use another payment method.
6406,CARD,Bank_A,0,1,NONE,SUCCESS,14.98,LOW,Continue payment normally.
8285,UPI,Bank_C,0,1,NETWORK_ERROR,SUCCESS,47.23,MEDIUM,Retry after a short delay or use another payment method.
4070,CARD,Bank_A,0,1,NONE,FAILED,15.44,LOW,Continue payment normally.
1479,NET_BANKING,Bank_D,0,1,NETWORK_ERROR,SUCCESS,46.3,MEDIUM,Retry after a short delay or use another payment method.
3591,UPI,Bank_C,0,1,NONE,SUCCESS,17.33,LOW,Continue payment normally.
822,UPI,Bank_D,0,1,NONE,SUCCESS,16.88,LOW,Continue payment normally.
10033,CARD,Bank_C,0,1,NONE,SUCCESS,23.38,LOW,Continue payment normally.
13079,UPI,Bank_B,0,1,NONE,FAILED,16.69,LOW,Continue payment normally.
15759,UPI,Bank_A,0,1,NONE,SUCCESS,14.58,LOW,Continue payment normally.
8175,UPI,Bank_A,0,1,NONE,SUCCESS,15.85,LOW,Continue payment normally.
18620,UPI,Bank_D,0,1,NETWORK_ERROR,FAILED,53.01,MEDIUM,Retry after a short delay or use another payment method.
9509,UPI,Bank_B,0,1,NONE,SUCCESS,15.51,LOW,Continue payment normally.
19827,UPI,Bank_B,0,1,NONE,SUCCESS,13.5,LOW,Continue payment normally.
7485,UPI,Bank_A,0,1,NONE,SUCCESS,11.69,LOW,Continue payment normally.
5420,UPI,Bank_B,3,4,BANK_ERROR,FAILED,94.66,HIGH,Try another bank or payment method.
231,UPI,Bank_C,0,1,NONE,SUCCESS,16.35,LOW,Continue payment normally.
11097,UPI,Bank_A,0,1,NONE,SUCCESS,12.12,LOW,Continue payment normally.
14389,UPI,Bank_C,0,1,BANK_ERROR,SUCCESS,50.41,MEDIUM,Try another bank or payment method.
19962,UPI,Bank_B,0,1,NONE,FAILED,16.29,LOW,Continue payment normally.
17404,CARD,Bank_B,1,2,NETWORK_ERROR,SUCCESS,68.91,MEDIUM,Retry after a short delay or use another payment method.
4988,NET_BANKING,Bank_A,1,2,NONE,SUCCESS,32.67,MEDIUM,"Continue payment, but offer an alternate payment method if it fails."
9973,CARD,Bank_A,0,1,NONE,SUCCESS,18.89,LOW,Continue payment normally.
4334,UPI,Bank_B,0,1,AUTH_ERROR,FAILED,41.88,MEDIUM,Complete authentication and retry the payment.
3788,CARD,Bank_B,1,2,NETWORK_ERROR,FAILED,71.48,HIGH,Retry after a short delay or use another payment method.
15987,UPI,Bank_C,0,1,NONE,SUCCESS,25.22,LOW,Continue payment normally.
19643,CARD,Bank_D,0,1,NETWORK_ERROR,FAILED,50.24,MEDIUM,Retry after a short delay or use another payment method.
14452,UPI,Bank_A,0,1,NONE,SUCCESS,12.55,LOW,Continue payment normally.
2137,CARD,Bank_B,1,2,AUTH_ERROR,SUCCESS,73.93,HIGH,Complete authentication and retry the payment.
18940,CARD,Bank_B,0,1,CARD_DECLINED,SUCCESS,47.29,MEDIUM,Try UPI or Net Banking instead of the card.
3674,UPI,Bank_A,0,1,NONE,SUCCESS,13.24,LOW,Continue payment normally.
14604,UPI,Bank_D,0,1,NETWORK_ERROR,SUCCESS,42.88,MEDIUM,Retry after a short delay or use another payment method.
3860,UPI,Bank_A,0,1,NONE,SUCCESS,12.56,LOW,Continue payment normally.
664,CARD,Bank_C,0,1,NONE,FAILED,19.67,LOW,Continue payment normally.
6413,NET_BANKING,Bank_A,0,1,NETWORK_ERROR,FAILED,41.08,MEDIUM,Retry after a short delay or use another payment method.
11573,UPI,Bank_B,0,1,NETWORK_ERROR,SUCCESS,42.77,MEDIUM,Retry after a short delay or use another payment method.
15015,CARD,Bank_B,0,1,NONE,SUCCESS,16.81,LOW,Continue payment normally.
1524,NET_BANKING,Bank_A,1,2,NONE,SUCCESS,37.44,MEDIUM,"Continue payment, but offer an alternate payment method if it fails."
17404,CARD,Bank_B,0,1,NONE,SUCCESS,16.33,LOW,Continue payment normally.
179,UPI,Bank_A,0,1,NONE,SUCCESS,11.28,LOW,Continue payment normally.
13518,UPI,Bank_B,1,2,BANK_ERROR,SUCCESS,61.29,MEDIUM,Try another bank or payment method.
11161,CARD,Bank_A,0,1,NONE,SUCCESS,14.11,LOW,Continue payment normally.
5156,CARD,Bank_A,0,1,CARD_DECLINED,FAILED,40.49,MEDIUM,Try UPI or Net Banking instead of the card.
3316,NET_BANKING,Bank_A,0,1,NONE,SUCCESS,15.05,LOW,Continue payment normally.
13212,CARD,Bank_D,3,4,AUTH_ERROR,FAILED,97.27,HIGH,Complete authentication and retry the payment.
13324,UPI,Bank_B,2,3,BANK_ERROR,FAILED,83.0,HIGH,Try another bank or payment method.
13990,NET_BANKING,Bank_D,0,1,NONE,FAILED,20.87,LOW,Continue payment normally.
7445,UPI,Bank_D,1,2,NONE,FAILED,37.84,MEDIUM,"Continue payment, but offer an alternate payment method if it fails."
760,CARD,Bank_B,1,2,CARD_DECLINED,FAILED,68.45,MEDIUM,Try UPI or Net Banking instead of the card.
2169,UPI,Bank_C,1,2,NONE,FAILED,40.04,MEDIUM,"Continue payment, but offer an alternate payment method if it fails."
11034,UPI,Bank_D,0,1,BANK_ERROR,FAILED,47.09,MEDIUM,Try another bank or payment method.
2036,CARD,Bank_D,1,2,NONE,SUCCESS,38.59,MEDIUM,"Continue payment, but offer an alternate payment method if it fails."
16250,UPI,Bank_A,1,2,NONE,FAILED,32.55,MEDIUM,"Continue payment, but offer an alternate payment method if it fails."
1707,CARD,Bank_C,0,1,NONE,SUCCESS,18.88,LOW,Continue payment normally.
6364,UPI,Bank_C,0,1,NONE,SUCCESS,24.02,LOW,Continue payment normally.
13503,UPI,Bank_A,0,1,NONE,SUCCESS,11.92,LOW,Continue payment normally.
15864,UPI,Bank_C,1,2,NONE,SUCCESS,48.68,MEDIUM,"Continue payment, but offer an alternate payment method if it fails."
1665,UPI,Bank_D,1,2,NONE,SUCCESS,35.17,MEDIUM,"Continue payment, but offer an alternate payment method if it fails."
5462,CARD,Bank_B,0,1,AUTH_ERROR,SUCCESS,46.9,MEDIUM,Complete authentication and retry the payment.
13242,NET_BANKING,Bank_B,0,1,NETWORK_ERROR,SUCCESS,46.21,MEDIUM,Retry after a short delay or use another payment method.
13316,CARD,Bank_C,0,1,NONE,SUCCESS,20.31,LOW,Continue payment normally.
12429,CARD,Bank_A,0,1,NONE,SUCCESS,18.12,LOW,Continue payment normally.
11187,UPI,Bank_A,1,2,NONE,FAILED,31.96,MEDIUM,"Continue payment, but offer an alternate payment method if it fails."
16181,UPI,Bank_A,0,1,NONE,SUCCESS,15.23,LOW,Continue payment normally.
13165,CARD,Bank_A,0,1,NONE,SUCCESS,16.67,LOW,Continue payment normally.
1660,UPI,Bank_B,1,2,AUTH_ERROR,SUCCESS,68.31,MEDIUM,Complete authentication and retry the payment.
3431,UPI,Bank_C,0,1,BANK_ERROR,FAILED,44.1,MEDIUM,Try another bank or payment method.
19527,NET_BANKING,Bank_C,0,1,NONE,SUCCESS,24.76,LOW,Continue payment normally.
11663,CARD,Bank_D,0,1,CARD_DECLINED,FAILED,49.11,MEDIUM,Try UPI or Net Banking instead of the card.
10482,UPI,Bank_A,0,1,NONE,SUCCESS,13.44,LOW,Continue payment normally.
8733,UPI,Bank_D,0,1,AUTH_ERROR,FAILED,44.67,MEDIUM,Complete authentication and retry the payment.
1844,NET_BANKING,Bank_D,2,3,BANK_ERROR,FAILED,90.31,HIGH,Try another bank or payment method.
17043,CARD,Bank_B,0,1,NONE,FAILED,16.08,LOW,Continue payment normally.
9362,UPI,Bank_B,0,1,NONE,SUCCESS,14.1,LOW,Continue payment normally.
8228,CARD,Bank_B,0,1,NONE,SUCCESS,14.34,LOW,Continue payment normally.
10197,CARD,Bank_C,0,1,AUTH_ERROR,FAILED,55.32,MEDIUM,Complete authentication and retry the payment.
14890,UPI,Bank_A,0,1,NONE,SUCCESS,13.87,LOW,Continue payment normally.
15284,CARD,Bank_A,0,1,NONE,SUCCESS,17.03,LOW,Continue payment normally.
15902,UPI,Bank_B,0,1,NONE,SUCCESS,15.06,LOW,Continue payment normally.
11731,UPI,Bank_C,0,1,NONE,SUCCESS,18.98,LOW,Continue payment normally.
7540,UPI,Bank_D,0,1,NONE,FAILED,20.45,LOW,Continue payment normally.
12230,UPI,Bank_D,0,1,NONE,SUCCESS,19.1,LOW,Continue payment normally.
3978,UPI,Bank_A,0,1,NONE,SUCCESS,11.42,LOW,Continue payment normally.
690,NET_BANKING,Bank_C,0,1,AUTH_ERROR,SUCCESS,54.32,MEDIUM,Complete authentication and retry the payment.
8920,UPI,Bank_D,0,1,NONE,SUCCESS,14.8,LOW,Continue payment normally.
10370,NET_BANKING,Bank_C,1,2,NONE,SUCCESS,49.7,MEDIUM,"Continue payment, but offer an alternate payment method if it fails."
10792,NET_BANKING,Bank_A,1,2,NETWORK_ERROR,FAILED,71.05,HIGH,Retry after a short delay or use another payment method.
17433,UPI,Bank_C,0,1,NONE,SUCCESS,22.95,LOW,Continue payment normally.
18580,NET_BANKING,Bank_B,1,2,NONE,SUCCESS,33.87,MEDIUM,"Continue payment, but offer an alternate payment method if it fails."
4798,CARD,Bank_C,0,1,NONE,FAILED,19.96,LOW,Continue payment normally.
6173,CARD,Bank_A,0,1,NONE,SUCCESS,16.84,LOW,Continue payment normally.
5278,NET_BANKING,Bank_C,1,2,BANK_ERROR,FAILED,78.06,HIGH,Try another bank or payment method.
14765,UPI,Bank_A,0,1,NONE,FAILED,12.08,LOW,Continue payment normally.
17931,NET_BANKING,Bank_C,2,3,AUTH_ERROR,FAILED,93.3,HIGH,Complete authentication and retry the payment.
19114,UPI,Bank_B,0,1,NONE,SUCCESS,16.39,LOW,Continue payment normally.
13123,UPI,Bank_B,0,1,NONE,SUCCESS,16.5,LOW,Continue payment normally.
283,UPI,Bank_C,0,1,BANK_ERROR,FAILED,52.97,MEDIUM,Try another bank or payment method.
12938,UPI,Bank_A,0,1,NONE,SUCCESS,14.16,LOW,Continue payment normally.
10364,NET_BANKING,Bank_C,1,2,NONE,SUCCESS,49.27,MEDIUM,"Continue payment, but offer an alternate payment method if it fails."
6567,UPI,Bank_C,2,3,NONE,SUCCESS,67.49,MEDIUM,"Continue payment, but offer an alternate payment method if it fails."
6892,CARD,Bank_C,0,1,NONE,SUCCESS,22.45,LOW,Continue payment normally.
15806,NET_BANKING,Bank_D,0,1,NONE,SUCCESS,25.41,LOW,Continue payment normally.
9600,UPI,Bank_C,0,1,NONE,SUCCESS,19.08,LOW,Continue payment normally.
3278,UPI,Bank_D,0,1,NONE,SUCCESS,16.42,LOW,Continue payment normally.
3653,UPI,Bank_A,0,1,BANK_ERROR,SUCCESS,39.5,MEDIUM,Try another bank or payment method.
11087,UPI,Bank_B,0,1,NONE,SUCCESS,14.72,LOW,Continue payment normally.
13406,UPI,Bank_D,3,4,NETWORK_ERROR,FAILED,95.88,HIGH,Retry after a short delay or use another payment method.
14232,UPI,Bank_B,3,4,BANK_ERROR,FAILED,93.57,HIGH,Try another bank or payment method.
8482,UPI,Bank_A,0,1,NONE,FAILED,12.47,LOW,Continue payment normally.
15103,UPI,Bank_C,0,1,NONE,SUCCESS,21.92,LOW,Continue payment normally.
17796,UPI,Bank_C,0,1,NETWORK_ERROR,FAILED,48.82,MEDIUM,Retry after a short delay or use another payment method.
4817,UPI,Bank_C,0,1,NONE,SUCCESS,18.46,LOW,Continue payment normally.
7177,UPI,Bank_C,0,1,BANK_ERROR,FAILED,52.21,MEDIUM,Try another bank or payment method.
15839,UPI,Bank_C,0,1,NONE,SUCCESS,20.77,LOW,Continue payment normally.
15708,UPI,Bank_A,3,4,BANK_ERROR,FAILED,94.84,HIGH,Try another bank or payment method.
11629,UPI,Bank_C,0,1,NONE,SUCCESS,18.01,LOW,Continue payment normally.
4449,UPI,Bank_A,0,1,NONE,SUCCESS,14.67,LOW,Continue payment normally.
16409,CARD,Bank_A,0,1,NONE,SUCCESS,17.65,LOW,Continue payment normally.
3724,CARD,Bank_A,0,1,NONE,SUCCESS,14.78,LOW,Continue payment normally.
16930,CARD,Bank_C,0,1,NONE,FAILED,25.46,LOW,Continue payment normally.
14418,UPI,Bank_A,1,2,NONE,SUCCESS,31.73,MEDIUM,"Continue payment, but offer an alternate payment method if it fails."
667,UPI,Bank_A,0,1,NONE,SUCCESS,11.84,LOW,Continue payment normally.
8938,NET_BANKING,Bank_A,0,1,NONE,SUCCESS,16.99,LOW,Continue payment normally.
12596,CARD,Bank_B,2,3,CARD_DECLINED,FAILED,86.66,HIGH,Try UPI or Net Banking instead of the card.
16340,CARD,Bank_A,1,2,NONE,SUCCESS,43.31,MEDIUM,"Continue payment, but offer an alternate payment method if it fails."
10322,UPI,Bank_A,0,1,NONE,SUCCESS,15.15,LOW,Continue payment normally.
248,UPI,Bank_B,0,1,NONE,SUCCESS,13.39,LOW,Continue payment normally.
12915,UPI,Bank_A,0,1,NONE,SUCCESS,12.52,LOW,Continue payment normally.
3359,UPI,Bank_C,1,2,AUTH_ERROR,SUCCESS,74.17,HIGH,Complete authentication and retry the payment.
957,UPI,Bank_A,0,1,NONE,SUCCESS,12.19,LOW,Continue payment normally.
19483,UPI,Bank_C,0,1,NONE,SUCCESS,21.22,LOW,Continue payment normally.
14303,CARD,Bank_B,3,4,AUTH_ERROR,FAILED,96.28,HIGH,Complete authentication and retry the payment.
3446,UPI,Bank_A,0,1,NONE,SUCCESS,15.54,LOW,Continue payment normally.
17079,CARD,Bank_D,0,1,NONE,SUCCESS,23.21,LOW,Continue payment normally.
13837,UPI,Bank_B,0,1,NONE,SUCCESS,14.55,LOW,Continue payment normally.
16105,CARD,Bank_B,0,1,NONE,FAILED,17.89,LOW,Continue payment normally.
326,UPI,Bank_A,2,3,BANK_ERROR,FAILED,82.33,HIGH,Try another bank or payment method.
15966,UPI,Bank_B,0,1,NONE,FAILED,15.05,LOW,Continue payment normally.
1181,NET_BANKING,Bank_C,2,3,BANK_ERROR,FAILED,91.29,HIGH,Try another bank or payment method.
7563,NET_BANKING,Bank_A,0,1,NONE,SUCCESS,15.08,LOW,Continue payment normally.
2216,UPI,Bank_A,2,3,BANK_ERROR,FAILED,84.17,HIGH,Try another bank or payment method.
3427,UPI,Bank_A,0,1,NONE,FAILED,13.95,LOW,Continue payment normally.
7041,UPI,Bank_D,0,1,AUTH_ERROR,SUCCESS,46.55,MEDIUM,Complete authentication and retry the payment.
14358,CARD,Bank_A,2,3,AUTH_ERROR,FAILED,90.45,HIGH,Complete authentication and retry the payment.
16752,CARD,Bank_D,0,1,NONE,SUCCESS,22.59,LOW,Continue payment normally.
8180,CARD,Bank_A,1,2,NONE,FAILED,35.41,MEDIUM,"Continue payment, but offer an alternate payment method if it fails."
9441,UPI,Bank_B,0,1,NONE,SUCCESS,12.13,LOW,Continue payment normally.
16593,UPI,Bank_A,0,1,NONE,FAILED,16.79,LOW,Continue payment normally.
7932,CARD,Bank_B,0,1,NONE,SUCCESS,16.74,LOW,Continue payment normally.
17573,UPI,Bank_A,0,1,NONE,SUCCESS,11.78,LOW,Continue payment normally.
13557,UPI,Bank_B,2,3,AUTH_ERROR,SUCCESS,84.44,HIGH,Complete authentication and retry the payment.
2533,UPI,Bank_A,0,1,BANK_ERROR,SUCCESS,39.93,MEDIUM,Try another bank or payment method.
13653,UPI,Bank_C,1,2,NONE,SUCCESS,51.92,MEDIUM,"Continue payment, but offer an alternate payment method if it fails."
6044,CARD,Bank_C,0,1,NONE,SUCCESS,27.87,LOW,Continue payment normally.
2430,UPI,Bank_D,0,1,NONE,SUCCESS,17.61,LOW,Continue payment normally.
17164,UPI,Bank_D,0,1,NONE,SUCCESS,15.85,LOW,Continue payment normally.
8805,CARD,Bank_C,0,1,NONE,SUCCESS,24.86,LOW,Continue payment normally.
687,UPI,Bank_D,0,1,NONE,SUCCESS,13.99,LOW,Continue payment normally.
3465,UPI,Bank_A,1,2,BANK_ERROR,SUCCESS,62.48,MEDIUM,Try another bank or payment method.
8530,CARD,Bank_A,0,1,NONE,SUCCESS,15.12,LOW,Continue payment normally.
13754,NET_BANKING,Bank_C,0,1,NETWORK_ERROR,FAILED,58.81,MEDIUM,Retry after a short delay or use another payment method.
9547,NET_BANKING,Bank_B,1,2,BANK_ERROR,SUCCESS,68.04,MEDIUM,Try another bank or payment method.
9480,NET_BANKING,Bank_C,2,3,NETWORK_ERROR,FAILED,92.95,HIGH,Retry after a short delay or use another payment method.
7492,UPI,Bank_A,1,2,NONE,SUCCESS,35.19,MEDIUM,"Continue payment, but offer an alternate payment method if it fails."
9715,NET_BANKING,Bank_A,2,3,NONE,FAILED,66.37,MEDIUM,"Continue payment, but offer an alternate payment method if it fails."
14098,NET_BANKING,Bank_D,0,1,AUTH_ERROR,FAILED,53.18,MEDIUM,Complete authentication and retry the payment.
8481,CARD,Bank_C,1,2,NONE,FAILED,44.21,MEDIUM,"Continue payment, but offer an alternate payment method if it fails."
9819,UPI,Bank_D,0,1,NONE,SUCCESS,17.49,LOW,Continue payment normally.
17397,CARD,Bank_B,0,1,NONE,FAILED,16.78,LOW,Continue payment normally.
2455,UPI,Bank_B,0,1,NONE,SUCCESS,12.27,LOW,Continue payment normally.
3941,UPI,Bank_A,0,1,NONE,SUCCESS,14.8,LOW,Continue payment normally.
2753,CARD,Bank_A,0,1,NONE,FAILED,14.85,LOW,Continue payment normally.
12189,UPI,Bank_C,1,2,NONE,SUCCESS,43.32,MEDIUM,"Continue payment, but offer an alternate payment method if it fails."
2865,NET_BANKING,Bank_C,1,2,AUTH_ERROR,FAILED,81.05,HIGH,Complete authentication and retry the payment.
985,UPI,Bank_B,0,1,NONE,SUCCESS,10.81,LOW,Continue payment normally.
19025,UPI,Bank_D,0,1,NONE,FAILED,21.14,LOW,Continue payment normally.
18027,CARD,Bank_B,0,1,NONE,SUCCESS,22.03,LOW,Continue payment normally.
12855,UPI,Bank_B,0,1,NONE,SUCCESS,12.93,LOW,Continue payment normally.
4075,CARD,Bank_A,1,2,NONE,SUCCESS,32.54,MEDIUM,"Continue payment, but offer an alternate payment method if it fails."
14310,UPI,Bank_A,3,4,AUTH_ERROR,FAILED,96.15,HIGH,Complete authentication and retry the payment.
15105,UPI,Bank_B,0,1,NONE,SUCCESS,15.53,LOW,Continue payment normally.
11955,UPI,Bank_C,1,2,BANK_ERROR,FAILED,74.74,HIGH,Try another bank or payment method.
5292,NET_BANKING,Bank_B,2,3,BANK_ERROR,FAILED,84.66,HIGH,Try another bank or payment method.
10573,NET_BANKING,Bank_D,0,1,BANK_ERROR,FAILED,48.02,MEDIUM,Try another bank or payment method.
15944,UPI,Bank_C,0,1,NONE,FAILED,21.31,LOW,Continue payment normally.
1595,CARD,Bank_D,0,1,NONE,SUCCESS,18.89,LOW,Continue payment normally.
7182,UPI,Bank_A,0,1,NONE,FAILED,14.49,LOW,Continue payment normally.
5066,UPI,Bank_D,0,1,NONE,SUCCESS,17.38,LOW,Continue payment normally.
13861,UPI,Bank_B,0,1,NONE,SUCCESS,13.78,LOW,Continue payment normally.
14705,CARD,Bank_C,0,1,NONE,SUCCESS,21.89,LOW,Continue payment normally.
1779,UPI,Bank_A,0,1,NONE,SUCCESS,12.99,LOW,Continue payment normally.
602,CARD,Bank_D,0,1,NONE,SUCCESS,20.19,LOW,Continue payment normally.
5259,CARD,Bank_B,0,1,NONE,FAILED,14.68,LOW,Continue payment normally.
8766,CARD,Bank_D,0,1,NONE,SUCCESS,19.7,LOW,Continue payment normally.
16485,CARD,Bank_B,0,1,NONE,SUCCESS,16.83,LOW,Continue payment normally.
2256,NET_BANKING,Bank_D,0,1,BANK_ERROR,SUCCESS,44.45,MEDIUM,Try another bank or payment method.
18475,UPI,Bank_A,0,1,NONE,SUCCESS,15.17,LOW,Continue payment normally.
18815,CARD,Bank_D,0,1,NETWORK_ERROR,FAILED,57.76,MEDIUM,Retry after a short delay or use another payment method.
15170,UPI,Bank_A,0,1,NONE,SUCCESS,14.11,LOW,Continue payment normally.
18656,UPI,Bank_D,0,1,NONE,SUCCESS,19.28,LOW,Continue payment normally.
17957,UPI,Bank_A,3,4,NONE,SUCCESS,81.79,HIGH,"Continue payment, but offer an alternate payment method if it fails."
589,CARD,Bank_B,1,2,CARD_DECLINED,SUCCESS,68.41,MEDIUM,Try UPI or Net Banking instead of the card.
3864,CARD,Bank_C,0,1,NONE,SUCCESS,23.77,LOW,Continue payment normally.
12146,UPI,Bank_A,1,2,NETWORK_ERROR,SUCCESS,62.45,MEDIUM,Retry after a short delay or use another payment method.
15196,CARD,Bank_D,0,1,NONE,SUCCESS,20.68,LOW,Continue payment normally.
18242,NET_BANKING,Bank_D,0,1,NONE,SUCCESS,21.96,LOW,Continue payment normally.
5839,CARD,Bank_D,1,2,NONE,SUCCESS,45.8,MEDIUM,"Continue payment, but offer an alternate payment method if it fails."
7388,UPI,Bank_C,1,2,AUTH_ERROR,FAILED,78.45,HIGH,Complete authentication and retry the payment.
19284,UPI,Bank_C,2,3,NETWORK_ERROR,FAILED,91.8,HIGH,Retry after a short delay or use another payment method.
5920,CARD,Bank_A,0,1,CARD_DECLINED,SUCCESS,36.98,MEDIUM,Try UPI or Net Banking instead of the card.
17460,UPI,Bank_A,0,1,BANK_ERROR,FAILED,35.21,MEDIUM,Try another bank or payment method.
7156,CARD,Bank_B,0,1,NONE,SUCCESS,17.08,LOW,Continue payment normally.
19608,UPI,Bank_D,2,3,BANK_ERROR,SUCCESS,90.67,HIGH,Try another bank or payment method.
10853,UPI,Bank_B,0,1,NONE,SUCCESS,13.38,LOW,Continue payment normally.
8206,UPI,Bank_D,0,1,NONE,FAILED,20.32,LOW,Continue payment normally.
964,CARD,Bank_C,1,2,NONE,SUCCESS,48.23,MEDIUM,"Continue payment, but offer an alternate payment method if it fails."
2042,UPI,Bank_A,1,2,NONE,FAILED,31.67,MEDIUM,"Continue payment, but offer an alternate payment method if it fails."
1406,NET_BANKING,Bank_D,0,1,NONE,SUCCESS,22.88,LOW,Continue payment normally.
11106,UPI,Bank_B,0,1,NETWORK_ERROR,SUCCESS,43.76,MEDIUM,Retry after a short delay or use another payment method.
857,CARD,Bank_C,0,1,CARD_DECLINED,FAILED,45.92,MEDIUM,Try UPI or Net Banking instead of the card.
14539,NET_BANKING,Bank_A,0,1,NONE,SUCCESS,18.64,LOW,Continue payment normally.
17578,UPI,Bank_D,0,1,NETWORK_ERROR,FAILED,52.73,MEDIUM,Retry after a short delay or use another payment method.
2503,UPI,Bank_C,1,2,NONE,SUCCESS,40.89,MEDIUM,"Continue payment, but offer an alternate payment method if it fails."
5098,UPI,Bank_A,0,1,AUTH_ERROR,FAILED,42.77,MEDIUM,Complete authentication and retry the payment.
16813,UPI,Bank_D,0,1,NONE,SUCCESS,18.97,LOW,Continue payment normally.
10759,UPI,Bank_C,0,1,NONE,SUCCESS,20.29,LOW,Continue payment normally.
4160,UPI,Bank_C,0,1,NONE,SUCCESS,18.36,LOW,Continue payment normally.
5513,UPI,Bank_C,0,1,NONE,SUCCESS,20.56,LOW,Continue payment normally.
10067,UPI,Bank_C,0,1,NONE,SUCCESS,19.41,LOW,Continue payment normally.
9770,CARD,Bank_B,0,1,NONE,SUCCESS,15.14,LOW,Continue payment normally.
17332,UPI,Bank_C,1,2,BANK_ERROR,SUCCESS,75.63,HIGH,Try another bank or payment method.
4811,CARD,Bank_B,1,2,NETWORK_ERROR,SUCCESS,72.07,HIGH,Retry after a short delay or use another payment method.
7558,CARD,Bank_C,1,2,NONE,FAILED,52.91,MEDIUM,"Continue payment, but offer an alternate payment method if it fails."
17737,UPI,Bank_C,0,1,BANK_ERROR,SUCCESS,48.67,MEDIUM,Try another bank or payment method.
16955,CARD,Bank_B,2,3,CARD_DECLINED,FAILED,88.56,HIGH,Try UPI or Net Banking instead of the card.
8917,UPI,Bank_B,0,1,NONE,SUCCESS,13.64,LOW,Continue payment normally.
19965,UPI,Bank_A,0,1,NONE,SUCCESS,13.46,LOW,Continue payment normally.
12500,CARD,Bank_C,2,3,NETWORK_ERROR,FAILED,91.8,HIGH,Retry after a short delay or use another payment method.
652,UPI,Bank_C,0,1,NONE,SUCCESS,20.91,LOW,Continue payment normally.
4387,UPI,Bank_A,0,1,NONE,SUCCESS,12.47,LOW,Continue payment normally.
9696,UPI,Bank_B,0,1,NONE,SUCCESS,15.95,LOW,Continue payment normally.
6927,CARD,Bank_C,0,1,NONE,SUCCESS,21.91,LOW,Continue payment normally.
2362,CARD,Bank_A,1,2,CARD_DECLINED,FAILED,71.4,HIGH,Try UPI or Net Banking instead of the card.
4429,UPI,Bank_A,0,1,BANK_ERROR,FAILED,40.85,MEDIUM,Try another bank or payment method.
10966,NET_BANKING,Bank_B,0,1,BANK_ERROR,SUCCESS,45.78,MEDIUM,Try another bank or payment method.
14447,CARD,Bank_B,1,2,CARD_DECLINED,SUCCESS,72.45,HIGH,Try UPI or Net Banking instead of the card.
12957,UPI,Bank_C,0,1,BANK_ERROR,SUCCESS,45.71,MEDIUM,Try another bank or payment method.
11796,UPI,Bank_B,2,3,NETWORK_ERROR,FAILED,86.33,HIGH,Retry after a short delay or use another payment method.
4407,UPI,Bank_C,0,1,NONE,FAILED,20.86,LOW,Continue payment normally.
14092,NET_BANKING,Bank_A,0,1,NONE,SUCCESS,16.96,LOW,Continue payment normally.
14666,UPI,Bank_C,2,3,AUTH_ERROR,FAILED,91.76,HIGH,Complete authentication and retry the payment.
18041,CARD,Bank_D,2,3,NONE,FAILED,72.04,HIGH,"Continue payment, but offer an alternate payment method if it fails."
13608,UPI,Bank_C,3,4,NETWORK_ERROR,FAILED,96.87,HIGH,Retry after a short delay or use another payment method.
3245,UPI,Bank_C,2,3,AUTH_ERROR,FAILED,92.28,HIGH,Complete authentication and retry the payment.
1543,UPI,Bank_B,1,2,NONE,FAILED,31.64,MEDIUM,"Continue payment, but offer an alternate payment method if it fails."
17563,UPI,Bank_C,1,2,NETWORK_ERROR,FAILED,82.26,HIGH,Retry after a short delay or use another payment method.
9345,UPI,Bank_A,0,1,NONE,SUCCESS,14.8,LOW,Continue payment normally.
8133,CARD,Bank_C,0,1,NETWORK_ERROR,SUCCESS,54.28,MEDIUM,Retry after a short delay or use another payment method.
9444,UPI,Bank_C,2,3,NONE,FAILED,71.54,HIGH,"Continue payment, but offer an alternate payment method if it fails."
9146,NET_BANKING,Bank_A,3,4,BANK_ERROR,FAILED,95.12,HIGH,Try another bank or payment method.
17231,UPI,Bank_B,0,1,BANK_ERROR,SUCCESS,38.88,MEDIUM,Try another bank or payment method.
15519,NET_BANKING,Bank_C,0,1,NETWORK_ERROR,SUCCESS,55.48,MEDIUM,Retry after a short delay or use another payment method.
14844,NET_BANKING,Bank_B,0,1,BANK_ERROR,SUCCESS,43.45,MEDIUM,Try another bank or payment method.
7481,NET_BANKING,Bank_B,0,1,NETWORK_ERROR,SUCCESS,45.73,MEDIUM,Retry after a short delay or use another payment method.
2010,UPI,Bank_A,1,2,BANK_ERROR,FAILED,65.7,MEDIUM,Try another bank or payment method.
3763,CARD,Bank_A,1,2,NONE,SUCCESS,35.99,MEDIUM,"Continue payment, but offer an alternate payment method if it fails."
5699,CARD,Bank_D,1,2,NONE,SUCCESS,41.86,MEDIUM,"Continue payment, but offer an alternate payment method if it fails."
7333,CARD,Bank_B,0,1,NONE,SUCCESS,18.25,LOW,Continue payment normally.
18640,NET_BANKING,Bank_D,0,1,NONE,SUCCESS,19.72,LOW,Continue payment normally.
5115,NET_BANKING,Bank_A,0,1,NONE,FAILED,15.54,LOW,Continue payment normally.
8794,UPI,Bank_D,0,1,NONE,SUCCESS,15.59,LOW,Continue payment normally.
11771,UPI,Bank_B,0,1,NONE,SUCCESS,12.42,LOW,Continue payment normally.
7297,UPI,Bank_D,2,3,NONE,FAILED,60.49,MEDIUM,"Continue payment, but offer an alternate payment method if it fails."
18193,CARD,Bank_D,0,1,NONE,FAILED,22.32,LOW,Continue payment normally.
10299,UPI,Bank_C,0,1,BANK_ERROR,SUCCESS,49.99,MEDIUM,Try another bank or payment method.
16687,UPI,Bank_D,1,2,NONE,FAILED,43.86,MEDIUM,"Continue payment, but offer an alternate payment method if it fails."
11010,UPI,Bank_D,0,1,NONE,SUCCESS,16.15,LOW,Continue payment normally.
1404,UPI,Bank_B,0,1,NONE,SUCCESS,13.73,LOW,Continue payment normally.
4467,UPI,Bank_D,1,2,NONE,SUCCESS,39.58,MEDIUM,"Continue payment, but offer an alternate payment method if it fails."
18543,CARD,Bank_D,1,2,CARD_DECLINED,FAILED,76.92,HIGH,Try UPI or Net Banking instead of the card.
16982,UPI,Bank_A,1,2,NONE,SUCCESS,36.65,MEDIUM,"Continue payment, but offer an alternate payment method if it fails."
3470,CARD,Bank_C,1,2,NONE,SUCCESS,41.97,MEDIUM,"Continue payment, but offer an alternate payment method if it fails."
8760,UPI,Bank_C,1,2,BANK_ERROR,FAILED,79.6,HIGH,Try another bank or payment method.
1880,UPI,Bank_A,2,3,NONE,FAILED,54.61,MEDIUM,"Continue payment, but offer an alternate payment method if it fails."
19743,UPI,Bank_C,2,3,AUTH_ERROR,FAILED,93.27,HIGH,Complete authentication and retry the payment.
1738,UPI,Bank_C,1,2,NONE,FAILED,36.25,MEDIUM,"Continue payment, but offer an alternate payment method if it fails."
16484,UPI,Bank_C,0,1,NONE,FAILED,24.76,LOW,Continue payment normally.
6863,UPI,Bank_A,0,1,NONE,SUCCESS,14.07,LOW,Continue payment normally.
963,UPI,Bank_A,0,1,NONE,SUCCESS,12.72,LOW,Continue payment normally.
11937,UPI,Bank_C,2,3,BANK_ERROR,FAILED,89.29,HIGH,Try another bank or payment method.
13853,NET_BANKING,Bank_C,0,1,NONE,SUCCESS,21.33,LOW,Continue payment normally.
3392,CARD,Bank_B,2,3,NETWORK_ERROR,FAILED,84.51,HIGH,Retry after a short delay or use another payment method.
4370,NET_BANKING,Bank_A,1,2,NETWORK_ERROR,SUCCESS,73.91,HIGH,Retry after a short delay or use another payment method.
5542,UPI,Bank_B,0,1,NETWORK_ERROR,SUCCESS,37.67,MEDIUM,Retry after a short delay or use another payment method.
3385,UPI,Bank_A,1,2,NONE,SUCCESS,30.3,MEDIUM,"Continue payment, but offer an alternate payment method if it fails."
9410,UPI,Bank_D,1,2,BANK_ERROR,FAILED,72.97,HIGH,Try another bank or payment method.
6186,UPI,Bank_D,0,1,NONE,FAILED,16.03,LOW,Continue payment normally.
6101,UPI,Bank_D,0,1,NONE,SUCCESS,18.46,LOW,Continue payment normally.
9653,UPI,Bank_D,0,1,NONE,SUCCESS,18.62,LOW,Continue payment normally.
8070,CARD,Bank_C,0,1,NONE,SUCCESS,22.17,LOW,Continue payment normally.
5190,UPI,Bank_B,0,1,NONE,FAILED,12.97,LOW,Continue payment normally.
1149,CARD,Bank_A,0,1,NONE,SUCCESS,14.81,LOW,Continue payment normally.
4821,UPI,Bank_C,0,1,NONE,SUCCESS,16.02,LOW,Continue payment normally.
17331,UPI,Bank_D,2,3,BANK_ERROR,FAILED,87.87,HIGH,Try another bank or payment method.
3915,CARD,Bank_B,1,2,NONE,FAILED,32.94,MEDIUM,"Continue payment, but offer an alternate payment method if it fails."
17777,UPI,Bank_B,0,1,NONE,FAILED,13.58,LOW,Continue payment normally.
19133,CARD,Bank_D,0,1,NONE,SUCCESS,23.06,LOW,Continue payment normally.
194,UPI,Bank_C,0,1,NONE,SUCCESS,19.83,LOW,Continue payment normally.
19137,NET_BANKING,Bank_B,3,4,BANK_ERROR,FAILED,94.73,HIGH,Try another bank or payment method.
7657,CARD,Bank_C,0,1,NONE,SUCCESS,25.77,LOW,Continue payment normally.
1569,UPI,Bank_C,0,1,NONE,SUCCESS,19.83,LOW,Continue payment normally.
7066,UPI,Bank_D,1,2,NONE,FAILED,33.73,MEDIUM,"Continue payment, but offer an alternate payment method if it fails."
13369,UPI,Bank_C,0,1,NONE,SUCCESS,24.08,LOW,Continue payment normally.
13620,UPI,Bank_D,0,1,NONE,SUCCESS,19.6,LOW,Continue payment normally.
6319,CARD,Bank_B,0,1,AUTH_ERROR,SUCCESS,38.7,MEDIUM,Complete authentication and retry the payment.
18789,NET_BANKING,Bank_D,0,1,BANK_ERROR,FAILED,50.86,MEDIUM,Try another bank or payment method.
7381,CARD,Bank_C,0,1,CARD_DECLINED,FAILED,50.97,MEDIUM,Try UPI or Net Banking instead of the card.
789,NET_BANKING,Bank_C,1,2,NETWORK_ERROR,FAILED,76.13,HIGH,Retry after a short delay or use another payment method.
19278,NET_BANKING,Bank_A,0,1,NONE,SUCCESS,19.75,LOW,Continue payment normally.
3707,UPI,Bank_D,0,1,NONE,SUCCESS,18.05,LOW,Continue payment normally.
13021,UPI,Bank_B,0,1,NONE,SUCCESS,14.81,LOW,Continue payment normally.
17049,UPI,Bank_B,1,2,NONE,FAILED,39.73,MEDIUM,"Continue payment, but offer an alternate payment method if it fails."
7085,UPI,Bank_D,1,2,BANK_ERROR,FAILED,67.48,MEDIUM,Try another bank or payment method.
1734,CARD,Bank_B,1,2,NETWORK_ERROR,SUCCESS,65.55,MEDIUM,Retry after a short delay or use another payment method.
15896,UPI,Bank_B,1,2,BANK_ERROR,FAILED,61.96,MEDIUM,Try another bank or payment method.
19935,UPI,Bank_C,1,2,NONE,SUCCESS,49.45,MEDIUM,"Continue payment, but offer an alternate payment method if it fails."
18739,UPI,Bank_C,0,1,NONE,FAILED,20.05,LOW,Continue payment normally.
17725,UPI,Bank_C,0,1,NETWORK_ERROR,SUCCESS,54.32,MEDIUM,Retry after a short delay or use another payment method.
13210,UPI,Bank_B,1,2,NONE,SUCCESS,33.61,MEDIUM,"Continue payment, but offer an alternate payment method if it fails."
11620,CARD,Bank_C,0,1,NONE,SUCCESS,24.29,LOW,Continue payment normally.
12512,NET_BANKING,Bank_B,0,1,NONE,FAILED,14.69,LOW,Continue payment normally.
7590,CARD,Bank_D,0,1,NONE,SUCCESS,19.26,LOW,Continue payment normally.
10173,CARD,Bank_D,2,3,NONE,FAILED,73.01,HIGH,"Continue payment, but offer an alternate payment method if it fails."
4683,UPI,Bank_B,0,1,NONE,SUCCESS,14.18,LOW,Continue payment normally.
5276,NET_BANKING,Bank_D,0,1,NONE,FAILED,16.24,LOW,Continue payment normally.
11379,UPI,Bank_C,0,1,NONE,SUCCESS,18.68,LOW,Continue payment normally.
13031,CARD,Bank_B,0,1,NONE,SUCCESS,15.64,LOW,Continue payment normally.
11921,UPI,Bank_C,0,1,BANK_ERROR,SUCCESS,43.47,MEDIUM,Try another bank or payment method.
5967,NET_BANKING,Bank_C,2,3,NETWORK_ERROR,FAILED,92.12,HIGH,Retry after a short delay or use another payment method.
19756,CARD,Bank_D,2,3,CARD_DECLINED,FAILED,90.36,HIGH,Try UPI or Net Banking instead of the card.
19651,UPI,Bank_C,0,1,NETWORK_ERROR,SUCCESS,54.07,MEDIUM,Retry after a short delay or use another payment method.
4763,UPI,Bank_C,1,2,NONE,SUCCESS,41.57,MEDIUM,"Continue payment, but offer an alternate payment method if it fails."
5487,UPI,Bank_C,1,2,BANK_ERROR,FAILED,69.12,MEDIUM,Try another bank or payment method.
19667,UPI,Bank_B,0,1,NONE,SUCCESS,14.8,LOW,Continue payment normally.
10415,NET_BANKING,Bank_A,2,3,AUTH_ERROR,FAILED,89.56,HIGH,Complete authentication and retry the payment.
14807,UPI,Bank_A,0,1,NONE,SUCCESS,17.16,LOW,Continue payment normally.
15587,CARD,Bank_A,0,1,NONE,FAILED,16.84,LOW,Continue payment normally.
13301,NET_BANKING,Bank_D,2,3,AUTH_ERROR,FAILED,92.09,HIGH,Complete authentication and retry the payment.
11985,UPI,Bank_B,2,3,NONE,FAILED,62.16,MEDIUM,"Continue payment, but offer an alternate payment method if it fails."
6561,UPI,Bank_D,0,1,NONE,FAILED,19.27,LOW,Continue payment normally.
1743,UPI,Bank_A,0,1,NONE,SUCCESS,13.54,LOW,Continue payment normally.
11483,UPI,Bank_A,0,1,NONE,SUCCESS,14.53,LOW,Continue payment normally.
15660,UPI,Bank_D,0,1,NONE,SUCCESS,19.24,LOW,Continue payment normally.
13289,UPI,Bank_B,0,1,NONE,SUCCESS,16.08,LOW,Continue payment normally.
6758,CARD,Bank_B,0,1,NONE,SUCCESS,15.7,LOW,Continue payment normally.
2220,CARD,Bank_A,1,2,NONE,SUCCESS,35.94,MEDIUM,"Continue payment, but offer an alternate payment method if it fails."
6743,CARD,Bank_C,1,2,AUTH_ERROR,FAILED,77.53,HIGH,Complete authentication and retry the payment.
14934,CARD,Bank_C,0,1,NONE,SUCCESS,24.14,LOW,Continue payment normally.
19641,UPI,Bank_B,0,1,NETWORK_ERROR,SUCCESS,41.63,MEDIUM,Retry after a short delay or use another payment method.
11147,UPI,Bank_A,0,1,NONE,SUCCESS,12.83,LOW,Continue payment normally.
10404,UPI,Bank_B,0,1,NONE,SUCCESS,12.95,LOW,Continue payment normally.
3480,UPI,Bank_B,1,2,NONE,FAILED,26.91,LOW,Continue payment normally.
7169,UPI,Bank_C,0,1,BANK_ERROR,FAILED,49.86,MEDIUM,Try another bank or payment method.
14127,UPI,Bank_A,0,1,BANK_ERROR,SUCCESS,40.91,MEDIUM,Try another bank or payment method.
8210,NET_BANKING,Bank_A,0,1,NONE,FAILED,14.19,LOW,Continue payment normally.
12336,UPI,Bank_B,3,4,AUTH_ERROR,FAILED,94.86,HIGH,Complete authentication and retry the payment.
6514,UPI,Bank_D,0,1,NONE,SUCCESS,14.27,LOW,Continue payment normally.
6192,NET_BANKING,Bank_D,0,1,NONE,SUCCESS,18.43,LOW,Continue payment normally.
16622,UPI,Bank_A,1,2,NONE,SUCCESS,36.92,MEDIUM,"Continue payment, but offer an alternate payment method if it fails."
10958,UPI,Bank_A,2,3,NONE,FAILED,63.95,MEDIUM,"Continue payment, but offer an alternate payment method if it fails."
11965,UPI,Bank_B,2,3,NONE,SUCCESS,59.92,MEDIUM,"Continue payment, but offer an alternate payment method if it fails."
12879,UPI,Bank_C,0,1,NONE,FAILED,25.72,LOW,Continue payment normally.
2770,UPI,Bank_B,2,3,NONE,SUCCESS,57.67,MEDIUM,"Continue payment, but offer an alternate payment method if it fails."
6019,CARD,Bank_D,0,1,NONE,SUCCESS,19.46,LOW,Continue payment normally.
6069,UPI,Bank_B,1,2,NONE,FAILED,30.06,MEDIUM,"Continue payment, but offer an alternate payment method if it fails."
13158,CARD,Bank_B,0,1,NONE,SUCCESS,17.17,LOW,Continue payment normally.
17604,CARD,Bank_C,1,2,NETWORK_ERROR,FAILED,81.36,HIGH,Retry after a short delay or use another payment method.
1965,UPI,Bank_A,1,2,NETWORK_ERROR,SUCCESS,67.92,MEDIUM,Retry after a short delay or use another payment method.
311,NET_BANKING,Bank_C,1,2,NONE,SUCCESS,44.8,MEDIUM,"Continue payment, but offer an alternate payment method if it fails."
2312,NET_BANKING,Bank_D,0,1,BANK_ERROR,FAILED,47.59,MEDIUM,Try another bank or payment method.
3340,UPI,Bank_D,0,1,NONE,SUCCESS,18.21,LOW,Continue payment normally.
16593,UPI,Bank_C,0,1,NONE,SUCCESS,23.33,LOW,Continue payment normally.
18833,CARD,Bank_C,1,2,NONE,SUCCESS,48.77,MEDIUM,"Continue payment, but offer an alternate payment method if it fails."
3183,CARD,Bank_B,0,1,NONE,SUCCESS,16.62,LOW,Continue payment normally.
16854,UPI,Bank_A,0,1,BANK_ERROR,SUCCESS,44.39,MEDIUM,Try another bank or payment method.
1054,UPI,Bank_A,1,2,NONE,SUCCESS,30.08,MEDIUM,"Continue payment, but offer an alternate payment method if it fails."
5576,UPI,Bank_A,0,1,NONE,SUCCESS,12.61,LOW,Continue payment normally.
16389,NET_BANKING,Bank_D,0,1,BANK_ERROR,FAILED,52.87,MEDIUM,Try another bank or payment method.
10804,UPI,Bank_A,1,2,NONE,SUCCESS,27.6,LOW,Continue payment normally.
14879,UPI,Bank_A,2,3,NETWORK_ERROR,FAILED,89.03,HIGH,Retry after a short delay or use another payment method.
5241,UPI,Bank_B,0,1,NONE,SUCCESS,11.95,LOW,Continue payment normally.
11554,UPI,Bank_D,0,1,AUTH_ERROR,SUCCESS,43.94,MEDIUM,Complete authentication and retry the payment.
8598,UPI,Bank_C,0,1,NONE,SUCCESS,21.44,LOW,Continue payment normally.
6429,UPI,Bank_B,0,1,NONE,SUCCESS,16.05,LOW,Continue payment normally.
2348,UPI,Bank_A,0,1,BANK_ERROR,FAILED,33.33,MEDIUM,Try another bank or payment method.
6670,UPI,Bank_B,0,1,NONE,SUCCESS,14.08,LOW,Continue payment normally.
7042,NET_BANKING,Bank_B,0,1,NONE,SUCCESS,19.53,LOW,Continue payment normally.
16791,CARD,Bank_C,0,1,NONE,SUCCESS,20.72,LOW,Continue payment normally.
3571,CARD,Bank_B,0,1,NONE,SUCCESS,18.04,LOW,Continue payment normally.
8059,UPI,Bank_A,0,1,NONE,SUCCESS,12.42,LOW,Continue payment normally.
11596,NET_BANKING,Bank_A,0,1,NONE,SUCCESS,16.14,LOW,Continue payment normally.
2111,CARD,Bank_D,0,1,AUTH_ERROR,FAILED,47.1,MEDIUM,Complete authentication and retry the payment.
7450,NET_BANKING,Bank_C,2,3,NONE,FAILED,73.77,HIGH,"Continue payment, but offer an alternate payment method if it fails."
3620,UPI,Bank_B,0,1,NONE,SUCCESS,11.9,LOW,Continue payment normally.
17469,UPI,Bank_D,1,2,NONE,FAILED,45.26,MEDIUM,"Continue payment, but offer an alternate payment method if it fails."
2855,UPI,Bank_B,0,1,NONE,SUCCESS,12.48,LOW,Continue payment normally.
18258,UPI,Bank_B,1,2,NONE,SUCCESS,32.84,MEDIUM,"Continue payment, but offer an alternate payment method if it fails."
18702,UPI,Bank_D,1,2,NONE,FAILED,41.34,MEDIUM,"Continue payment, but offer an alternate payment method if it fails."
12791,NET_BANKING,Bank_C,1,2,NONE,FAILED,49.63,MEDIUM,"Continue payment, but offer an alternate payment method if it fails."
17864,NET_BANKING,Bank_A,0,1,BANK_ERROR,SUCCESS,41.11,MEDIUM,Try another bank or payment method.
1204,CARD,Bank_A,0,1,NONE,FAILED,15.84,LOW,Continue payment normally.
8840,CARD,Bank_A,1,2,NONE,SUCCESS,39.99,MEDIUM,"Continue payment, but offer an alternate payment method if it fails."
4532,NET_BANKING,Bank_C,0,1,NONE,SUCCESS,24.38,LOW,Continue payment normally.
17668,UPI,Bank_A,0,1,NONE,SUCCESS,15.47,LOW,Continue payment normally.
14947,UPI,Bank_B,0,1,NONE,SUCCESS,13.55,LOW,Continue payment normally.
13978,UPI,Bank_C,0,1,NONE,SUCCESS,19.89,LOW,Continue payment normally.
16734,UPI,Bank_A,3,4,AUTH_ERROR,FAILED,95.16,HIGH,Complete authentication and retry the payment.
13225,UPI,Bank_B,0,1,BANK_ERROR,FAILED,39.26,MEDIUM,Try another bank or payment method.
3989,CARD,Bank_C,0,1,NONE,FAILED,21.61,LOW,Continue payment normally.
18270,UPI,Bank_B,0,1,NONE,FAILED,13.48,LOW,Continue payment normally.
5949,CARD,Bank_C,0,1,NONE,SUCCESS,25.12,LOW,Continue payment normally.
18001,CARD,Bank_D,0,1,CARD_DECLINED,SUCCESS,52.9,MEDIUM,Try UPI or Net Banking instead of the card.
17512,UPI,Bank_A,0,1,AUTH_ERROR,FAILED,48.69,MEDIUM,Complete authentication and retry the payment.
19801,UPI,Bank_D,0,1,NONE,SUCCESS,18.29,LOW,Continue payment normally.
8263,UPI,Bank_B,0,1,NONE,FAILED,14.5,LOW,Continue payment normally.
5619,CARD,Bank_C,0,1,CARD_DECLINED,FAILED,54.34,MEDIUM,Try UPI or Net Banking instead of the card.
4490,UPI,Bank_C,0,1,BANK_ERROR,FAILED,48.68,MEDIUM,Try another bank or payment method.
6572,UPI,Bank_D,0,1,NONE,SUCCESS,18.79,LOW,Continue payment normally.
9282,UPI,Bank_C,0,1,NONE,FAILED,17.4,LOW,Continue payment normally.
12914,UPI,Bank_A,1,2,BANK_ERROR,FAILED,67.85,MEDIUM,Try another bank or payment method.
17893,UPI,Bank_A,0,1,NONE,SUCCESS,15.92,LOW,Continue payment normally.
14994,UPI,Bank_A,2,3,NONE,FAILED,56.06,MEDIUM,"Continue payment, but offer an alternate payment method if it fails."
17600,UPI,Bank_A,0,1,NONE,SUCCESS,15.05,LOW,Continue payment normally.
12744,CARD,Bank_B,0,1,NONE,SUCCESS,15.6,LOW,Continue payment normally.
17569,UPI,Bank_C,1,2,NONE,SUCCESS,42.91,MEDIUM,"Continue payment, but offer an alternate payment method if it fails."
8304,CARD,Bank_C,0,1,AUTH_ERROR,FAILED,57.45,MEDIUM,Complete authentication and retry the payment.
8849,NET_BANKING,Bank_D,0,1,BANK_ERROR,FAILED,51.05,MEDIUM,Try another bank or payment method.
9563,UPI,Bank_C,0,1,NONE,SUCCESS,19.09,LOW,Continue payment normally.
19249,UPI,Bank_C,3,4,AUTH_ERROR,FAILED,97.41,HIGH,Complete authentication and retry the payment.
13077,NET_BANKING,Bank_B,1,2,NONE,SUCCESS,36.7,MEDIUM,"Continue payment, but offer an alternate payment method if it fails."
14855,UPI,Bank_C,0,1,NONE,SUCCESS,19.82,LOW,Continue payment normally.
4018,CARD,Bank_B,0,1,NONE,SUCCESS,13.74,LOW,Continue payment normally.
12485,UPI,Bank_A,0,1,NONE,SUCCESS,12.99,LOW,Continue payment normally.
14400,CARD,Bank_D,0,1,NONE,SUCCESS,20.28,LOW,Continue payment normally.
1850,UPI,Bank_A,0,1,NONE,SUCCESS,11.01,LOW,Continue payment normally.
10125,UPI,Bank_D,0,1,NONE,SUCCESS,20.95,LOW,Continue payment normally.
3025,UPI,Bank_B,3,4,BANK_ERROR,FAILED,94.17,HIGH,Try another bank or payment method.
17423,CARD,Bank_B,2,3,CARD_DECLINED,FAILED,88.13,HIGH,Try UPI or Net Banking instead of the card.
13103,NET_BANKING,Bank_B,0,1,NONE,FAILED,17.07,LOW,Continue payment normally.
11121,NET_BANKING,Bank_C,0,1,NONE,FAILED,26.45,LOW,Continue payment normally.
6959,UPI,Bank_C,0,1,NETWORK_ERROR,SUCCESS,50.77,MEDIUM,Retry after a short delay or use another payment method.
5463,CARD,Bank_D,2,3,NETWORK_ERROR,SUCCESS,91.17,HIGH,Retry after a short delay or use another payment method.
17476,CARD,Bank_C,0,1,NONE,SUCCESS,25.9,LOW,Continue payment normally.
1855,NET_BANKING,Bank_C,0,1,NONE,SUCCESS,23.83,LOW,Continue payment normally.
10041,UPI,Bank_B,2,3,NETWORK_ERROR,FAILED,87.33,HIGH,Retry after a short delay or use another payment method.
12343,NET_BANKING,Bank_A,0,1,NONE,SUCCESS,14.21,LOW,Continue payment normally.
19071,NET_BANKING,Bank_B,0,1,BANK_ERROR,FAILED,41.18,MEDIUM,Try another bank or payment method.
10240,NET_BANKING,Bank_A,1,2,NONE,FAILED,39.14,MEDIUM,"Continue payment, but offer an alternate payment method if it fails."
12405,UPI,Bank_A,0,1,NONE,FAILED,14.47,LOW,Continue payment normally.
8954,NET_BANKING,Bank_A,1,2,NONE,SUCCESS,34.74,MEDIUM,"Continue payment, but offer an alternate payment method if it fails."
11394,UPI,Bank_D,0,1,NONE,FAILED,17.3,LOW,Continue payment normally.
9568,UPI,Bank_C,0,1,NONE,SUCCESS,20.31,LOW,Continue payment normally.
17743,CARD,Bank_A,0,1,NONE,FAILED,17.9,LOW,Continue payment normally.
10683,UPI,Bank_D,0,1,NONE,SUCCESS,19.29,LOW,Continue payment normally.
19975,NET_BANKING,Bank_A,0,1,AUTH_ERROR,FAILED,53.62,MEDIUM,Complete authentication and retry the payment.
15524,UPI,Bank_A,0,1,NONE,SUCCESS,14.55,LOW,Continue payment normally.
17865,UPI,Bank_A,0,1,NONE,SUCCESS,14.5,LOW,Continue payment normally.
14572,UPI,Bank_D,0,1,NONE,SUCCESS,19.76,LOW,Continue payment normally.
3851,CARD,Bank_A,3,4,AUTH_ERROR,FAILED,95.54,HIGH,Complete authentication and retry the payment.
12398,CARD,Bank_A,0,1,NONE,FAILED,14.12,LOW,Continue payment normally.
9669,UPI,Bank_A,0,1,NONE,FAILED,11.8,LOW,Continue payment normally.
16490,CARD,Bank_A,2,3,CARD_DECLINED,FAILED,85.46,HIGH,Try UPI or Net Banking instead of the card.
1801,UPI,Bank_B,2,3,NONE,FAILED,59.65,MEDIUM,"Continue payment, but offer an alternate payment method if it fails."
17534,UPI,Bank_D,0,1,NONE,SUCCESS,19.1,LOW,Continue payment normally.
17777,NET_BANKING,Bank_B,0,1,NONE,SUCCESS,18.1,LOW,Continue payment normally.
4638,CARD,Bank_D,0,1,AUTH_ERROR,FAILED,57.56,MEDIUM,Complete authentication and retry the payment.
16748,UPI,Bank_D,0,1,NONE,SUCCESS,15.79,LOW,Continue payment normally.
641,CARD,Bank_B,1,2,NETWORK_ERROR,SUCCESS,66.35,MEDIUM,Retry after a short delay or use another payment method.
11665,CARD,Bank_A,1,2,NONE,FAILED,43.47,MEDIUM,"Continue payment, but offer an alternate payment method if it fails."
11715,CARD,Bank_D,0,1,NONE,SUCCESS,19.75,LOW,Continue payment normally.
1058,UPI,Bank_A,1,2,NONE,SUCCESS,30.42,MEDIUM,"Continue payment, but offer an alternate payment method if it fails."
14735,UPI,Bank_A,2,3,NONE,SUCCESS,63.52,MEDIUM,"Continue payment, but offer an alternate payment method if it fails."
1054,UPI,Bank_D,0,1,NONE,SUCCESS,19.73,LOW,Continue payment normally.
17609,UPI,Bank_A,1,2,NONE,SUCCESS,29.85,LOW,Continue payment normally.
14487,CARD,Bank_D,2,3,AUTH_ERROR,FAILED,91.53,HIGH,Complete authentication and retry the payment.
5347,UPI,Bank_C,1,2,NONE,SUCCESS,41.73,MEDIUM,"Continue payment, but offer an alternate payment method if it fails."
17767,UPI,Bank_A,0,1,NONE,SUCCESS,17.64,LOW,Continue payment normally.
19454,CARD,Bank_D,1,2,CARD_DECLINED,FAILED,73.64,HIGH,Try UPI or Net Banking instead of the card.
19008,UPI,Bank_A,0,1,NONE,FAILED,14.67,LOW,Continue payment normally.
1412,UPI,Bank_D,0,1,NETWORK_ERROR,SUCCESS,47.56,MEDIUM,Retry after a short delay or use another payment method.
5027,CARD,Bank_B,3,4,AUTH_ERROR,FAILED,94.98,HIGH,Complete authentication and retry the payment.
18769,UPI,Bank_A,1,2,NONE,FAILED,37.5,MEDIUM,"Continue payment, but offer an alternate payment method if it fails."
17816,UPI,Bank_A,0,1,NONE,SUCCESS,13.35,LOW,Continue payment normally.
4752,NET_BANKING,Bank_A,0,1,NONE,SUCCESS,14.29,LOW,Continue payment normally.
9303,CARD,Bank_C,1,2,NONE,SUCCESS,47.18,MEDIUM,"Continue payment, but offer an alternate payment method if it fails."
13994,UPI,Bank_A,1,2,BANK_ERROR,SUCCESS,68.49,MEDIUM,Try another bank or payment method.
10747,CARD,Bank_A,1,2,NETWORK_ERROR,SUCCESS,71.77,HIGH,Retry after a short delay or use another payment method.
18523,UPI,Bank_A,2,3,BANK_ERROR,FAILED,84.85,HIGH,Try another bank or payment method.
16202,UPI,Bank_C,0,1,NONE,SUCCESS,27.09,LOW,Continue payment normally.
7804,UPI,Bank_A,0,1,NONE,SUCCESS,15.79,LOW,Continue payment normally.
18699,UPI,Bank_A,2,3,NETWORK_ERROR,FAILED,87.21,HIGH,Retry after a short delay or use another payment method.
11718,CARD,Bank_A,0,1,NETWORK_ERROR,SUCCESS,49.36,MEDIUM,Retry after a short delay or use another payment method.
8127,UPI,Bank_C,0,1,NONE,SUCCESS,17.89,LOW,Continue payment normally.
17186,UPI,Bank_B,0,1,NONE,SUCCESS,15.66,LOW,Continue payment normally.
3514,UPI,Bank_B,0,1,NONE,SUCCESS,12.4,LOW,Continue payment normally.
14020,UPI,Bank_B,0,1,NONE,SUCCESS,16.2,LOW,Continue payment normally.
7230,CARD,Bank_A,0,1,CARD_DECLINED,FAILED,44.15,MEDIUM,Try UPI or Net Banking instead of the card.
19156,CARD,Bank_A,3,4,AUTH_ERROR,FAILED,95.5,HIGH,Complete authentication and retry the payment.
18123,CARD,Bank_A,1,2,NONE,FAILED,37.73,MEDIUM,"Continue payment, but offer an alternate payment method if it fails."
11345,NET_BANKING,Bank_C,0,1,NONE,SUCCESS,22.17,LOW,Continue payment normally.
11394,NET_BANKING,Bank_B,0,1,BANK_ERROR,FAILED,38.27,MEDIUM,Try another bank or payment method.
3315,NET_BANKING,Bank_B,0,1,NONE,SUCCESS,15.92,LOW,Continue payment normally.
10960,UPI,Bank_D,2,3,BANK_ERROR,FAILED,87.38,HIGH,Try another bank or payment method.
17168,CARD,Bank_A,0,1,NONE,SUCCESS,15.01,LOW,Continue payment normally.
18882,UPI,Bank_D,1,2,NETWORK_ERROR,FAILED,74.34,HIGH,Retry after a short delay or use another payment method.
11751,UPI,Bank_B,0,1,NONE,SUCCESS,14.06,LOW,Continue payment normally.
4926,UPI,Bank_B,2,3,NETWORK_ERROR,FAILED,83.25,HIGH,Retry after a short delay or use another payment method.
2429,CARD,Bank_D,0,1,NONE,SUCCESS,19.03,LOW,Continue payment normally.
3667,UPI,Bank_D,0,1,NONE,SUCCESS,16.25,LOW,Continue payment normally.
11032,UPI,Bank_C,2,3,NETWORK_ERROR,FAILED,92.79,HIGH,Retry after a short delay or use another payment method.
19545,NET_BANKING,Bank_A,2,3,AUTH_ERROR,FAILED,90.38,HIGH,Complete authentication and retry the payment.
16576,CARD,Bank_C,0,1,NONE,SUCCESS,29.13,LOW,Continue payment normally.
16414,UPI,Bank_B,0,1,NONE,SUCCESS,13.03,LOW,Continue payment normally.
10449,UPI,Bank_C,2,3,BANK_ERROR,FAILED,88.81,HIGH,Try another bank or payment method.
371,CARD,Bank_A,0,1,NONE,SUCCESS,13.18,LOW,Continue payment normally.
923,UPI,Bank_D,0,1,BANK_ERROR,SUCCESS,45.31,MEDIUM,Try another bank or payment method.
1707,UPI,Bank_A,0,1,NONE,SUCCESS,10.54,LOW,Continue payment normally.
845,UPI,Bank_A,0,1,NONE,SUCCESS,11.21,LOW,Continue payment normally.
13775,UPI,Bank_A,0,1,NONE,FAILED,15.89,LOW,Continue payment normally.
4361,UPI,Bank_C,1,2,NONE,SUCCESS,40.28,MEDIUM,"Continue payment, but offer an alternate payment method if it fails."
7365,UPI,Bank_D,3,4,NETWORK_ERROR,FAILED,95.97,HIGH,Retry after a short delay or use another payment method.
17125,CARD,Bank_A,0,1,CARD_DECLINED,SUCCESS,45.09,MEDIUM,Try UPI or Net Banking instead of the card.
2997,UPI,Bank_B,0,1,BANK_ERROR,SUCCESS,39.04,MEDIUM,Try another bank or payment method.
17353,NET_BANKING,Bank_C,0,1,BANK_ERROR,FAILED,58.55,MEDIUM,Try another bank or payment method.
1044,NET_BANKING,Bank_D,0,1,NONE,SUCCESS,16.65,LOW,Continue payment normally.
8818,UPI,Bank_D,0,1,NONE,SUCCESS,14.59,LOW,Continue payment normally.
534,CARD,Bank_D,2,3,NETWORK_ERROR,FAILED,89.72,HIGH,Retry after a short delay or use another payment method.
5638,UPI,Bank_C,0,1,NONE,SUCCESS,19.33,LOW,Continue payment normally.
10817,UPI,Bank_C,0,1,NONE,SUCCESS,23.54,LOW,Continue payment normally.
3491,UPI,Bank_A,3,4,BANK_ERROR,FAILED,94.26,HIGH,Try another bank or payment method.
16143,UPI,Bank_B,0,1,NONE,FAILED,14.1,LOW,Continue payment normally.
6158,UPI,Bank_D,1,2,NONE,FAILED,35.98,MEDIUM,"Continue payment, but offer an alternate payment method if it fails."
13610,UPI,Bank_B,1,2,NONE,SUCCESS,32.64,MEDIUM,"Continue payment, but offer an alternate payment method if it fails."
15438,UPI,Bank_D,1,2,BANK_ERROR,FAILED,67.94,MEDIUM,Try another bank or payment method.
8522,CARD,Bank_C,0,1,NONE,FAILED,20.67,LOW,Continue payment normally.
17128,UPI,Bank_A,0,1,NONE,FAILED,16.88,LOW,Continue payment normally.
8429,NET_BANKING,Bank_D,0,1,AUTH_ERROR,SUCCESS,55.81,MEDIUM,Complete authentication and retry the payment.
14568,CARD,Bank_C,1,2,NONE,SUCCESS,48.3,MEDIUM,"Continue payment, but offer an alternate payment method if it fails."
4755,UPI,Bank_D,2,3,BANK_ERROR,FAILED,88.76,HIGH,Try another bank or payment method.
765,CARD,Bank_B,1,2,CARD_DECLINED,FAILED,70.15,HIGH,Try UPI or Net Banking instead of the card.
9646,CARD,Bank_B,0,1,NONE,SUCCESS,15.74,LOW,Continue payment normally.
11571,CARD,Bank_A,0,1,NETWORK_ERROR,SUCCESS,48.14,MEDIUM,Retry after a short delay or use another payment method.
924,UPI,Bank_D,0,1,NONE,FAILED,18.28,LOW,Continue payment normally.
3827,UPI,Bank_B,1,2,NONE,FAILED,33.23,MEDIUM,"Continue payment, but offer an alternate payment method if it fails."
826,CARD,Bank_C,0,1,NONE,SUCCESS,21.76,LOW,Continue payment normally.
5466,UPI,Bank_C,0,1,NONE,FAILED,18.34,LOW,Continue payment normally.
12421,UPI,Bank_B,0,1,NONE,SUCCESS,12.68,LOW,Continue payment normally.
6943,UPI,Bank_C,0,1,NONE,SUCCESS,20.07,LOW,Continue payment normally.
17422,UPI,Bank_C,1,2,NONE,FAILED,40.99,MEDIUM,"Continue payment, but offer an alternate payment method if it fails."
5363,CARD,Bank_A,2,3,CARD_DECLINED,FAILED,89.05,HIGH,Try UPI or Net Banking instead of the card.
19434,UPI,Bank_D,0,1,NONE,FAILED,19.44,LOW,Continue payment normally.
7447,UPI,Bank_D,1,2,NONE,FAILED,38.17,MEDIUM,"Continue payment, but offer an alternate payment method if it fails."
953,UPI,Bank_C,1,2,BANK_ERROR,FAILED,72.87,HIGH,Try another bank or payment method.
1314,UPI,Bank_C,1,2,NONE,FAILED,41.32,MEDIUM,"Continue payment, but offer an alternate payment method if it fails."
18769,NET_BANKING,Bank_C,0,1,NONE,FAILED,23.43,LOW,Continue payment normally.
16990,UPI,Bank_B,2,3,NONE,FAILED,60.95,MEDIUM,"Continue payment, but offer an alternate payment method if it fails."
19039,CARD,Bank_D,0,1,CARD_DECLINED,SUCCESS,52.07,MEDIUM,Try UPI or Net Banking instead of the card.
3925,UPI,Bank_B,0,1,NONE,SUCCESS,11.79,LOW,Continue payment normally.
9652,CARD,Bank_C,0,1,NONE,SUCCESS,23.58,LOW,Continue payment normally.
17581,UPI,Bank_B,2,3,NETWORK_ERROR,FAILED,87.11,HIGH,Retry after a short delay or use another payment method.
9128,CARD,Bank_D,3,4,CARD_DECLINED,FAILED,96.51,HIGH,Try UPI or Net Banking instead of the card.
11526,UPI,Bank_B,1,2,NONE,SUCCESS,32.13,MEDIUM,"Continue payment, but offer an alternate payment method if it fails."
6925,UPI,Bank_A,0,1,NONE,SUCCESS,11.14,LOW,Continue payment normally.
1273,UPI,Bank_A,0,1,NONE,SUCCESS,12.06,LOW,Continue payment normally.
3941,CARD,Bank_D,1,2,NONE,SUCCESS,43.31,MEDIUM,"Continue payment, but offer an alternate payment method if it fails."
3741,UPI,Bank_D,0,1,NONE,FAILED,15.02,LOW,Continue payment normally.
14326,NET_BANKING,Bank_A,0,1,NONE,SUCCESS,15.92,LOW,Continue payment normally.
5284,CARD,Bank_D,3,4,NETWORK_ERROR,FAILED,96.67,HIGH,Retry after a short delay or use another payment method.
7045,UPI,Bank_C,0,1,NONE,SUCCESS,19.86,LOW,Continue payment normally.
7335,UPI,Bank_A,2,3,NETWORK_ERROR,FAILED,86.38,HIGH,Retry after a short delay or use another payment method.
6442,UPI,Bank_B,3,4,BANK_ERROR,FAILED,93.87,HIGH,Try another bank or payment method.
5666,UPI,Bank_D,0,1,NONE,SUCCESS,15.72,LOW,Continue payment normally.
12438,UPI,Bank_A,1,2,NONE,SUCCESS,32.94,MEDIUM,"Continue payment, but offer an alternate payment method if it fails."
11901,UPI,Bank_A,2,3,NETWORK_ERROR,FAILED,87.18,HIGH,Retry after a short delay or use another payment method.
2269,UPI,Bank_A,0,1,NONE,SUCCESS,13.61,LOW,Continue payment normally.
16693,CARD,Bank_C,0,1,AUTH_ERROR,SUCCESS,57.96,MEDIUM,Complete authentication and retry the payment.
16408,CARD,Bank_A,0,1,CARD_DECLINED,FAILED,42.17,MEDIUM,Try UPI or Net Banking instead of the card.
14418,UPI,Bank_A,1,2,NETWORK_ERROR,FAILED,65.59,MEDIUM,Retry after a short delay or use another payment method.
3971,CARD,Bank_B,0,1,NONE,SUCCESS,17.42,LOW,Continue payment normally.
9865,UPI,Bank_D,1,2,NETWORK_ERROR,FAILED,70.03,HIGH,Retry after a short delay or use another payment method.
6520,CARD,Bank_C,0,1,NONE,SUCCESS,21.83,LOW,Continue payment normally.
5533,CARD,Bank_B,0,1,NONE,SUCCESS,15.74,LOW,Continue payment normally.
332,CARD,Bank_B,0,1,NONE,SUCCESS,16.39,LOW,Continue payment normally.
18313,UPI,Bank_A,1,2,BANK_ERROR,SUCCESS,67.89,MEDIUM,Try another bank or payment method.
13932,UPI,Bank_A,0,1,NONE,SUCCESS,13.94,LOW,Continue payment normally.
2795,UPI,Bank_C,0,1,NETWORK_ERROR,SUCCESS,51.09,MEDIUM,Retry after a short delay or use another payment method.
18402,UPI,Bank_A,1,2,BANK_ERROR,FAILED,68.6,MEDIUM,Try another bank or payment method.
13116,CARD,Bank_D,2,3,CARD_DECLINED,FAILED,87.93,HIGH,Try UPI or Net Banking instead of the card.
14532,CARD,Bank_B,0,1,NONE,SUCCESS,21.05,LOW,Continue payment normally.
2038,NET_BANKING,Bank_D,3,4,AUTH_ERROR,FAILED,96.78,HIGH,Complete authentication and retry the payment.
13956,NET_BANKING,Bank_C,0,1,NONE,SUCCESS,23.56,LOW,Continue payment normally.
1720,CARD,Bank_A,0,1,CARD_DECLINED,SUCCESS,42.95,MEDIUM,Try UPI or Net Banking instead of the card.
8681,UPI,Bank_A,1,2,BANK_ERROR,FAILED,66.78,MEDIUM,Try another bank or payment method.
3759,UPI,Bank_B,0,1,NONE,SUCCESS,12.94,LOW,Continue payment normally.
10586,UPI,Bank_A,0,1,NETWORK_ERROR,SUCCESS,46.22,MEDIUM,Retry after a short delay or use another payment method.
166,UPI,Bank_A,0,1,NONE,SUCCESS,15.03,LOW,Continue payment normally.
10096,UPI,Bank_C,1,2,NONE,SUCCESS,43.1,MEDIUM,"Continue payment, but offer an alternate payment method if it fails."
7834,CARD,Bank_A,0,1,NONE,SUCCESS,14.42,LOW,Continue payment normally.
7270,UPI,Bank_A,3,4,BANK_ERROR,FAILED,93.72,HIGH,Try another bank or payment method.
10243,CARD,Bank_B,1,2,NETWORK_ERROR,SUCCESS,71.1,HIGH,Retry after a short delay or use another payment method.
9240,UPI,Bank_A,1,2,BANK_ERROR,FAILED,65.88,MEDIUM,Try another bank or payment method.
11926,UPI,Bank_A,1,2,NONE,FAILED,34.56,MEDIUM,"Continue payment, but offer an alternate payment method if it fails."
4636,UPI,Bank_C,1,2,NETWORK_ERROR,SUCCESS,77.59,HIGH,Retry after a short delay or use another payment method.
10718,NET_BANKING,Bank_B,1,2,NONE,SUCCESS,33.21,MEDIUM,"Continue payment, but offer an alternate payment method if it fails."
6663,UPI,Bank_D,0,1,NONE,SUCCESS,15.69,LOW,Continue payment normally.
9260,UPI,Bank_B,3,4,NETWORK_ERROR,FAILED,95.28,HIGH,Retry after a short delay or use another payment method.
4882,NET_BANKING,Bank_D,0,1,AUTH_ERROR,SUCCESS,54.04,MEDIUM,Complete authentication and retry the payment.
3533,NET_BANKING,Bank_D,1,2,NONE,SUCCESS,39.21,MEDIUM,"Continue payment, but offer an alternate payment method if it fails."
1538,CARD,Bank_A,0,1,NONE,SUCCESS,14.48,LOW,Continue payment normally.
12659,UPI,Bank_B,0,1,NONE,SUCCESS,12.38,LOW,Continue payment normally.
3134,UPI,Bank_B,0,1,NONE,SUCCESS,11.05,LOW,Continue payment normally.
5290,NET_BANKING,Bank_C,2,3,NETWORK_ERROR,SUCCESS,89.6,HIGH,Retry after a short delay or use another payment method.
13489,UPI,Bank_B,0,1,BANK_ERROR,FAILED,42.78,MEDIUM,Try another bank or payment method.
17832,NET_BANKING,Bank_A,1,2,NETWORK_ERROR,FAILED,72.7,HIGH,Retry after a short delay or use another payment method.
6199,CARD,Bank_A,0,1,NONE,SUCCESS,16.21,LOW,Continue payment normally.
15724,NET_BANKING,Bank_C,0,1,NONE,SUCCESS,27.51,LOW,Continue payment normally.
4388,CARD,Bank_A,0,1,NONE,SUCCESS,18.37,LOW,Continue payment normally.
3565,NET_BANKING,Bank_D,2,3,AUTH_ERROR,FAILED,90.7,HIGH,Complete authentication and retry the payment.
19301,UPI,Bank_A,1,2,AUTH_ERROR,FAILED,73.77,HIGH,Complete authentication and retry the payment.
18912,CARD,Bank_A,0,1,NONE,SUCCESS,16.75,LOW,Continue payment normally.
4637,UPI,Bank_C,0,1,BANK_ERROR,FAILED,50.69,MEDIUM,Try another bank or payment method.
6465,CARD,Bank_D,3,4,CARD_DECLINED,FAILED,96.12,HIGH,Try UPI or Net Banking instead of the card.
4349,UPI,Bank_B,2,3,NONE,SUCCESS,57.37,MEDIUM,"Continue payment, but offer an alternate payment method if it fails."
3273,CARD,Bank_C,0,1,NONE,FAILED,23.93,LOW,Continue payment normally.
9550,CARD,Bank_D,0,1,NONE,SUCCESS,25.02,LOW,Continue payment normally.
1967,CARD,Bank_B,0,1,NONE,SUCCESS,16.86,LOW,Continue payment normally.
5372,CARD,Bank_B,1,2,NONE,FAILED,38.4,MEDIUM,"Continue payment, but offer an alternate payment method if it fails."
14494,UPI,Bank_B,1,2,AUTH_ERROR,FAILED,65.78,MEDIUM,Complete authentication and retry the payment.
15182,UPI,Bank_A,0,1,NETWORK_ERROR,FAILED,39.48,MEDIUM,Retry after a short delay or use another payment method.
15627,UPI,Bank_C,0,1,NONE,FAILED,23.98,LOW,Continue payment normally.
10007,UPI,Bank_C,0,1,NONE,SUCCESS,22.51,LOW,Continue payment normally.
18005,NET_BANKING,Bank_A,0,1,NONE,FAILED,16.29,LOW,Continue payment normally.
3332,CARD,Bank_B,0,1,NONE,SUCCESS,15.79,LOW,Continue payment normally.
14900,UPI,Bank_B,0,1,NONE,SUCCESS,15.7,LOW,Continue payment normally.
16820,NET_BANKING,Bank_C,0,1,NONE,FAILED,26.83,LOW,Continue payment normally.
11582,UPI,Bank_A,1,2,NONE,FAILED,31.35,MEDIUM,"Continue payment, but offer an alternate payment method if it fails."
14390,CARD,Bank_A,0,1,NONE,SUCCESS,18.72,LOW,Continue payment normally.
11994,NET_BANKING,Bank_D,1,2,NONE,FAILED,49.38,MEDIUM,"Continue payment, but offer an alternate payment method if it fails."
7877,UPI,Bank_B,0,1,NONE,SUCCESS,11.29,LOW,Continue payment normally.
10693,UPI,Bank_A,0,1,NONE,SUCCESS,15.63,LOW,Continue payment normally.
5297,NET_BANKING,Bank_C,0,1,NONE,SUCCESS,22.59,LOW,Continue payment normally.
2495,NET_BANKING,Bank_B,0,1,BANK_ERROR,FAILED,41.05,MEDIUM,Try another bank or payment method.
16392,UPI,Bank_D,3,4,BANK_ERROR,FAILED,95.93,HIGH,Try another bank or payment method.
11130,CARD,Bank_D,3,4,CARD_DECLINED,SUCCESS,96.43,HIGH,Try UPI or Net Banking instead of the card.
3505,UPI,Bank_D,0,1,NONE,FAILED,15.6,LOW,Continue payment normally.
7874,CARD,Bank_D,2,3,CARD_DECLINED,FAILED,90.5,HIGH,Try UPI or Net Banking instead of the card.
15151,UPI,Bank_A,2,3,NONE,SUCCESS,66.84,MEDIUM,"Continue payment, but offer an alternate payment method if it fails."
17015,UPI,Bank_D,0,1,NONE,FAILED,20.75,LOW,Continue payment normally.
19539,UPI,Bank_A,1,2,BANK_ERROR,FAILED,65.74,MEDIUM,Try another bank or payment method.
12549,UPI,Bank_D,0,1,NONE,SUCCESS,20.92,LOW,Continue payment normally.
17450,CARD,Bank_A,0,1,CARD_DECLINED,FAILED,47.92,MEDIUM,Try UPI or Net Banking instead of the card.
231,CARD,Bank_A,0,1,NONE,SUCCESS,13.54,LOW,Continue payment normally.
4371,UPI,Bank_D,0,1,NONE,SUCCESS,16.15,LOW,Continue payment normally.
7534,CARD,Bank_C,1,2,NONE,SUCCESS,45.85,MEDIUM,"Continue payment, but offer an alternate payment method if it fails."
4133,CARD,Bank_B,0,1,CARD_DECLINED,FAILED,44.14,MEDIUM,Try UPI or Net Banking instead of the card.
8210,NET_BANKING,Bank_B,0,1,NONE,SUCCESS,15.66,LOW,Continue payment normally.
6322,UPI,Bank_D,0,1,NONE,SUCCESS,16.48,LOW,Continue payment normally.
16723,CARD,Bank_D,1,2,AUTH_ERROR,FAILED,82.18,HIGH,Complete authentication and retry the payment.
10598,CARD,Bank_A,1,2,NONE,FAILED,30.83,MEDIUM,"Continue payment, but offer an alternate payment method if it fails."
1722,UPI,Bank_B,0,1,NONE,SUCCESS,13.39,LOW,Continue payment normally.
17145,CARD,Bank_A,0,1,AUTH_ERROR,FAILED,47.05,MEDIUM,Complete authentication and retry the payment.
17861,CARD,Bank_B,0,1,NONE,FAILED,15.56,LOW,Continue payment normally.
19838,UPI,Bank_B,0,1,NONE,SUCCESS,12.97,LOW,Continue payment normally.
2893,CARD,Bank_B,3,4,CARD_DECLINED,FAILED,95.9,HIGH,Try UPI or Net Banking instead of the card.
3771,UPI,Bank_B,0,1,NONE,SUCCESS,15.22,LOW,Continue payment normally.
8452,UPI,Bank_C,1,2,NONE,SUCCESS,41.83,MEDIUM,"Continue payment, but offer an alternate payment method if it fails."
19833,NET_BANKING,Bank_B,0,1,BANK_ERROR,SUCCESS,47.99,MEDIUM,Try another bank or payment method.
6476,UPI,Bank_A,0,1,NONE,SUCCESS,14.77,LOW,Continue payment normally.
6513,UPI,Bank_B,0,1,NONE,SUCCESS,15.03,LOW,Continue payment normally.
11490,UPI,Bank_B,0,1,NONE,SUCCESS,12.39,LOW,Continue payment normally.
16920,CARD,Bank_A,0,1,NONE,SUCCESS,18.21,LOW,Continue payment normally.
5370,CARD,Bank_A,0,1,CARD_DECLINED,FAILED,43.61,MEDIUM,Try UPI or Net Banking instead of the card.
14832,CARD,Bank_B,1,2,NONE,SUCCESS,35.14,MEDIUM,"Continue payment, but offer an alternate payment method if it fails."
8909,NET_BANKING,Bank_C,0,1,NETWORK_ERROR,SUCCESS,56.27,MEDIUM,Retry after a short delay or use another payment method.
3954,UPI,Bank_A,2,3,NETWORK_ERROR,FAILED,87.36,HIGH,Retry after a short delay or use another payment method.
15037,UPI,Bank_C,0,1,NONE,SUCCESS,20.36,LOW,Continue payment normally.
11016,NET_BANKING,Bank_B,0,1,NONE,SUCCESS,15.07,LOW,Continue payment normally.
14225,UPI,Bank_A,0,1,NONE,SUCCESS,14.34,LOW,Continue payment normally.
12831,CARD,Bank_C,1,2,NONE,SUCCESS,47.83,MEDIUM,"Continue payment, but offer an alternate payment method if it fails."
15899,UPI,Bank_B,0,1,NONE,SUCCESS,16.72,LOW,Continue payment normally.
2775,UPI,Bank_B,0,1,NONE,SUCCESS,13.55,LOW,Continue payment normally.
11126,UPI,Bank_C,1,2,AUTH_ERROR,FAILED,75.9,HIGH,Complete authentication and retry the payment.
15252,UPI,Bank_B,0,1,BANK_ERROR,FAILED,42.49,MEDIUM,Try another bank or payment method.
18220,CARD,Bank_C,0,1,NONE,SUCCESS,31.17,MEDIUM,"Continue payment, but offer an alternate payment method if it fails."
11743,UPI,Bank_C,1,2,NONE,SUCCESS,48.22,MEDIUM,"Continue payment, but offer an alternate payment method if it fails."
11486,UPI,Bank_C,2,3,BANK_ERROR,FAILED,89.52,HIGH,Try another bank or payment method.
16512,UPI,Bank_A,0,1,NONE,SUCCESS,12.64,LOW,Continue payment normally.
5528,CARD,Bank_C,0,1,CARD_DECLINED,SUCCESS,52.35,MEDIUM,Try UPI or Net Banking instead of the card.
11432,UPI,Bank_C,1,2,AUTH_ERROR,SUCCESS,73.29,HIGH,Complete authentication and retry the payment.
5385,UPI,Bank_A,0,1,NONE,FAILED,14.44,LOW,Continue payment normally.
2469,CARD,Bank_B,1,2,AUTH_ERROR,FAILED,68.55,MEDIUM,Complete authentication and retry the payment.
9557,UPI,Bank_A,3,4,NETWORK_ERROR,FAILED,94.18,HIGH,Retry after a short delay or use another payment method.
10518,CARD,Bank_C,0,1,CARD_DECLINED,SUCCESS,58.84,MEDIUM,Try UPI or Net Banking instead of the card.
2367,UPI,Bank_A,0,1,NONE,SUCCESS,13.99,LOW,Continue payment normally.
13362,UPI,Bank_D,0,1,NONE,SUCCESS,19.05,LOW,Continue payment normally.
19119,CARD,Bank_B,0,1,NETWORK_ERROR,SUCCESS,51.22,MEDIUM,Retry after a short delay or use another payment method.
3562,NET_BANKING,Bank_C,0,1,NONE,SUCCESS,23.34,LOW,Continue payment normally.
11358,CARD,Bank_B,0,1,NONE,FAILED,19.93,LOW,Continue payment normally.
19169,UPI,Bank_B,0,1,NONE,SUCCESS,14.34,LOW,Continue payment normally.
9830,UPI,Bank_A,0,1,NONE,SUCCESS,12.82,LOW,Continue payment normally.
10533,NET_BANKING,Bank_A,0,1,NONE,SUCCESS,16.38,LOW,Continue payment normally.
9597,UPI,Bank_B,1,2,BANK_ERROR,FAILED,63.92,MEDIUM,Try another bank or payment method.
7920,CARD,Bank_C,0,1,NONE,SUCCESS,24.96,LOW,Continue payment normally.
3212,CARD,Bank_C,0,1,NONE,SUCCESS,21.73,LOW,Continue payment normally.
4105,CARD,Bank_A,2,3,AUTH_ERROR,FAILED,87.93,HIGH,Complete authentication and retry the payment.
2574,UPI,Bank_A,0,1,NONE,SUCCESS,12.06,LOW,Continue payment normally.
1404,UPI,Bank_B,0,1,NONE,SUCCESS,12.13,LOW,Continue payment normally.
10013,UPI,Bank_C,1,2,NONE,SUCCESS,40.78,MEDIUM,"Continue payment, but offer an alternate payment method if it fails."
13675,UPI,Bank_B,0,1,BANK_ERROR,SUCCESS,37.89,MEDIUM,Try another bank or payment method.
225,UPI,Bank_C,1,2,NONE,FAILED,42.95,MEDIUM,"Continue payment, but offer an alternate payment method if it fails."
6718,UPI,Bank_B,1,2,NONE,FAILED,32.59,MEDIUM,"Continue payment, but offer an alternate payment method if it fails."
19464,CARD,Bank_B,2,3,CARD_DECLINED,FAILED,88.55,HIGH,Try UPI or Net Banking instead of the card.
4643,CARD,Bank_B,0,1,NONE,SUCCESS,18.94,LOW,Continue payment normally.
5444,UPI,Bank_C,1,2,BANK_ERROR,FAILED,70.41,HIGH,Try another bank or payment method.
12616,UPI,Bank_B,1,2,NONE,SUCCESS,37.75,MEDIUM,"Continue payment, but offer an alternate payment method if it fails."
9832,CARD,Bank_A,0,1,NONE,SUCCESS,15.71,LOW,Continue payment normally.
4431,CARD,Bank_D,1,2,NONE,SUCCESS,38.48,MEDIUM,"Continue payment, but offer an alternate payment method if it fails."
19723,UPI,Bank_A,0,1,NONE,SUCCESS,15.77,LOW,Continue payment normally.
9792,UPI,Bank_C,0,1,NONE,SUCCESS,19.13,LOW,Continue payment normally.
8963,UPI,Bank_A,1,2,NETWORK_ERROR,SUCCESS,64.13,MEDIUM,Retry after a short delay or use another payment method.
11858,CARD,Bank_B,0,1,NONE,SUCCESS,18.1,LOW,Continue payment normally.
8492,NET_BANKING,Bank_B,1,2,NONE,SUCCESS,34.36,MEDIUM,"Continue payment, but offer an alternate payment method if it fails."
15246,UPI,Bank_B,0,1,NONE,SUCCESS,15.34,LOW,Continue payment normally.
8486,UPI,Bank_A,0,1,NONE,SUCCESS,14.11,LOW,Continue payment normally.
1878,UPI,Bank_D,0,1,NETWORK_ERROR,SUCCESS,44.22,MEDIUM,Retry after a short delay or use another payment method.
16256,NET_BANKING,Bank_C,0,1,NONE,FAILED,21.81,LOW,Continue payment normally.
15421,CARD,Bank_C,0,1,NONE,FAILED,26.34,LOW,Continue payment normally.
16042,NET_BANKING,Bank_C,3,4,BANK_ERROR,FAILED,97.1,HIGH,Try another bank or payment method.
9626,UPI,Bank_C,0,1,NONE,SUCCESS,19.59,LOW,Continue payment normally.
608,UPI,Bank_D,1,2,AUTH_ERROR,SUCCESS,74.17,HIGH,Complete authentication and retry the payment.
9637,NET_BANKING,Bank_A,0,1,NONE,SUCCESS,18.5,LOW,Continue payment normally.
10450,CARD,Bank_C,0,1,CARD_DECLINED,FAILED,56.9,MEDIUM,Try UPI or Net Banking instead of the card.
1733,UPI,Bank_C,0,1,AUTH_ERROR,FAILED,48.1,MEDIUM,Complete authentication and retry the payment.
7470,UPI,Bank_C,0,1,NONE,SUCCESS,22.29,LOW,Continue payment normally.
7920,CARD,Bank_B,0,1,CARD_DECLINED,FAILED,41.41,MEDIUM,Try UPI or Net Banking instead of the card.
16668,UPI,Bank_B,0,1,NONE,FAILED,12.9,LOW,Continue payment normally.
10719,NET_BANKING,Bank_C,1,2,NETWORK_ERROR,FAILED,81.94,HIGH,Retry after a short delay or use another payment method.
10306,UPI,Bank_C,1,2,NETWORK_ERROR,SUCCESS,77.36,HIGH,Retry after a short delay or use another payment method.
19419,UPI,Bank_B,0,1,NONE,SUCCESS,12.39,LOW,Continue payment normally.
9036,UPI,Bank_A,0,1,NONE,SUCCESS,14.76,LOW,Continue payment normally.
3344,CARD,Bank_A,0,1,NONE,SUCCESS,11.85,LOW,Continue payment normally.
15516,UPI,Bank_D,1,2,NONE,SUCCESS,41.96,MEDIUM,"Continue payment, but offer an alternate payment method if it fails."
13332,UPI,Bank_D,0,1,NONE,SUCCESS,19.31,LOW,Continue payment normally.
13385,UPI,Bank_D,1,2,BANK_ERROR,FAILED,68.07,MEDIUM,Try another bank or payment method.
12365,NET_BANKING,Bank_D,0,1,NONE,FAILED,21.6,LOW,Continue payment normally.
19117,CARD,Bank_D,2,3,CARD_DECLINED,FAILED,88.67,HIGH,Try UPI or Net Banking instead of the card.
15574,UPI,Bank_A,0,1,NONE,SUCCESS,14.93,LOW,Continue payment normally.
8538,UPI,Bank_A,0,1,NONE,FAILED,17.21,LOW,Continue payment normally.
15564,UPI,Bank_D,0,1,BANK_ERROR,SUCCESS,48.81,MEDIUM,Try another bank or payment method.
11340,NET_BANKING,Bank_D,0,1,NONE,SUCCESS,17.25,LOW,Continue payment normally.
5017,UPI,Bank_B,1,2,NETWORK_ERROR,FAILED,65.32,MEDIUM,Retry after a short delay or use another payment method.
968,NET_BANKING,Bank_B,1,2,BANK_ERROR,FAILED,66.51,MEDIUM,Try another bank or payment method.
3373,CARD,Bank_C,2,3,CARD_DECLINED,FAILED,90.45,HIGH,Try UPI or Net Banking instead of the card.
9796,UPI,Bank_D,0,1,NONE,SUCCESS,16.38,LOW,Continue payment normally.
12909,UPI,Bank_A,1,2,NONE,SUCCESS,34.47,MEDIUM,"Continue payment, but offer an alternate payment method if it fails."
8556,CARD,Bank_A,3,4,CARD_DECLINED,FAILED,95.02,HIGH,Try UPI or Net Banking instead of the card.
8828,UPI,Bank_D,2,3,AUTH_ERROR,FAILED,88.05,HIGH,Complete authentication and retry the payment.
715,NET_BANKING,Bank_D,3,4,AUTH_ERROR,FAILED,96.08,HIGH,Complete authentication and retry the payment.
19844,NET_BANKING,Bank_D,0,1,NETWORK_ERROR,FAILED,55.21,MEDIUM,Retry after a short delay or use another payment method.
12442,NET_BANKING,Bank_A,0,1,NONE,SUCCESS,19.99,LOW,Continue payment normally.
14082,UPI,Bank_A,0,1,NONE,FAILED,15.32,LOW,Continue payment normally.
10233,NET_BANKING,Bank_A,0,1,NETWORK_ERROR,SUCCESS,36.92,MEDIUM,Retry after a short delay or use another payment method.
11065,UPI,Bank_D,0,1,NONE,SUCCESS,16.8,LOW,Continue payment normally.
5512,CARD,Bank_A,2,3,CARD_DECLINED,FAILED,87.44,HIGH,Try UPI or Net Banking instead of the card.
9132,UPI,Bank_A,1,2,NONE,SUCCESS,35.61,MEDIUM,"Continue payment, but offer an alternate payment method if it fails."
2088,UPI,Bank_C,0,1,NONE,SUCCESS,20.16,LOW,Continue payment normally.
11628,UPI,Bank_B,0,1,NONE,SUCCESS,14.8,LOW,Continue payment normally.
4412,CARD,Bank_D,2,3,NETWORK_ERROR,FAILED,87.83,HIGH,Retry after a short delay or use another payment method.
19165,CARD,Bank_B,0,1,AUTH_ERROR,SUCCESS,44.63,MEDIUM,Complete authentication and retry the payment.
6797,CARD,Bank_C,1,2,NONE,FAILED,51.15,MEDIUM,"Continue payment, but offer an alternate payment method if it fails."
2502,NET_BANKING,Bank_C,0,1,NONE,FAILED,20.45,LOW,Continue payment normally.
4675,UPI,Bank_C,0,1,NETWORK_ERROR,SUCCESS,48.53,MEDIUM,Retry after a short delay or use another payment method.
18861,UPI,Bank_A,0,1,NONE,FAILED,14.44,LOW,Continue payment normally.
2507,CARD,Bank_A,0,1,NONE,SUCCESS,16.26,LOW,Continue payment normally.
19644,UPI,Bank_D,1,2,NETWORK_ERROR,FAILED,73.9,HIGH,Retry after a short delay or use another payment method.
7482,UPI,Bank_A,0,1,AUTH_ERROR,FAILED,44.59,MEDIUM,Complete authentication and retry the payment.
13833,CARD,Bank_A,0,1,NONE,SUCCESS,17.9,LOW,Continue payment normally.
12964,NET_BANKING,Bank_C,0,1,NETWORK_ERROR,FAILED,57.83,MEDIUM,Retry after a short delay or use another payment method.
12374,NET_BANKING,Bank_A,1,2,AUTH_ERROR,FAILED,71.79,HIGH,Complete authentication and retry the payment.
11730,CARD,Bank_A,0,1,NONE,SUCCESS,17.77,LOW,Continue payment normally.
12368,CARD,Bank_C,0,1,NONE,SUCCESS,25.63,LOW,Continue payment normally.
12578,NET_BANKING,Bank_B,0,1,NONE,SUCCESS,16.79,LOW,Continue payment normally.
18452,CARD,Bank_A,1,2,NETWORK_ERROR,FAILED,76.25,HIGH,Retry after a short delay or use another payment method.
12096,UPI,Bank_C,1,2,NETWORK_ERROR,FAILED,79.34,HIGH,Retry after a short delay or use another payment method.
7160,CARD,Bank_B,0,1,CARD_DECLINED,FAILED,45.44,MEDIUM,Try UPI or Net Banking instead of the card.
8031,UPI,Bank_A,0,1,NONE,SUCCESS,14.61,LOW,Continue payment normally.
12797,UPI,Bank_D,0,1,NONE,SUCCESS,19.93,LOW,Continue payment normally.
16838,UPI,Bank_C,0,1,NETWORK_ERROR,FAILED,56.36,MEDIUM,Retry after a short delay or use another payment method.
11896,UPI,Bank_C,0,1,NONE,SUCCESS,21.28,LOW,Continue payment normally.
3094,CARD,Bank_C,2,3,CARD_DECLINED,FAILED,90.43,HIGH,Try UPI or Net Banking instead of the card.
12196,CARD,Bank_D,1,2,CARD_DECLINED,FAILED,74.69,HIGH,Try UPI or Net Banking instead of the card.
16594,UPI,Bank_A,1,2,NONE,SUCCESS,31.64,MEDIUM,"Continue payment, but offer an alternate payment method if it fails."
18556,NET_BANKING,Bank_C,0,1,NETWORK_ERROR,SUCCESS,57.9,MEDIUM,Retry after a short delay or use another payment method.
16711,CARD,Bank_D,1,2,CARD_DECLINED,SUCCESS,74.21,HIGH,Try UPI or Net Banking instead of the card.
18731,UPI,Bank_A,2,3,NETWORK_ERROR,FAILED,89.47,HIGH,Retry after a short delay or use another payment method.
12290,CARD,Bank_A,3,4,NONE,SUCCESS,83.56,HIGH,"Continue payment, but offer an alternate payment method if it fails."
5051,NET_BANKING,Bank_A,2,3,AUTH_ERROR,FAILED,89.4,HIGH,Complete authentication and retry the payment.
5355,UPI,Bank_D,2,3,NETWORK_ERROR,SUCCESS,87.61,HIGH,Retry after a short delay or use another payment method.
11256,UPI,Bank_B,0,1,NONE,SUCCESS,14.94,LOW,Continue payment normally.
4918,NET_BANKING,Bank_A,1,2,NETWORK_ERROR,SUCCESS,66.89,MEDIUM,Retry after a short delay or use another payment method.
6928,CARD,Bank_C,0,1,CARD_DECLINED,SUCCESS,53.58,MEDIUM,Try UPI or Net Banking instead of the card.
3740,UPI,Bank_B,0,1,NONE,SUCCESS,13.3,LOW,Continue payment normally.
1164,CARD,Bank_B,0,1,NONE,SUCCESS,15.87,LOW,Continue payment normally.
18964,NET_BANKING,Bank_D,0,1,NONE,SUCCESS,22.67,LOW,Continue payment normally.
5177,NET_BANKING,Bank_B,2,3,BANK_ERROR,FAILED,85.23,HIGH,Try another bank or payment method.
11188,UPI,Bank_A,2,3,BANK_ERROR,SUCCESS,83.9,HIGH,Try another bank or payment method.
2009,CARD,Bank_A,0,1,NONE,SUCCESS,15.53,LOW,Continue payment normally.
14931,CARD,Bank_B,0,1,NONE,SUCCESS,18.63,LOW,Continue payment normally.
19978,UPI,Bank_C,0,1,BANK_ERROR,SUCCESS,57.14,MEDIUM,Try another bank or payment method.
13183,CARD,Bank_A,0,1,CARD_DECLINED,SUCCESS,43.55,MEDIUM,Try UPI or Net Banking instead of the card.
2298,UPI,Bank_A,0,1,NONE,SUCCESS,12.72,LOW,Continue payment normally.
6313,NET_BANKING,Bank_B,1,2,NONE,SUCCESS,37.04,MEDIUM,"Continue payment, but offer an alternate payment method if it fails."
16117,CARD,Bank_C,0,1,NONE,SUCCESS,21.64,LOW,Continue payment normally.
8084,CARD,Bank_A,1,2,NONE,SUCCESS,34.64,MEDIUM,"Continue payment, but offer an alternate payment method if it fails."
8225,UPI,Bank_D,0,1,AUTH_ERROR,SUCCESS,49.61,MEDIUM,Complete authentication and retry the payment.
16638,CARD,Bank_A,0,1,NONE,SUCCESS,19.6,LOW,Continue payment normally.
14621,UPI,Bank_A,0,1,NONE,SUCCESS,13.65,LOW,Continue payment normally.
9188,NET_BANKING,Bank_A,1,2,NONE,FAILED,30.02,MEDIUM,"Continue payment, but offer an alternate payment method if it fails."
13965,UPI,Bank_C,0,1,NONE,SUCCESS,25.09,LOW,Continue payment normally.
2782,CARD,Bank_B,2,3,NONE,FAILED,65.11,MEDIUM,"Continue payment, but offer an alternate payment method if it fails."
1844,UPI,Bank_A,0,1,NONE,SUCCESS,12.49,LOW,Continue payment normally.
5865,CARD,Bank_C,0,1,NONE,FAILED,26.27,LOW,Continue payment normally.
1364,CARD,Bank_D,1,2,CARD_DECLINED,SUCCESS,72.52,HIGH,Try UPI or Net Banking instead of the card.
4931,UPI,Bank_C,1,2,NONE,SUCCESS,40.85,MEDIUM,"Continue payment, but offer an alternate payment method if it fails."
1474,UPI,Bank_A,0,1,NONE,SUCCESS,14.24,LOW,Continue payment normally.
14691,UPI,Bank_C,1,2,NONE,FAILED,44.4,MEDIUM,"Continue payment, but offer an alternate payment method if it fails."
15514,NET_BANKING,Bank_A,0,1,NETWORK_ERROR,FAILED,44.04,MEDIUM,Retry after a short delay or use another payment method.
12720,UPI,Bank_C,0,1,NONE,FAILED,20.17,LOW,Continue payment normally.
11977,CARD,Bank_B,0,1,NONE,SUCCESS,14.48,LOW,Continue payment normally.
10427,CARD,Bank_C,0,1,NONE,SUCCESS,24.05,LOW,Continue payment normally.
15302,CARD,Bank_D,0,1,CARD_DECLINED,SUCCESS,56.01,MEDIUM,Try UPI or Net Banking instead of the card.
19029,NET_BANKING,Bank_A,0,1,NONE,SUCCESS,20.98,LOW,Continue payment normally.
4280,UPI,Bank_C,0,1,BANK_ERROR,FAILED,49.01,MEDIUM,Try another bank or payment method.
9713,CARD,Bank_B,1,2,NETWORK_ERROR,FAILED,66.27,MEDIUM,Retry after a short delay or use another payment method.
11317,UPI,Bank_B,0,1,NONE,SUCCESS,15.77,LOW,Continue payment normally.
1864,CARD,Bank_A,0,1,CARD_DECLINED,FAILED,41.08,MEDIUM,Try UPI or Net Banking instead of the card.
6012,UPI,Bank_C,0,1,NONE,SUCCESS,16.84,LOW,Continue payment normally.
6185,CARD,Bank_B,0,1,AUTH_ERROR,FAILED,40.16,MEDIUM,Complete authentication and retry the payment.
3896,UPI,Bank_A,0,1,NONE,SUCCESS,13.66,LOW,Continue payment normally.
4740,UPI,Bank_A,0,1,NONE,SUCCESS,15.33,LOW,Continue payment normally.
6571,UPI,Bank_D,0,1,NONE,SUCCESS,17.85,LOW,Continue payment normally.
10436,CARD,Bank_B,0,1,NETWORK_ERROR,SUCCESS,45.57,MEDIUM,Retry after a short delay or use another payment method.
14291,UPI,Bank_A,0,1,NONE,SUCCESS,12.7,LOW,Continue payment normally.
1073,UPI,Bank_B,0,1,NONE,SUCCESS,15.04,LOW,Continue payment normally.
10045,UPI,Bank_D,1,2,NONE,SUCCESS,36.32,MEDIUM,"Continue payment, but offer an alternate payment method if it fails."
15505,UPI,Bank_A,3,4,NETWORK_ERROR,SUCCESS,95.77,HIGH,Retry after a short delay or use another payment method.
7181,UPI,Bank_A,0,1,NONE,SUCCESS,15.71,LOW,Continue payment normally.
18612,UPI,Bank_D,1,2,NONE,SUCCESS,41.7,MEDIUM,"Continue payment, but offer an alternate payment method if it fails."
17399,UPI,Bank_D,0,1,NONE,SUCCESS,18.36,LOW,Continue payment normally.
19742,CARD,Bank_D,0,1,NONE,SUCCESS,20.51,LOW,Continue payment normally.
3932,UPI,Bank_A,2,3,NETWORK_ERROR,SUCCESS,84.11,HIGH,Retry after a short delay or use another payment method.
10133,UPI,Bank_B,0,1,NONE,SUCCESS,14.4,LOW,Continue payment normally.
10133,CARD,Bank_B,0,1,NONE,SUCCESS,14.6,LOW,Continue payment normally.
10382,CARD,Bank_C,0,1,CARD_DECLINED,FAILED,56.11,MEDIUM,Try UPI or Net Banking instead of the card.
11837,UPI,Bank_C,0,1,NONE,FAILED,20.24,LOW,Continue payment normally.
7450,CARD,Bank_C,2,3,NETWORK_ERROR,FAILED,90.58,HIGH,Retry after a short delay or use another payment method.
2686,UPI,Bank_A,0,1,NONE,SUCCESS,11.28,LOW,Continue payment normally.
3086,CARD,Bank_B,0,1,NONE,SUCCESS,12.7,LOW,Continue payment normally.
2966,UPI,Bank_D,0,1,NONE,SUCCESS,15.33,LOW,Continue payment normally.
19045,NET_BANKING,Bank_B,0,1,BANK_ERROR,SUCCESS,48.96,MEDIUM,Try another bank or payment method.
18111,UPI,Bank_D,0,1,BANK_ERROR,FAILED,43.32,MEDIUM,Try another bank or payment method.
5288,UPI,Bank_D,0,1,NONE,SUCCESS,16.95,LOW,Continue payment normally.
181,NET_BANKING,Bank_B,0,1,AUTH_ERROR,SUCCESS,47.52,MEDIUM,Complete authentication and retry the payment.
13443,UPI,Bank_D,0,1,AUTH_ERROR,SUCCESS,51.14,MEDIUM,Complete authentication and retry the payment.
14344,UPI,Bank_B,0,1,NETWORK_ERROR,SUCCESS,38.97,MEDIUM,Retry after a short delay or use another payment method.
6254,CARD,Bank_C,2,3,CARD_DECLINED,FAILED,88.57,HIGH,Try UPI or Net Banking instead of the card.
9006,UPI,Bank_D,1,2,NONE,FAILED,40.51,MEDIUM,"Continue payment, but offer an alternate payment method if it fails."
13581,CARD,Bank_A,0,1,NONE,FAILED,18.56,LOW,Continue payment normally.
18483,NET_BANKING,Bank_D,0,1,NONE,SUCCESS,20.43,LOW,Continue payment normally.
6883,NET_BANKING,Bank_D,0,1,NONE,FAILED,19.52,LOW,Continue payment normally.
15711,CARD,Bank_A,2,3,AUTH_ERROR,SUCCESS,88.69,HIGH,Complete authentication and retry the payment.
18777,UPI,Bank_C,0,1,NONE,SUCCESS,22.42,LOW,Continue payment normally.
9313,UPI,Bank_B,0,1,NONE,SUCCESS,12.81,LOW,Continue payment normally.
2085,NET_BANKING,Bank_C,2,3,BANK_ERROR,FAILED,90.6,HIGH,Try another bank or payment method.
2098,UPI,Bank_C,0,1,NONE,SUCCESS,20.67,LOW,Continue payment normally.
111,UPI,Bank_A,1,2,NONE,SUCCESS,29.82,LOW,Continue payment normally.
771,CARD,Bank_A,1,2,NONE,SUCCESS,30.38,MEDIUM,"Continue payment, but offer an alternate payment method if it fails."
11675,CARD,Bank_A,1,2,CARD_DECLINED,SUCCESS,68.76,MEDIUM,Try UPI or Net Banking instead of the card.
2945,NET_BANKING,Bank_A,0,1,NONE,FAILED,16.9,LOW,Continue payment normally.
3183,UPI,Bank_B,0,1,NONE,SUCCESS,12.36,LOW,Continue payment normally.
16654,NET_BANKING,Bank_C,0,1,NONE,SUCCESS,27.75,LOW,Continue payment normally.
11656,CARD,Bank_C,0,1,CARD_DECLINED,SUCCESS,51.8,MEDIUM,Try UPI or Net Banking instead of the card.
7466,CARD,Bank_B,2,3,CARD_DECLINED,FAILED,85.73,HIGH,Try UPI or Net Banking instead of the card.
10261,UPI,Bank_B,0,1,NONE,SUCCESS,13.46,LOW,Continue payment normally.
14719,UPI,Bank_B,1,2,NONE,SUCCESS,34.37,MEDIUM,"Continue payment, but offer an alternate payment method if it fails."
17142,CARD,Bank_C,0,1,CARD_DECLINED,FAILED,58.47,MEDIUM,Try UPI or Net Banking instead of the card.
19209,UPI,Bank_A,0,1,NONE,SUCCESS,15.71,LOW,Continue payment normally.
16408,UPI,Bank_C,0,1,NONE,FAILED,21.38,LOW,Continue payment normally.
6751,CARD,Bank_D,0,1,NETWORK_ERROR,SUCCESS,53.12,MEDIUM,Retry after a short delay or use another payment method.
11462,UPI,Bank_A,0,1,NETWORK_ERROR,SUCCESS,41.45,MEDIUM,Retry after a short delay or use another payment method.
19191,UPI,Bank_A,0,1,NONE,FAILED,18.35,LOW,Continue payment normally.
2478,UPI,Bank_B,0,1,NONE,SUCCESS,15.87,LOW,Continue payment normally.
10443,UPI,Bank_B,0,1,NONE,FAILED,14.63,LOW,Continue payment normally.
9280,CARD,Bank_B,0,1,NETWORK_ERROR,FAILED,51.08,MEDIUM,Retry after a short delay or use another payment method.
12832,UPI,Bank_B,3,4,BANK_ERROR,FAILED,94.37,HIGH,Try another bank or payment method.
4410,UPI,Bank_A,0,1,NONE,FAILED,13.91,LOW,Continue payment normally.
12546,UPI,Bank_A,3,4,BANK_ERROR,FAILED,94.66,HIGH,Try another bank or payment method.
15210,CARD,Bank_C,3,4,CARD_DECLINED,FAILED,96.79,HIGH,Try UPI or Net Banking instead of the card.
7411,CARD,Bank_A,1,2,NONE,FAILED,37.02,MEDIUM,"Continue payment, but offer an alternate payment method if it fails."
7792,UPI,Bank_B,2,3,NETWORK_ERROR,FAILED,83.95,HIGH,Retry after a short delay or use another payment method.
18960,CARD,Bank_D,2,3,NETWORK_ERROR,FAILED,93.0,HIGH,Retry after a short delay or use another payment method.
4768,UPI,Bank_A,0,1,NONE,SUCCESS,14.52,LOW,Continue payment normally.
5777,CARD,Bank_B,0,1,NONE,SUCCESS,15.36,LOW,Continue payment normally.
7546,UPI,Bank_B,0,1,NONE,SUCCESS,14.4,LOW,Continue payment normally.
1174,UPI,Bank_A,0,1,NONE,SUCCESS,10.48,LOW,Continue payment normally.
9473,UPI,Bank_B,0,1,BANK_ERROR,SUCCESS,39.7,MEDIUM,Try another bank or payment method.
19540,UPI,Bank_B,0,1,BANK_ERROR,FAILED,43.75,MEDIUM,Try another bank or payment method.
14284,UPI,Bank_A,0,1,NONE,SUCCESS,13.6,LOW,Continue payment normally.
19755,UPI,Bank_C,2,3,NETWORK_ERROR,SUCCESS,92.09,HIGH,Retry after a short delay or use another payment method.
8335,CARD,Bank_A,1,2,AUTH_ERROR,FAILED,67.25,MEDIUM,Complete authentication and retry the payment.
5480,UPI,Bank_B,2,3,BANK_ERROR,FAILED,82.81,HIGH,Try another bank or payment method.
3426,CARD,Bank_B,0,1,NONE,SUCCESS,12.92,LOW,Continue payment normally.
15454,NET_BANKING,Bank_A,1,2,NETWORK_ERROR,FAILED,70.86,HIGH,Retry after a short delay or use another payment method.
15835,CARD,Bank_A,0,1,NONE,SUCCESS,15.42,LOW,Continue payment normally.
14008,NET_BANKING,Bank_B,1,2,NONE,SUCCESS,33.73,MEDIUM,"Continue payment, but offer an alternate payment method if it fails."
19824,CARD,Bank_C,0,1,NONE,SUCCESS,30.93,MEDIUM,"Continue payment, but offer an alternate payment method if it fails."
3831,UPI,Bank_A,0,1,NONE,SUCCESS,13.65,LOW,Continue payment normally.
2164,NET_BANKING,Bank_A,0,1,NONE,SUCCESS,16.1,LOW,Continue payment normally.
16707,UPI,Bank_D,0,1,NONE,FAILED,20.93,LOW,Continue payment normally.
9397,CARD,Bank_B,1,2,NONE,SUCCESS,31.29,MEDIUM,"Continue payment, but offer an alternate payment method if it fails."
12379,CARD,Bank_C,2,3,AUTH_ERROR,FAILED,93.12,HIGH,Complete authentication and retry the payment.
10185,UPI,Bank_C,0,1,NONE,SUCCESS,21.21,LOW,Continue payment normally.
19946,UPI,Bank_C,0,1,NONE,SUCCESS,27.05,LOW,Continue payment normally.
3788,CARD,Bank_D,0,1,NETWORK_ERROR,SUCCESS,53.82,MEDIUM,Retry after a short delay or use another payment method.
6863,NET_BANKING,Bank_A,0,1,NONE,SUCCESS,15.38,LOW,Continue payment normally.
1387,NET_BANKING,Bank_C,0,1,AUTH_ERROR,FAILED,56.85,MEDIUM,Complete authentication and retry the payment.
10663,UPI,Bank_D,1,2,BANK_ERROR,FAILED,74.17,HIGH,Try another bank or payment method.
12155,NET_BANKING,Bank_D,1,2,NETWORK_ERROR,FAILED,74.27,HIGH,Retry after a short delay or use another payment method.
11714,CARD,Bank_D,0,1,NONE,FAILED,20.0,LOW,Continue payment normally.
11689,CARD,Bank_B,0,1,AUTH_ERROR,FAILED,52.22,MEDIUM,Complete authentication and retry the payment.
3036,UPI,Bank_A,0,1,NONE,SUCCESS,16.11,LOW,Continue payment normally.
13075,UPI,Bank_B,1,2,NONE,FAILED,36.77,MEDIUM,"Continue payment, but offer an alternate payment method if it fails."
11783,CARD,Bank_B,0,1,NONE,SUCCESS,16.28,LOW,Continue payment normally.
563,UPI,Bank_B,1,2,NONE,FAILED,29.04,LOW,Continue payment normally.
6379,UPI,Bank_D,3,4,NONE,SUCCESS,82.85,HIGH,"Continue payment, but offer an alternate payment method if it fails."
10448,CARD,Bank_C,0,1,NONE,SUCCESS,22.38,LOW,Continue payment normally.
3520,NET_BANKING,Bank_D,1,2,NONE,SUCCESS,40.34,MEDIUM,"Continue payment, but offer an alternate payment method if it fails."
14026,UPI,Bank_B,1,2,NONE,SUCCESS,36.67,MEDIUM,"Continue payment, but offer an alternate payment method if it fails."
15796,UPI,Bank_B,0,1,NONE,SUCCESS,14.05,LOW,Continue payment normally.
15895,CARD,Bank_B,0,1,NONE,FAILED,19.28,LOW,Continue payment normally.
9213,CARD,Bank_A,1,2,CARD_DECLINED,FAILED,68.81,MEDIUM,Try UPI or Net Banking instead of the card.
18123,UPI,Bank_B,0,1,NONE,SUCCESS,13.64,LOW,Continue payment normally.
13691,UPI,Bank_A,0,1,NONE,SUCCESS,14.28,LOW,Continue payment normally.
4308,CARD,Bank_D,0,1,NONE,SUCCESS,16.59,LOW,Continue payment normally.
458,CARD,Bank_B,1,2,AUTH_ERROR,SUCCESS,66.69,MEDIUM,Complete authentication and retry the payment.
19430,UPI,Bank_B,2,3,NONE,SUCCESS,61.26,MEDIUM,"Continue payment, but offer an alternate payment method if it fails."
15763,NET_BANKING,Bank_A,0,1,NONE,SUCCESS,14.72,LOW,Continue payment normally.
11914,UPI,Bank_B,0,1,NONE,SUCCESS,13.51,LOW,Continue payment normally.
7805,CARD,Bank_C,0,1,NONE,SUCCESS,21.85,LOW,Continue payment normally.
12162,UPI,Bank_C,2,3,NETWORK_ERROR,FAILED,89.67,HIGH,Retry after a short delay or use another payment method.
10143,NET_BANKING,Bank_A,0,1,NONE,SUCCESS,15.07,LOW,Continue payment normally.
10406,CARD,Bank_B,2,3,CARD_DECLINED,FAILED,88.27,HIGH,Try UPI or Net Banking instead of the card.
1176,UPI,Bank_B,0,1,NONE,SUCCESS,11.46,LOW,Continue payment normally.
11547,CARD,Bank_A,0,1,CARD_DECLINED,SUCCESS,47.75,MEDIUM,Try UPI or Net Banking instead of the card.
7380,UPI,Bank_B,0,1,NONE,SUCCESS,15.16,LOW,Continue payment normally.
16895,CARD,Bank_B,0,1,NONE,SUCCESS,14.05,LOW,Continue payment normally.
11414,NET_BANKING,Bank_A,0,1,NONE,FAILED,18.32,LOW,Continue payment normally.
1773,UPI,Bank_A,0,1,NONE,SUCCESS,12.14,LOW,Continue payment normally.
17907,UPI,Bank_A,0,1,NONE,SUCCESS,16.14,LOW,Continue payment normally.
15421,NET_BANKING,Bank_D,0,1,NONE,SUCCESS,22.2,LOW,Continue payment normally.
10296,UPI,Bank_A,0,1,NONE,SUCCESS,14.55,LOW,Continue payment normally.
6934,UPI,Bank_B,0,1,NONE,SUCCESS,12.85,LOW,Continue payment normally.
16996,UPI,Bank_A,0,1,NETWORK_ERROR,FAILED,46.53,MEDIUM,Retry after a short delay or use another payment method.
16993,UPI,Bank_B,0,1,NONE,SUCCESS,14.8,LOW,Continue payment normally.
2372,UPI,Bank_B,0,1,NONE,FAILED,12.94,LOW,Continue payment normally.
6296,UPI,Bank_B,0,1,NONE,SUCCESS,12.77,LOW,Continue payment normally.
14816,UPI,Bank_D,0,1,NETWORK_ERROR,SUCCESS,46.79,MEDIUM,Retry after a short delay or use another payment method.
16292,CARD,Bank_A,1,2,NONE,SUCCESS,36.49,MEDIUM,"Continue payment, but offer an alternate payment method if it fails."
881,UPI,Bank_D,0,1,NONE,SUCCESS,18.25,LOW,Continue payment normally.
5857,UPI,Bank_D,0,1,NONE,SUCCESS,20.9,LOW,Continue payment normally.
10567,CARD,Bank_A,0,1,NONE,FAILED,16.48,LOW,Continue payment normally.
1022,CARD,Bank_A,3,4,CARD_DECLINED,FAILED,94.96,HIGH,Try UPI or Net Banking instead of the card.
17565,CARD,Bank_B,0,1,NONE,SUCCESS,17.48,LOW,Continue payment normally.
6193,UPI,Bank_D,1,2,NONE,FAILED,44.28,MEDIUM,"Continue payment, but offer an alternate payment method if it fails."
490,CARD,Bank_D,1,2,CARD_DECLINED,FAILED,70.72,HIGH,Try UPI or Net Banking instead of the card.
8059,CARD,Bank_A,0,1,NONE,SUCCESS,14.85,LOW,Continue payment normally.
11037,UPI,Bank_B,1,2,NETWORK_ERROR,FAILED,69.65,MEDIUM,Retry after a short delay or use another payment method.
16231,UPI,Bank_B,1,2,NONE,FAILED,28.66,LOW,Continue payment normally.
17474,NET_BANKING,Bank_B,0,1,NONE,FAILED,17.15,LOW,Continue payment normally.
19536,UPI,Bank_B,0,1,NONE,SUCCESS,14.59,LOW,Continue payment normally.
19727,CARD,Bank_C,0,1,NONE,SUCCESS,27.03,LOW,Continue payment normally.
14973,UPI,Bank_D,2,3,NONE,FAILED,63.33,MEDIUM,"Continue payment, but offer an alternate payment method if it fails."
8870,NET_BANKING,Bank_A,0,1,NONE,SUCCESS,14.29,LOW,Continue payment normally.
19869,UPI,Bank_B,0,1,NETWORK_ERROR,FAILED,44.36,MEDIUM,Retry after a short delay or use another payment method.
13447,CARD,Bank_A,0,1,NONE,SUCCESS,19.5,LOW,Continue payment normally.
5795,UPI,Bank_B,0,1,NONE,SUCCESS,13.77,LOW,Continue payment normally.
17132,NET_BANKING,Bank_B,3,4,AUTH_ERROR,FAILED,96.27,HIGH,Complete authentication and retry the payment.
3424,UPI,Bank_C,0,1,NONE,SUCCESS,18.93,LOW,Continue payment normally.
13034,UPI,Bank_D,1,2,NONE,SUCCESS,41.63,MEDIUM,"Continue payment, but offer an alternate payment method if it fails."
12941,CARD,Bank_C,0,1,CARD_DECLINED,FAILED,56.11,MEDIUM,Try UPI or Net Banking instead of the card.
9098,UPI,Bank_D,0,1,NONE,SUCCESS,17.82,LOW,Continue payment normally.
3448,CARD,Bank_B,0,1,CARD_DECLINED,SUCCESS,45.88,MEDIUM,Try UPI or Net Banking instead of the card.
6176,CARD,Bank_A,0,1,CARD_DECLINED,SUCCESS,40.4,MEDIUM,Try UPI or Net Banking instead of the card.
17019,UPI,Bank_B,0,1,NONE,FAILED,15.41,LOW,Continue payment normally.
19274,CARD,Bank_C,0,1,NONE,SUCCESS,28.82,LOW,Continue payment normally.
4379,CARD,Bank_A,0,1,NONE,SUCCESS,16.76,LOW,Continue payment normally.
19090,NET_BANKING,Bank_B,0,1,NONE,SUCCESS,16.52,LOW,Continue payment normally.
7546,UPI,Bank_B,0,1,NONE,SUCCESS,13.27,LOW,Continue payment normally.
6641,UPI,Bank_C,1,2,NONE,SUCCESS,45.94,MEDIUM,"Continue payment, but offer an alternate payment method if it fails."
19581,CARD,Bank_A,0,1,NETWORK_ERROR,SUCCESS,44.24,MEDIUM,Retry after a short delay or use another payment method.
5535,NET_BANKING,Bank_A,0,1,NETWORK_ERROR,SUCCESS,36.37,MEDIUM,Retry after a short delay or use another payment method.
16236,UPI,Bank_C,2,3,BANK_ERROR,FAILED,88.85,HIGH,Try another bank or payment method.
7593,UPI,Bank_A,0,1,NONE,SUCCESS,14.74,LOW,Continue payment normally.
1234,UPI,Bank_A,3,4,NETWORK_ERROR,FAILED,94.81,HIGH,Retry after a short delay or use another payment method.
8061,UPI,Bank_A,0,1,BANK_ERROR,FAILED,39.61,MEDIUM,Try another bank or payment method.
11258,CARD,Bank_A,0,1,NONE,SUCCESS,18.62,LOW,Continue payment normally.
11410,UPI,Bank_A,0,1,NONE,SUCCESS,11.67,LOW,Continue payment normally.
2630,UPI,Bank_D,0,1,NONE,SUCCESS,17.65,LOW,Continue payment normally.
12743,UPI,Bank_C,0,1,NONE,SUCCESS,18.68,LOW,Continue payment normally.
13165,UPI,Bank_C,0,1,BANK_ERROR,SUCCESS,51.26,MEDIUM,Try another bank or payment method.
19322,UPI,Bank_B,0,1,NONE,SUCCESS,14.56,LOW,Continue payment normally.
8166,CARD,Bank_B,0,1,NONE,SUCCESS,15.92,LOW,Continue payment normally.
18225,CARD,Bank_B,1,2,AUTH_ERROR,FAILED,72.4,HIGH,Complete authentication and retry the payment.
9619,CARD,Bank_B,0,1,NONE,SUCCESS,14.52,LOW,Continue payment normally.
714,UPI,Bank_B,1,2,NONE,SUCCESS,31.4,MEDIUM,"Continue payment, but offer an alternate payment method if it fails."
19009,CARD,Bank_B,0,1,NONE,SUCCESS,16.61,LOW,Continue payment normally.
4429,NET_BANKING,Bank_D,2,3,NONE,FAILED,66.49,MEDIUM,"Continue payment, but offer an alternate payment method if it fails."
17397,UPI,Bank_B,0,1,NONE,SUCCESS,15.9,LOW,Continue payment normally.
6952,CARD,Bank_D,0,1,NONE,SUCCESS,17.27,LOW,Continue payment normally.
7281,UPI,Bank_B,0,1,NONE,SUCCESS,14.95,LOW,Continue payment normally.
9026,NET_BANKING,Bank_D,0,1,NONE,FAILED,18.7,LOW,Continue payment normally.
8733,UPI,Bank_C,0,1,NONE,FAILED,22.26,LOW,Continue payment normally.
672,UPI,Bank_B,2,3,NETWORK_ERROR,FAILED,83.86,HIGH,Retry after a short delay or use another payment method.
17677,CARD,Bank_D,0,1,NONE,SUCCESS,22.78,LOW,Continue payment normally.
1817,NET_BANKING,Bank_A,0,1,BANK_ERROR,SUCCESS,33.1,MEDIUM,Try another bank or payment method.
4887,UPI,Bank_B,0,1,NONE,SUCCESS,13.83,LOW,Continue payment normally.
4070,UPI,Bank_A,0,1,NONE,SUCCESS,14.05,LOW,Continue payment normally.
11804,CARD,Bank_A,0,1,NONE,SUCCESS,16.45,LOW,Continue payment normally.
7224,UPI,Bank_C,0,1,AUTH_ERROR,SUCCESS,50.11,MEDIUM,Complete authentication and retry the payment.
8807,CARD,Bank_D,2,3,CARD_DECLINED,FAILED,89.32,HIGH,Try UPI or Net Banking instead of the card.
19473,CARD,Bank_B,3,4,NETWORK_ERROR,FAILED,94.81,HIGH,Retry after a short delay or use another payment method.
14367,CARD,Bank_A,0,1,NONE,SUCCESS,18.0,LOW,Continue payment normally.
2689,CARD,Bank_B,0,1,NONE,SUCCESS,15.28,LOW,Continue payment normally.
8533,NET_BANKING,Bank_A,0,1,NONE,SUCCESS,17.6,LOW,Continue payment normally.
1808,UPI,Bank_B,0,1,BANK_ERROR,SUCCESS,42.49,MEDIUM,Try another bank or payment method.
17432,UPI,Bank_A,0,1,NONE,SUCCESS,16.69,LOW,Continue payment normally.
14720,UPI,Bank_B,2,3,BANK_ERROR,FAILED,87.18,HIGH,Try another bank or payment method.
5241,CARD,Bank_C,0,1,NONE,FAILED,27.68,LOW,Continue payment normally.
16782,UPI,Bank_B,0,1,NONE,SUCCESS,17.08,LOW,Continue payment normally.
16876,UPI,Bank_D,0,1,NONE,SUCCESS,18.5,LOW,Continue payment normally.
1250,UPI,Bank_B,0,1,NONE,SUCCESS,14.45,LOW,Continue payment normally.
9724,NET_BANKING,Bank_B,0,1,NETWORK_ERROR,FAILED,46.78,MEDIUM,Retry after a short delay or use another payment method.
6019,CARD,Bank_B,2,3,CARD_DECLINED,FAILED,88.54,HIGH,Try UPI or Net Banking instead of the card.
9054,CARD,Bank_C,0,1,NONE,SUCCESS,22.64,LOW,Continue payment normally.
10919,UPI,Bank_D,3,4,BANK_ERROR,SUCCESS,95.41,HIGH,Try another bank or payment method.
4295,UPI,Bank_B,0,1,BANK_ERROR,SUCCESS,33.94,MEDIUM,Try another bank or payment method.
4637,UPI,Bank_B,0,1,NONE,SUCCESS,13.98,LOW,Continue payment normally.
800,NET_BANKING,Bank_C,1,2,BANK_ERROR,SUCCESS,76.61,HIGH,Try another bank or payment method.
7145,UPI,Bank_D,0,1,NONE,SUCCESS,21.15,LOW,Continue payment normally.
16251,CARD,Bank_D,0,1,CARD_DECLINED,FAILED,52.78,MEDIUM,Try UPI or Net Banking instead of the card.
11828,CARD,Bank_A,0,1,NONE,SUCCESS,20.46,LOW,Continue payment normally.
522,UPI,Bank_A,1,2,BANK_ERROR,SUCCESS,60.55,MEDIUM,Try another bank or payment method.
5550,UPI,Bank_C,0,1,NETWORK_ERROR,FAILED,53.85,MEDIUM,Retry after a short delay or use another payment method.
9208,UPI,Bank_B,0,1,NONE,SUCCESS,10.69,LOW,Continue payment normally.
12746,UPI,Bank_B,0,1,NONE,SUCCESS,14.77,LOW,Continue payment normally.
13495,NET_BANKING,Bank_B,1,2,NONE,FAILED,36.81,MEDIUM,"Continue payment, but offer an alternate payment method if it fails."
9840,UPI,Bank_A,1,2,NONE,SUCCESS,35.44,MEDIUM,"Continue payment, but offer an alternate payment method if it fails."
14650,CARD,Bank_C,0,1,NONE,FAILED,25.84,LOW,Continue payment normally.
2124,UPI,Bank_A,0,1,NONE,SUCCESS,13.77,LOW,Continue payment normally.
16223,CARD,Bank_D,0,1,NONE,SUCCESS,21.39,LOW,Continue payment normally.
15262,UPI,Bank_D,0,1,NONE,SUCCESS,17.73,LOW,Continue payment normally.
9499,CARD,Bank_B,0,1,NONE,SUCCESS,17.24,LOW,Continue payment normally.
14582,CARD,Bank_B,0,1,NONE,SUCCESS,18.8,LOW,Continue payment normally.
3002,CARD,Bank_A,3,4,AUTH_ERROR,SUCCESS,94.85,HIGH,Complete authentication and retry the payment.
14354,UPI,Bank_C,1,2,NONE,SUCCESS,43.17,MEDIUM,"Continue payment, but offer an alternate payment method if it fails."
866,UPI,Bank_B,0,1,NONE,SUCCESS,10.49,LOW,Continue payment normally.
9950,UPI,Bank_B,0,1,NONE,SUCCESS,13.98,LOW,Continue payment normally.
2041,NET_BANKING,Bank_C,0,1,BANK_ERROR,FAILED,47.88,MEDIUM,Try another bank or payment method.
1673,CARD,Bank_B,2,3,AUTH_ERROR,FAILED,87.51,HIGH,Complete authentication and retry the payment.
18508,UPI,Bank_D,0,1,NONE,SUCCESS,23.77,LOW,Continue payment normally.
2176,UPI,Bank_B,0,1,NETWORK_ERROR,FAILED,41.22,MEDIUM,Retry after a short delay or use another payment method.
5583,UPI,Bank_B,2,3,NONE,FAILED,59.59,MEDIUM,"Continue payment, but offer an alternate payment method if it fails."
9118,UPI,Bank_A,2,3,BANK_ERROR,FAILED,83.78,HIGH,Try another bank or payment method.
2036,UPI,Bank_B,0,1,NETWORK_ERROR,SUCCESS,43.84,MEDIUM,Retry after a short delay or use another payment method.
18104,CARD,Bank_D,0,1,NONE,SUCCESS,21.49,LOW,Continue payment normally.
3423,NET_BANKING,Bank_D,0,1,NONE,SUCCESS,18.16,LOW,Continue payment normally.
14689,NET_BANKING,Bank_A,0,1,NONE,SUCCESS,15.37,LOW,Continue payment normally.
2212,CARD,Bank_B,0,1,NONE,SUCCESS,13.47,LOW,Continue payment normally.
353,UPI,Bank_A,0,1,NONE,SUCCESS,14.46,LOW,Continue payment normally.
17354,CARD,Bank_C,2,3,CARD_DECLINED,FAILED,90.64,HIGH,Try UPI or Net Banking instead of the card.
8175,UPI,Bank_A,0,1,BANK_ERROR,FAILED,37.78,MEDIUM,Try another bank or payment method.
